pmid,title,authors,journal,pub_date,pub_year,doi,abstract,mesh_terms,pub_type,likely_relevant
42128174,Andes hantavirus outbreak on a cruise ship - an ESCMID Emerging Infections Subcommittee (EIS) rapid assessment.,Mora-Rillo M; Gupta N; Gkrania-Klotsas E; Drexler JF; Jokelainen P et al.,Clinical microbiology and infection : the official publication of the European Society of Clinical Microbiology and Infectious Diseases,2026-May,2026,10.1016/j.cmi.2026.05.016,,,Journal Article,yes
42120482,Cruise-ship hantavirus cluster exposes a wider preparedness gap.,López-Camacho C,Nature,2026-May,2026,10.1038/d41586-026-01518-4,,,News,no
42114896,Hantavirus: French and US nationals test positive as cruise ship docks in Canary Islands.,Lang K,BMJ (Clinical research ed.),2026-May,2026,10.1136/bmj.s916,,,Journal Article,yes
42110237,"""Navigating Healthy Waters"": monitoring ship wastewater as a key defense against infectious diseases-a pilot study on a Mediterranean seaport.",Federigi I; Zotti N; Pellegrini M; Verani M; Pagani A et al.,Frontiers in public health,2026,2026,10.3389/fpubh.2026.1786232,"Wastewater-based surveillance represents a non-invasive approach to monitor pathogen circulation, but data on cruise ships are scarce, although this enclosed environment is prone to infectious diseases spreading. We conducted a pilot study in a Mediterranean seaport (Italy) between July and October 2024, combining wastewater monitoring with onboard clinical surveillance. Twenty wastewater samples (10 untreated and 10 treated) were collected from 10 cruise ships. Viral detection targeted 10 human respiratory and gastrointestinal viruses. Bacterial and viral indicators (total coliform, Escherichia coli, intestinal enterococci, and somatic coliphages) were analyzed to evaluate wastewater treatment performance. Aggregated clinical data were extracted from medical reports and categorized using ICD-10 codes for symptoms of likely infectious viral origin. Norovirus genogroup II was consistently detected in untreated sewage (100%), followed by SARS-CoV-2 (60%), human adenovirus (30%), enterovirus, rotavirus, and hepatitis E virus (10-20%). Viral loads decreased in treated samples, although wastewater treatment efficiency varied widely among vessels: some ships exhibited a logarithmic abatement of less than 2 log10 units, with effluents showing microbiological concentrations above the thermotolerant coliform benchmark established for sewage treatment plant certification by the International Maritime Organization (IMO) guidelines. Clinical surveillance recorded more respiratory than gastrointestinal cases, with COVID-19 and influenza confirmed in several arrivals. The integration of environmental and clinical data provided complementary insights, particularly for SARS-CoV-2 detection in wastewater, which occurred in around 85% of ship arrivals with clinically diagnosed COVID-19 cases. These findings demonstrate that wastewater monitoring can complement clinical surveillance on cruise ships, by offering information on viral circulation. The variability observed in treatment efficacy underscores the need for harmonized standards and supports the inclusion of wastewater monitoring in maritime preparedness and resilience strategies to strengthen public health security against emerging infectious threats and enhance system adaptability to future outbreaks.",Pilot Projects; Humans; Wastewater; Ships; Mediterranean Sea; Italy; Sewage; Environmental Monitoring; COVID-19; SARS-CoV-2; Communicable Diseases,Journal Article,yes
42107872,"When Rare Zoonoses Travel: Andes virus, Hantavirus Cardiopulmonary Syndrome, and the Preparedness Gap.",Velavan TP; Schmidt-Chanasit J,International journal of infectious diseases : IJID : official publication of the International Society for Infectious Diseases,2026-May,2026,10.1016/j.ijid.2026.108778,"The perspective discusses how the suspected Andes virus (ANDV) associated hantavirus cluster on the expedition cruise ship MV Hondius illustrates a critical preparedness gap in managing rare zoonotic infections in mobile, closed, and medically constrained settings. Focusing on the reported multi-country cluster involving severe hantavirus cardiopulmonary syndrome, deaths, and international passenger dispersal, it highlights the associated diagnostic, clinical, and epidemiological challenges. The perspective also explains why ANDV is distinct among hantaviruses, including its documented potential for limited person-to-person transmission during close and prolonged contact, with insights into the virology and pathogenesis of ANDV. Additionally, it highlights ecological exposure hazards in Patagonia, rodent reservoirs, clinical progression, the necessity for laboratory confirmation, candidate severity biomarkers such as IL-6 and intestinal fatty acid-binding protein, and the lack of specific antiviral therapy. Furthermore, it discusses risk factors, including European ethnicity and host genetic susceptibility linked to αVβ3 integrin variation. Overall, this perspective argues that expedition travel, maritime medicine, One Health surveillance and outbreak preparedness must be better integrated in order to detect, investigate and manage rare but high-consequence zoonotic infections before they escalate into international public health events.",,Journal Article,yes
42107514,Lethal Hantavirus at Sea: Infectious Disease Outbreaks on Cruise Ships and Limits of Preparedness.,Zumla A; McCloskey B; Ippolito G; Traore T; Azhar EI et al.,Travel medicine and infectious disease,2026-May,2026,10.1016/j.tmaid.2026.102989,,,Editorial,yes
42091168,Hantavirus: Three dead in cruise ship outbreak as authorities investigate human-to-human transmission.,Taylor L,BMJ (Clinical research ed.),2026-May,2026,10.1136/bmj.s875,,,Journal Article,yes
42082807,Hantavirus crops up on a cruise ship - what scientists are watching.,Basu M; Fieldhouse R,Nature,2026-May,2026,10.1038/d41586-026-01450-7,,,News,yes
41831553,Passive wastewater surveillance of viral pathogens on cruise ships as a powerful tool for public health protection.,Zafeiriadou A; Georgakopoulou G; Gerokonstantis TD; Kostakis M; Papamichalis S et al.,"Environmental pollution (Barking, Essex : 1987)",2026-May,2026,10.1016/j.envpol.2026.127953,"Wastewater-based epidemiology (WBE) provides a powerful, non-invasive tool for monitoring infectious diseases at the population level. While it has been widely implemented in urban settings, its application in mobile, confined, and operationally complex environments remains limited. Cruise ships are a major global travel sector, carrying tens of millions of passengers annually and can act as hubs for rapid viral transmission and transboundary spread, due to high population density, shared facilities, and continuous passenger interaction. Early detection of viral pathogens in such settings is critical for preventing widespread outbreaks. We conducted a four-day study on a passenger cruise ship, comparing passive and composite wastewater sampling approaches. Samples collected from multiple blackwater tanks were analyzed for eight clinically relevant viruses (SARS-CoV-2, IAV, IBV, RSV, HAV, HEV, NoV-GII, and AdV F40/41) using RT-qPCR and RT-ddPCR. SARS-CoV-2, IAV, and NoV-GII were consistently detected in both sampling types. Passive samplers yielded lower viral loads and detection frequencies for SARS-CoV-2 and IAV, but captured similar temporal trends to composite samples. For NoV-GII, performance between the two approaches was comparable, reflecting its high shedding levels. A strong positive correlation was observed between methods for SARS-CoV-2 detection dynamics (r = 0.99, p = 0.010). Passive sampling represents a cost-effective, operationally simple strategy for WBE on cruise ships. Its ability to reliably detect trends highlights its potential for early-warning surveillance in high-mobility environments, strengthening outbreak preparedness and supporting public health protection in globally connected travel networks.",Wastewater; Ships; SARS-CoV-2; Public Health; Environmental Monitoring; Humans; Viruses; COVID-19; Wastewater-Based Epidemiological Monitoring,Journal Article,yes
41576592,Seabird responses to altered marine vessel activity during the COVID-19 anthropause: insights from citizen science.,Hart KA; Drever M; O'Hagan G; Schrimpf MB; Smallshaw L et al.,The Science of the total environment,2026-Feb,2026,10.1016/j.scitotenv.2026.181456,"Human activities exert multifaceted pressures on marine ecosystems, yet the degree to which seabirds respond to changes in vessel activity remains poorly quantified. The COVID-19 ""anthropause"" provided an unprecedented natural experiment to assess these responses across spatial and temporal scales. We combined Automatic Identification System data describing marine vessel activity with citizen-science observations from eBird to examine how 35 coastal seabird species in British Columbia, Canada, responded to pandemic-related changes in vessel traffic. Vessel activity was modelled using Generalized Additive Models to identify sites where small (personal), mid-sized (fishing and tug), and large (cargo, tanker and passenger) vessel traffic increased or decreased relative to pre-pandemic years (2018-2019). Seabird abundance was then modelled using negative binomial Generalized Additive Mixed Models to test for species-level changes between pre- and post-COVID periods, using the same sites identified in the previous step as showing significant increases or decreases in vessel activity. This paired-model approach (one for increase sites and one for decrease sites) allowed us to isolate seabird responses to directional changes in vessel activity, increasing confidence that observed patterns reflected vessel effects rather than unrelated environmental variation. Results revealed strong spatial heterogeneity in vessel reductions, with large vessels showing widespread declines, while small and mid-sized vessels displayed mixed patterns. Seabird responses were closely linked to these patterns: abundance generally increased where small-vessel traffic declined and decreased where it increased, indicating a negative association with small boats, while the opposite was true for mid-sized vessels, with abundance tending to rise where traffic increased and fall where it declined, reflecting a positive association. Large vessels produced few, mostly positive, significant associations, suggesting weaker or more distant effects. Collectively, these results demonstrate that vessel type, predictability, and proximity influence seabird responses to maritime disturbance. Our findings underscore the importance of considering vessel class and species-specific behaviour in marine spatial planning and mitigation of human impacts on seabird communities.",Animals; COVID-19; Ships; British Columbia; Citizen Science; Birds; SARS-CoV-2; Ecosystem; Humans,Journal Article,no
41557813,Real-time spatiotemporal tracking of infectious outbreaks in confined environments with a host-pathogen agent-based system.,Srinivasan S; King J; Collins JM; Colubri A; Korkin D,Proceedings of the National Academy of Sciences of the United States of America,2026-Jan,2026,10.1073/pnas.2422574123,"Deadly infection outbreaks in confined spaces, whether it is a COVID-19 outbreak on a cruise ship or measles and stomach flu outbreaks in schools, can be characterized by their rapid spread due to the abundance of common spaces, shared airways, and high population density. Preventing future outbreaks and developing efficient mitigation protocols can benefit from advanced computational modeling approaches. Here, we developed an agent-based modeling approach to study the spatiotemporal dynamics of an infection outbreak in a confined environment caused by a specific pathogen, and to determine effective containment protocols. The approach integrates the 3D geographic information system of a confined environment, behavior of the hosts, key biological parameters about the pathogen obtained from the experimental data, and the general mechanics of host-pathogen and pathogen-fomite interactions. To assess our approach, we applied it to the historical data of infectious outbreaks caused by norovirus, H1N1 influenza A, and SARS-CoV-2 viruses. Our AI-GIS Infection Dynamics (AGID) model accurately predicted daily infection numbers, correctly identified the day when the CDC vessel sanitation protocol would be triggered, singled out key biological parameters affecting the infection spread, and propose pathogen-specific changes to existing containment protocols. Our work advances the understanding of infection spread on cruise ships while offering insights applicable to other similar confined settings, such as nursing homes, schools, and hospitals. By providing a robust framework for real-time outbreak modeling, this study proposes more effective containment protocols and enhances our preparedness for managing infectious diseases and emerging pathogens in confined environments.","Humans; COVID-19; Disease Outbreaks; SARS-CoV-2; Spatio-Temporal Analysis; Influenza A Virus, H1N1 Subtype; Host-Pathogen Interactions; Influenza, Human; Pandemics; Norovirus; Geographic Information Systems; Caliciviridae Infections; Betacoronavirus; Coronavirus Infections",Journal Article,yes
41394322,IMPROVING HAND HYGIENE IN CRUISE SHIP: AN INTERVENTION STUDY.,Bansaghi S; Klein J,Open research Europe,2025,2025,10.12688/openreseurope.20172.3,"Cruise ships are relatively small, crowded spaces where many people travel in a new environment, making infection control especially important. Proper hand hygiene is the first line of defense against the spread of infection. This study aimed to measure the effectiveness of different hand hygiene improvement measures onboard. The study took place on the Celestyal Olympia, a medium-sized cruise ship. Our intervention study had four arms: first, baseline parameters were measured. Then, three different interventions were implemented-surface disinfection with antimicrobial spray, behavioral change through hand hygiene monitoring, and training. Each person onboard used on average 7.6 soap doses and 1.6 hand-rub doses per day, indicating suboptimal hand hygiene frequency. Surface disinfection sprays were not proven to effectively reduce microbial loads on surfaces. Staff members missed an average of 9.6% of hand surface during hand rubbing when hand hygiene was first monitored. Hand hygiene monitoring devices can only be effective if crew members can use them during their shifts. Designing hand hygiene training for crew members is challenging, as they have very limited preexisting knowledge of health sciences. Surface disinfection, technique monitoring, and passenger training did not improve hand hygiene in the forms applied in this study. Crew training improved theoretical knowledge, but we were not able to demonstrate any measurable behavioural change. There were some additional lessons from the study. Hand hygiene compliance is primarily determined by the setting-the placement of dispensers and whether passengers are reminded to use them. Language barriers are a limiting factor that should be considered when planning communication strategies for both crew and passengers. On cruise ships, hand hygiene is often associated with food hygiene. While there are clear recommendations in that area, there is a lack of guidelines on how to improve passengers' hand hygiene. Some passengers have strong opinions about hand hygiene-either positive or negative-but they are a minority. The majority of passengers are not interested on hand hygiene; they perform it when the setting is optimal but otherwise skip it. Clear recommendations are needed to establish an environment that effectively promotes hand hygiene.",,Journal Article,yes
41353832,Exhaled CO2 and aerosol dispersion on a cruise ship: Airflow and infection risk insights.,Hama S; Kumar P; Cheung HYW; Emygdio APM; Ewer J et al.,The Science of the total environment,2026-Jan,2026,10.1016/j.scitotenv.2025.181112,"Understanding airborne pathogen transmission in cruise ship environments remains a critical challenge due to the confined nature of indoor spaces, high occupancy, and limited access for real-world experimentation. This study addresses the gap in empirical data on particulate matter and CO2 dynamics aboard operational cruise ships, providing a high-resolution dataset that can be used for the validation of Computational Fluid Dynamics (CFD) models and informing infection probability risk assessments. An experimental trial was designed for two mechanically ventilated cruise ship rooms (R01, R02), instrumented at ten locations under eight ventilation scenarios: R01 with 100 % (S1a) and 50 % (S1b) design flow rates; R02 with 100 % (S2a), 50 % (S2b) and 10 % (S2c) design flow rates; R01 with high aerosol rate and 50 % flow rate (S3); and R01 with an air purifier at maximum (S4a, 1300 m3 h-1) and minimum (S4b, 422 m3 h-1) clean air delivery rate (CADR). A live UK-EU cruise hosted the experimental trial. Particulate matter and CO2 concentration, temperature and relative humidity were collected using portable sensors to build a unique dataset to validate subsequent computational modelling of aerosol dispersion, infection probability and transmission prevention, mitigation and management (PMM) approaches in arbitrary passenger ship spaces. As expected, PM and CO2 were markedly reduced under 100 % design flow ventilation compared with 50 %. Maximum PM2.5 reductions were 84 % during background, 29 % in build-up, and 72 % in decay experimental phases. An air purifier further reduced particulate matter, with peak PM reductions of 57 % (PM10), 48 % (PM2.5), and 45 % (PM1). These findings offer practical guidance for optimising air quality management strategies in cruise ships and other high-occupancy spaces, besides providing a crucial high-resolution dataset for validating numerical modelling. Moreover, this study provides valuable insights into mechanically ventilated shipboard airflow behaviour.",Ships; Aerosols; Carbon Dioxide; Ventilation; Particulate Matter; Humans; Air Microbiology; Air Pollutants; Air Movements; Exhalation,Journal Article,yes
41288311,"Travel After Transplant: Demographics, Travel Trends, and Vaccination Practices of US Immunocompromised Travelers.",Rolfe RJ; Rao SR; Oliver E; Thwing J; Ryan ET et al.,Transplantation,2026-Apr,2026,10.1097/TP.0000000000005580,"International travel by solid organ and stem cell transplant recipients is increasing. Their level of immunocompromise impacts the risk of illness related to travel and adds complexity to pretravel health preparation. We evaluated the demographics, travel trends, and vaccination practices at pretravel health consultations of immunocompromised posttransplant travelers (IPTTs) seen at 17 US clinical sites from January 2009 to December 2023. Travelers and providers completed an online structured questionnaire during the pretravel health consultation. For this analysis, we compared the demographics, travel itinerary, and vaccination practice of IPTTs with frequency-matched control travelers, using descriptive statistics. A total of 317 IPTTs and 3173 control travelers were included. Of the 317 IPTTs, 143 (45%) were women; the median age was 54 y (42-63). Visiting friends or relatives (16.4% versus 6.2%, P  < 0.001) and cruise ship travel (12.9% versus 8.0%, P  = 0.003) were more frequently reported among individuals with IPTTs than among controls. No IPTT received the measles-mumps-rubella vaccine; 1 IPTT received the yellow fever vaccine. This is the largest described cohort of IPTTs. Understanding travel patterns and vaccination practices in this higher-risk population is crucial to improving pretravel preparation and outcomes.",Humans; Female; Male; Immunocompromised Host; Middle Aged; Adult; Vaccination; Travel; United States; Organ Transplantation; Transplant Recipients; Surveys and Questionnaires; Risk Factors,Journal Article,yes
41265856,Examination of factors affecting SARS-CoV-2 transmission among healthcare workers following a large healthcare-associated outbreak of COVID-19 in North West Tasmania.,Sheel M; Talwar A; Smith KJ; Stephens N; Sheehan F et al.,Public health research & practice,2025-Dec,2025,10.1071/PU24030,"In March 2020, Australia experienced its first large COVID-19 outbreak in a healthcare setting when two persons who had returned from cruise ship travel were admitted to a hospital in North West Tasmania, leading to sustained severe acute respiratory syndrome coronavirus 2 (SARS-CoV-2) transmission among healthcare workers (HCWs) in this hospital and another hospital co-located in the same health precinct. We examined factors influencing SARS-CoV-2 transmission in these hospitals to inform policies and practices that could reduce the risk of future outbreaks. Using the results of a survey and SARS-CoV-2 testing of HCWs who attended work at one or both hospitals during the exposure period (20 March to 13 April 2020), we assessed the association of demographic variables, work-related variables, and the average score for each of three infection prevention and control (IPC) measures (hand hygiene, personal protective equipment [PPE] donning and doffing, and personal distancing) with being a COVID-19 case using logistic regression. Of the 1779 HCWs invited to participate in the survey, 410 responded, of which 125 met the inclusion criteria for our analysis. On multivariable regression analysis, HCWs who were aged 31-50 years (odds ratio [OR] = 0.12 [95% confidence interval (CI): 0.03, 0.48]) or 51+ years (OR = 0.17 [95% CI: 0.04, 0.68]) had significantly lower odds of being a COVID-19 case when compared with HCWs who were aged 30 years or less, whereas those who worked part time (OR = 0.29 [95% CI: 0.08, 0.91]) had significantly lower odds of being a COVID-19 case when compared with HCWs who worked full time. HCWs having direct care of a COVID-19-positive patient (OR = 5.42 [95% CI: 1.65, 20.8]) had significantly higher odds of being a COVID-19 case when compared with HCWs without direct care of a COVID-19-positive patient. The IPC measures showed no significant association with COVID-19 case status. Our study identified important associations between COVID-19 acquisition and age, work frequency, and direct contact with COVID-19 patients. However, the small sample size of IPC measures meant our study was inadequately powered to determine the significance of these associations with COVID-19 acquisition.","Humans; COVID-19; Tasmania; Male; Adult; Female; Health Personnel; Middle Aged; SARS-CoV-2; Disease Outbreaks; Personal Protective Equipment; Infection Control; Surveys and Questionnaires; Infectious Disease Transmission, Patient-to-Professional",Journal Article,yes
40796064,Preventing SARS-CoV-2 superspreading events with antiviral intranasal sprays.,Booth G; Hadjichrysanthou C; Rice KL; Frallicciardi J; Magyarics Z et al.,Journal of theoretical biology,2025-Dec,2025,10.1016/j.jtbi.2025.112237,"Superspreading events are known to disproportionally contribute to onwards transmission of epidemic and pandemic viruses. Preventing infections in a small number of high-transmission settings is therefore an attractive public health goal. We use deterministic and stochastic mathematical modelling to quantify the impact of intranasal sprays in containing outbreaks at a confirmed superspreading event (the 2020 SARS-CoV-2 outbreak at the Diamond Princess cruise ship) and a conference event that led to extensive transmission. In the Diamond Princess cruise ship case study, there exists a 7-14-day window of opportunity for widespread prophylactic intranasal spray usage to significantly impact the number of infections averted. Given an immediate response to a known SARS-CoV-2 outbreak, alongside testing and social distancing measures, prophylactic efficacy and coverage greater than 65% could reduce the average number of infections by over 90%. In the conference case study, in the absence of additional public health interventions, analyses suggest much higher prophylactic efficacy and coverage is required to achieve a similar outcome on a population level. However, prophylactic use can halve an individual's probability of being infected, and significantly reduce the probability of developing a severe infection. At a known potential superspreading event, early use of intranasal sprays can complement quarantining measures and significantly suppress a SARS-CoV-2 outbreak, even at suboptimal coverage. At a potential superspreading event of short duration, intranasal sprays can reduce individuals' risk of infection, but in the absence of other interventions, they cannot prevent all infections or all onwards community transmission. Where crowds are in close contact in closed spaces, respiratory viruses like coronavirus spread easily. At such events, superspreading may occur: one person transmitting the virus to many other event-goers, fuelling the epidemic or pandemic. We used mathematical modelling to predict whether antiviral nose sprays which act immediately can prevent such superspreading events. We found that early use of nose sprays can suppress a SARS-CoV-2 outbreak, even if not everybody is treated with the nose spray, as long as people are also tested and use social distancing if infected. At a conference where people do not quarantine, it is more difficult to prevent spreading of the virus altogether with nose sprays alone. However, at an individual level, people who take the nose spray have lower chance of getting infected with the virus.","Humans; COVID-19; Antiviral Agents; SARS-CoV-2; Nasal Sprays; Pandemics; Administration, Intranasal; Coronavirus Infections; Pneumonia, Viral; Models, Theoretical; Betacoronavirus; Stochastic Processes; Disease Outbreaks; Models, Biological",Journal Article,yes
40788110,"Most Common Causes of Death Among Travelers on Aircraft and Maritime Vessels and During Land-Border Crossings Reported to the Centers for Disease Control and Prevention, 2008-2022.",Preston LE; King J; Ortiz N; Alvarado-Ramy F; Brown C et al.,"Public health reports (Washington, D.C. : 1974)",2025,2025,10.1177/00333549251358657,"Historically, the most frequent cause of death reported to the Centers for Disease Control and Prevention (CDC) among travelers on conveyances has been cardiovascular disease, mirroring all-cause mortality in the US population. Infectious disease transmission, particularly during large-scale outbreaks, also poses a risk to travelers. To determine leading causes of death on conveyances and whether they were affected by the COVID-19 pandemic, we describe causes of death on conveyances reported to CDC from 2008 through 2022. We queried CDC's Port Health Activity Reporting System for traveler deaths on, or immediately after disembarking from, an aircraft or maritime vessel or during land-border crossings reported to CDC from July 1, 2008, through December 31, 2022. We examined data on cause of death, age, travel mode, and traveler type (passenger vs crew). We also calculated crude annual mortality rates for each conveyance type. To assess factors associated with deaths due to infectious diseases (vs deaths due to noninfectious conditions), we performed logistic regression. During the analysis period, 2910 deaths on conveyances were reported. Across all conveyances, the most common causes were cardiovascular- or pulmonary-related conditions (2116 of 2910; 73%) for each year except 2020, when COVID-19 was the most common. Crew (vs passengers) had significant associations with death due to infectious causes (vs noninfectious causes; adjusted odds ratio = 2.12; 95% CI, 1.32-3.40). Travelers with cardiovascular- or pulmonary-related conditions should consult their health care providers prior to international travel. All travelers should check travel recommendations such as those currently available on CDC travel pages. Public health authorities should consider population-based mitigation measures aimed at transmission risk reduction to limit morbidity and mortality during infectious disease outbreaks.","Humans; United States; Centers for Disease Control and Prevention, U.S.; Travel; Middle Aged; Male; Adult; Cause of Death; Female; COVID-19; Ships; Aged; Adolescent; Young Adult; Aircraft; Child; Cardiovascular Diseases; Child, Preschool",Journal Article,no
40622755,"Legionella sheltonii sp. nov., a novel species isolated on a cruise ship during routine monitoring.",Sauerborn Klobucar R; Kovačević M; Svetlicic E; Kasalo N; Vasari K et al.,International journal of systematic and evolutionary microbiology,2025-Jul,2025,10.1099/ijsem.0.006813,"Legionella-like isolates, HB10 and PATHC038T, were isolated from a cold water distribution system on a cruise ship in 2017. The strains have been characterized by employing discriminatory genome typing, matrix-assisted laser desorption/ionization time-of-flight MS technique, fatty acid profiling and biochemical tests, thus identifying a new species in the genus Legionella. Colonies displayed phenotypic characteristics typical of the family Legionellaceae, including a requirement for l-cysteine and testing catalase positive. Fatty acid methyl ester analysis showed that the predominant fatty acids detected in the studied strains are C16:0 iso, C16:1 ω7c, C16:0 and C15:0 anteiso. The obtained MIC values showed antimicrobial susceptibility to the antimicrobial drugs ciprofloxacin and erythromycin (0.8 and 2 µg ml-1, respectively). The bacteria were also Gram-negative, rod-shaped, grew aerobically on buffered charcoal yeast extract agar and weakly grew on glycine-vancomycin-polymyxin-cycloheximide media at 36 °C with the ability to autofluoresce a blue-white colour when placed under a long-wavelength UV light (365 nm). The whole-genome sequencing performed displayed a G+C content of 38.2 mol%. The digital DNA-DNA hybridization analysis demonstrated a separation from the phylogenetically most related Legionella cherrii, with 54.7% DNA-DNA relatedness. The identity percentage measured by average nucleotide identity between the PATHC038T strain and its respective closest species, L. cherrii, was 93.9%, also confirming the distinctiveness of the novel species. The 16S rRNA gene, mip and rpoB sequences showed a similarity of 98.7, 98.4 and 96.2%, respectively, with L. cherrii NCTC 11976T. Additionally, average amino acid identity and percentage of conserved proteins analyses further supported their classification as a novel species. The results obtained in this study confirm the status of an independent species. The name proposed for this species is Legionella sheltonii sp. nov. with PATHC038T (CCUG 76918T, ATCC TSD-370) as the type strain.","RNA, Ribosomal, 16S; Legionella; Fatty Acids; Phylogeny; Bacterial Typing Techniques; DNA, Bacterial; Anti-Bacterial Agents; Microbial Sensitivity Tests; Ships; Base Composition; Whole Genome Sequencing; Seawater; Nucleic Acid Hybridization; Genome, Bacterial; Sequence Analysis, DNA",Journal Article,yes
40568974,Mitigating norovirus spread on cruise ships: a model-based assessment of diagnostic timing and isolation.,De Bellis A; Bizzotto A; Anagnostopoulos L; Kourentis L; Marziano V et al.,Journal of travel medicine,2025-Nov,2025,10.1093/jtm/taaf059,"Acute gastroenteritis outbreaks caused by noroviruses are a common public health issue on cruise ships. Understanding the main drivers of sustained outbreaks is critical for evaluating the effectiveness of preventive interventions such as the isolation of infected individuals. We analysed a line-list of 121 cases from a norovirus outbreak on a cruise visiting Mediterranean ports (cumulative incidence among passengers 9.7%). We used a Bayesian inference model to reconstruct likely transmission chains, taking into account different transmission settings and the isolation of cases after diagnosis. We then calibrated a branching process model to simulate alternative isolation scenarios and estimate their effectiveness in reducing transmission. Reconstructed transmission chains revealed a high heterogeneity in individual transmission, with 57% [95% credible interval (CrI): 48-65%] of secondary cases caused by 10% of infected individuals (here termed 'superspreaders'). Superspreaders exhibited longer diagnostic delays (mean 83 hours, 95% CrI: 70-96 hours) compared to other infectors (mean 47 hours, 95% CrI: 44-50 hours) and a halved frequency of vomiting and diarrhoea episodes. The 72-hour isolation protocol implemented during the outbreak averted 71% of potential cases compared to a no-intervention scenario, halving the effective reproduction number from 9.8 (95% CrI of the mean: 7.1-12.7) to 4.9 (95% CrI: 3.0-7.1). Reducing diagnostic delays further reduced the effective reproduction number, resulting in lower case numbers and probability of sustained outbreaks. Timely diagnosis and isolation have a remarkable impact on norovirus containment on cruise ship outbreaks. Targeted information campaigns encouraging passengers to seek immediate medical assistance upon gastrointestinal symptoms can significantly improve outbreak management.",Humans; Caliciviridae Infections; Norovirus; Disease Outbreaks; Gastroenteritis; Ships; Travel; Bayes Theorem; Patient Isolation; Time Factors,"Journal Article; Research Support, Non-U.S. Gov't",yes
40531694,"Clade II Mpox Infections Among Cruise Ship Passengers and Crew Members - United States, 2024.",Ortiz N; Rodriguez LR; McPherson M; Pringle K; Rao AK et al.,MMWR. Morbidity and mortality weekly report,2025-Jun,2025,10.15585/mmwr.mm7422a1,"During the global clade II mpox outbreak, cases have disproportionately affected gay, bisexual, and other men who have sex with men (MSM). Cruise ship travel-associated mpox infections have not been previously described. During January 25-April 18, 2024, CDC was notified of eight mpox cases among cruise travelers on four ships: four among crew members and four among passengers. Seven cases were laboratory-confirmed as clade II Monkeypox virus. All exposure histories indicated male-to-male sexual contact. No patients were hospitalized, and none died. Crew members with mpox received their diagnoses on board and were isolated while infectious. Contacts were identified, monitored, and assessed for mpox postexposure prophylaxis (mpox vaccination). No crew members with mpox had been vaccinated against mpox. Passengers with mpox received their diagnoses after cruising on voyages marketed to gay and bisexual men, with symptom onset dates suggesting voyage exposures. For one cruise ship, two of the three reports of mpox among passengers were received after health departments were notified of potential cruise-associated exposures, and letters were sent to other passengers. Three of the four passengers with mpox had received 2 doses of JYNNEOS vaccine in 2022. Cruise lines should consider educating crew members on symptoms, risks, and preventive measures related to mpox and working with medical personnel to facilitate mpox vaccination as preexposure prophylaxis for eligible crew members. Cruise passengers who are eligible, predominantly MSM, should receive mpox vaccine before cruise travel. For cruise voyages marketed to gay and bisexual men, having mpox vaccine available on board would facilitate timely postexposure prophylaxis, if indicated; mpox prevention messaging and education before and during a voyage are also recommended.","Adult; Female; Humans; Male; Middle Aged; Young Adult; Disease Outbreaks; Homosexuality, Male; Post-Exposure Prophylaxis; Sexual and Gender Minorities; Ships; Travel; Travel-Related Illness; United States; Monkeypox virus; Mpox, Monkeypox",Journal Article,yes
40522022,"Public Health Response to COVID-19 Among Travelers Disembarked From the Grand Princess Cruise Ship, March 2020.",Chew Ng RA; Fonseca-Ford M; Friedman CR; Tardivel K; White S et al.,"Public health reports (Washington, D.C. : 1974)",2025,2025,10.1177/00333549251321762,"Cruise ship settings can facilitate transmission of respiratory infections. In March 2020, a COVID-19 outbreak occurred on the Grand Princess cruise ship. We describe the public health response, including a large-scale US federal quarantine intended to limit spread to communities not yet affected by COVID-19. All US residents and symptomatic people requiring hospitalization disembarked beginning on March 9 and were transported to designated US military bases for federal quarantine or to hospitals or alternate care sites for medical care. Foreign nationals remained on board (crew) or were repatriated (passengers). People under federal quarantine were monitored daily for symptoms and tested voluntarily for SARS-CoV-2 upon arrival, as tests became available, and if symptoms developed. Of 3582 travelers (passengers and crew) on board, 2013 (56%) went to military bases, 59 (2%) went to hospitals or alternate care sites, 419 (12%) were repatriated, and the remainder (crew) quarantined on board. Overall, 1144 travelers (32%) were tested for SARS-CoV-2; of those, 155 (14%) had a positive test result. Among 2013 US residents quarantined, 1054 (52%) were tested. Of those, 115 (11%) had a positive test result, 37 (32%) of whom were symptomatic at testing. Proportions tested across bases ranged from 28% to 89%; test positivity ranged from 10% to 16%. Of 31 travelers hospitalized, the median (IQR) stay was 4 (4-9) nights, and 9 (29%) travelers died of SARS-CoV-2 complications. The Grand Princess outbreak was the first confirmed COVID-19 outbreak on a cruise ship in US waters. Multiagency public health responses allowed for isolation and quarantine, potentially helping to slow transmission into US communities. Ensuring that cruise ships have plans for communicable disease control and mitigation helps protect passenger and crew well-being.",Humans; COVID-19; Ships; Quarantine; United States; Travel; Male; Adult; Female; Middle Aged; SARS-CoV-2; Public Health; Adolescent; Young Adult; Disease Outbreaks; Aged,Journal Article,yes
40462710,Estimating epidemic dynamics with genomic and time series data.,Zarebski AE; Zwaans A; Gutierrez B; du Plessis L; Pybus OG,"Journal of the Royal Society, Interface",2025-Jun,2025,10.1098/rsif.2024.0632,"Accurately estimating the prevalence and transmissibility of an infectious disease is an important task in genetic infectious disease epidemiology. However, generating accurate estimates of these quantities, that make use of both epidemic time series and pathogen genome sequence data, is a challenging problem. Phylogenetic birth-death processes are a popular choice for modelling the transmission of infectious diseases, but it is difficult to estimate the prevalence of infection with them. Here, we extended our approximate likelihood approach, which combines phylogenetic information from sampled pathogen genomes and epidemiological information from a time series of case counts, to estimate historical prevalence in addition to the effective reproduction number. We implement this new method in a BEAST2 package called Timtam. In a simulation study our approximation is seen to be well-calibrated and recovers the parameters of simulated data. To demonstrate how Timtam can be applied to real datasets, we carried out empirical analyses of data from two infectious disease outbreaks: the outbreak of SARS-CoV-2 onboard the Diamond Princess cruise ship in early 2020 and poliomyelitis in Tajikistan in 2010. In both cases we recover estimates consistent with previous analyses.","Humans; COVID-19; SARS-CoV-2; Phylogeny; Epidemics; Genome, Viral; Disease Outbreaks; Computer Simulation",Journal Article,yes
40380164,Practicing pharmacist education based on the experiences of medical support on the cruise ship Diamond Princess.,Kusakabe Y; Nakamura Y; Maruyama K,BMC medical education,2025-May,2025,10.1186/s12909-025-07291-8,"Passengers on the cruise ship Diamond Princess (DP), which departed Yokohama on 20 January 2020, were found to be infected with the new coronavirus after arrival in Hong Kong. Passengers and crew were not allowed to disembark, instead being quarantined on board; an onboard pandemic resulted. Many passengers were elderly and in need of medications; pharmacists and other professionals, including the author, were assigned to provide medical support (the author participated on two occasions). Many passengers were not Japanese nationals; those who required medicines not sold in Japan received analogs of medicines that are sold in Japan. Pharmacists were required to complete medication guidance documents (in English). The author considered that by using this experience as teaching material, pharmacy students would not only learn English but also become educated in terms of drug therapy. The author created an exercise for second-year students at Teikyo University in which they were required to provide real-world medical support. The educational effects were measured by analyzing the answers to questionnaires completed before and after the exercise and 'Impressions of the exercise' homework. Using real emergency events as a teaching tool enhanced students' motivation to learn English and pursue professional pharmacy education (the latter was scheduled to begin in earnest in the third year). At that time, the new coronavirus was poorly understood. The author's experiences taught students that medical workers are educated to offer care even when they are at risk of infection. Translation software (a form of artificial intelligence [AI]) was used to create medication guidance documents in English. The students learnt that if AI translations, i.e., medication guidance documents in English, were accepted at face value, they would be held responsible if the documents were in error. By both listening to the author's lecture on a real-world medical support situation and completing an assignment, students learned many things that are difficult to teach via lectures alone, including the dangers arising when using AI technology in clinical settings and the mindset of medical professionals.","Humans; COVID-19; Education, Pharmacy; Ships; Hong Kong; SARS-CoV-2; Students, Pharmacy",Journal Article,yes
39798295,Monitoring of indoor air quality at a large sailing cruise ship to assess ventilation performance and disease transmission risk.,Cheung HYW; Kumar P; Hama S; Emygdio APM; Wei Y et al.,The Science of the total environment,2025-Jan,2025,10.1016/j.scitotenv.2024.178286,"Large passenger ships are characterised as enclosed and crowded indoor spaces with frequent interactions between travellers, providing conditions that facilitate disease transmission. This study aims to provide an indoor ship CO2 dataset for inferring thermal comfort, ventilation and infectious disease transmission risk evaluation. Indoor air quality (IAQ) monitoring was conducted in nine environments (three cabins, buffet, gym, bar, restaurant, pub and theatre), on board a cruise ship voyaging across the UK and EU, with the study conducted in the framework of the EU HEALTHY SAILING project. CO2 concentrations, temperature and relative humidity (RH) were simultaneously monitored to investigate thermal characteristics and effectiveness of ventilation performance. Results show a slightly higher RH of 68.2 ± 5.3 % aboard compared to ASHRAE and ISO recommended targets, with temperature recorded at 22.3 ± 1.4 °C. Generally, good IAQ (<1000 ppm) was measured with CO2 mainly varying between 400 and 1200 ppm. The estimated air change rates (ACH) and ventilation rates (VR) implied sufficient ventilation was provided in most locations, and the theatre (VR: 86 L s-1 person-1) and cabins (VR: >20 L s-1 person-1) were highly over-ventilated. Dining areas including the pub and restaurant recorded high CO2 concentrations (>2000 ppm) potentially due to higher footfall (0.6 person m-2 and 0.4 person m-2) and limited ACH (2.3 h-1 and 0.8 h-1), indicating a potential risk of infection; these areas should be prioritised for improvement. The IAQ and probability of infection indicate there is an opportunity for energy saving by lowering hotel load for the theatre and cabins and achieving the minimum acceptable VR (10 L s-1 person-1) for occupants' comfort and disease control. Our study produced a first-time dataset from a sailing cruise ship's ventilated areas and provided evidence that can inform guidelines about the optimisation of ventilation operations in large passenger ships, contributing to respiratory health, infection control and energy efficiency aboard.","Air Pollution, Indoor; Ventilation; Ships; Humans; Environmental Monitoring; Carbon Dioxide; Risk Assessment; Communicable Diseases",Journal Article,yes
39515353,Public good or climate washing? A guideline for climate and health researchers considering funding from carbon-intensive industries.,Hoe C; Bunker A; Arnés-Sanz C; Rocklöv J; Wild K et al.,The Lancet. Planetary health,2024-Nov,2024,10.1016/S2542-5196(24)00231-6,"Should climate and health researchers accept funding from industries that profit from climate-damaging consumption? In this Personal View, we aim to ignite discussions on this key topic and to introduce a guideline to possibly help climate and health researchers grappling with this complex question. Drawing from existing tools focused on other public health issues and the conclusions of the 2023 Lancet Series on commercial determinants of health, we propose a guideline comprising six parts: meeting public health and climate goals; building credibility and trust; avoiding undue dependence on particular sources of funding; not inflating without good reason the public image of industry; embedding processes to ensure transparency and independence; and protecting the freedom to publish. We invite other climate and public health scientists to report their own experiences and provide feedback on this guideline.",Climate Change; Public Health; Humans; Industry; Carbon; Guidelines as Topic; Research Personnel,Journal Article; Review,no
39446669,"Two Outbreaks of Legionnaires Disease Associated with Outdoor Hot Tubs for Private Use - Two Cruise Ships, November 2022-July 2024.",Lee S; Edens C; Ritter T; Rodriguez LO; Tardivel K et al.,MMWR. Morbidity and mortality weekly report,2024-Oct,2024,10.15585/mmwr.mm7342a3,"Legionnaires disease is a serious pneumonia caused by Legionella bacteria. During November 2022-June 2024, CDC was notified of 12 cases of Legionnaires disease among travelers on two cruise ships; eight on cruise ship A and four on cruise ship B. CDC, in collaboration with the cruise lines, initiated investigations to ascertain the potential sources of on-board exposure after notification of the second potentially associated case for each ship. Epidemiologic data collected from patient interviews and environmental assessment and sampling results identified private hot tubs on selected cabin balconies as the most likely exposure source. To minimize Legionella growth, both cruise lines modified the operation and maintenance of these devices by removing the heating elements, draining water between uses, and increasing the frequency of hyperchlorination and cleaning. Hot tubs offer favorable conditions for Legionella growth and transmission when maintained and operated inadequately, regardless of location. Private hot tubs on cruise ships are not subject to the same maintenance requirements as are public hot tubs in common areas. Given the range of hot tub-type devices offered as amenities across the cruise industry, to reduce risk for Legionella growth and transmission, it is important for cruise ship water management program staff members to inventory and assess private balcony hot tubs and adapt public hot tub maintenance and operations protocols for use on private outdoor hot tubs.",Humans; Legionnaires' Disease; Disease Outbreaks; Ships; Middle Aged; Male; Adult; Female; Water Microbiology; Aged; Young Adult,Journal Article,yes
38880330,Evaluating infectious disease outbreak potential and mitigation effectiveness on cruise ships.,Mosleh R; Baky-Haskuee M; Ghasemi A; Grunnill M; Arino J et al.,Journal of theoretical biology,2024-Sep,2024,10.1016/j.jtbi.2024.111875,"The cruise ship sector is a major part of the tourism industry, and an estimated over 30 million passengers are transformed worldwide each year. Cruise ships bring diverse populations into proximity for many days, facilitating the transmission of respiratory illnesses. The objective of this study is to develop a modeling framework to inform the development of viable disease risk management policies and measures to control disease outbreaks on cruises. Our model, parameterized and calibrated using the data of the COVID-19 outbreak on the Diamond Princess cruise ship in 2020, is used to assess the impact of the mitigation measures such as mask wearing, vaccination, on-board and pre-traveling testing measures. Our results indicate mask wearing in public places as the cheapest and most affordable measure can drop the number of cumulative confirmed cases by almost 50%. This measure along with the vaccination by declining the number of the cumulative confirmed cases by more than 94% is the most effective measure to control outbreaks on cruises. According to our findings, outbreaks are more predominant in the passenger population than the crew members, however, the protection measures are more beneficial if they are applied by both crew members and passengers. Regarding the testing measure, pre-traveling testing is more functional than the on-board testing to control outbreaks on cruises.",Humans; Ships; COVID-19; Disease Outbreaks; Travel; SARS-CoV-2; Vaccination; Masks; Communicable Disease Control; Tourism,"Journal Article; Research Support, Non-U.S. Gov't",yes
38470290,The impact of the cruise ship Coral Princess on COVID-19 transmission in regional Western Australia in 2022.,Quigley AL; Kunasekaran M; Stone H; Honeyman D; Notaras A et al.,Journal of travel medicine,2025-Mar,2025,10.1093/jtm/taae044,,,Journal Article,yes
38468919,Using a bottom-up method to assess cruise ship activity impacts on emissions during 2019-2020 in China.,Chen Q; Lau YY; Kanrak M; Sun X; Zhang P et al.,Heliyon,2024-Mar,2024,10.1016/j.heliyon.2024.e27101,"COVID-19 has had a serious impact on the development of the global shipping industry, especially since the impact on the cruise tourism industry was unprecedented. This study took cruise ships sailing in China ECA, China Exclusive Economic Zone (EEZ), Yangtze River main line, and Xijiang River main line Chinese waters as an example to analyze the key changes in cruise ship emissions during the pandemic. Automatic identification system (AIS) data, vessel static data, and emission control regional data are used to conduct a comprehensive analysis of cruise ship emissions from multiple perspectives such as a port-to-regional comparison. As such, a vessel emission model (i.e., a bottom-up method) is constructed in this research for predicting China ECA and EEZ cruise ship emissions. Compared with 2019, the cruise activities sailing in China's Emission Control Area (ECA) are mainly at berth, and the emissions of cruise ships have dropped significantly, with SOx emissions reduced by 59.11%. In addition, this study also calculates the carbon emissions of China's regional cruises, supplementing China's cruise carbon pool. The research results suggest that cruise operators may improve fuel efficiency, decrease vessel speed, improve routing and scheduling, and enhance fleet management in order to further mitigate the negative effects of the cruise tourism industry on the marine environment.",,Journal Article,yes
38456215,"Systematic literature review and meta-analysis on preventing and controlling norovirus outbreaks on cruise ships, 1990 to 2020: calling for behaviour change strategies of travellers.",Mouchtouri VA; Simou E; Soteriades S; Rousou X; Kontouli KM et al.,Euro surveillance : bulletin Europeen sur les maladies transmissibles = European communicable disease bulletin,2024-Mar,2024,10.2807/1560-7917.ES.2024.29.10.2300345,"BackgroundOutbreaks of norovirus gastroenteritis aboard cruise ships may affect a large number of people, debilitate vulnerable travellers, disrupt vacations and cause economic losses to the cruise ship industry.AimWe aimed to identify risk factors for norovirus outbreaks on cruise ships and assess the effectiveness of prevention and control measures.MethodsWe conducted a systematic literature review searching PubMed and Scopus databases as well as grey literature for articles and reports describing norovirus outbreaks on cruise ships between 1990 and 2020. We also performed a meta-analysis of norovirus prevalence in passengers and crew members.ResultsData from 45 outbreaks on 26 cruise ships from 1990 to 2020 were identified in 13 articles and five reports, with a weighted average of prevalence (attack rate) for passengers of 7% (95% confidence interval (CI): 5.00-9.00) and for crew of 2% (95% CI: 0.00-3.00). Person-to-person was the most frequent mode of transmission in 35 of the 45 outbreaks (in 14 the only mode and in 21 as part of multiple transmission routes). Having an ill cabin mate (OR = 38.70; 95% CI: 13.51-110.86) was the most common risk factor. Six outbreak investigations reported poor hygiene, while four reported satisfactory hygiene in the cruise setting. Behavioural risk factors among travellers were investigated in three of the 13 studies.ConclusionsThe findings indicate a need for behavioural interventions to improve personal hygiene, symptom reporting and compliance with isolation measures, and for reconsidering current isolation policies where symptomatic and healthy individuals are isolated in the same cabin.",Humans; Ships; Gastroenteritis; Norovirus; Travel; Disease Outbreaks,Systematic Review; Meta-Analysis; Journal Article,yes
38304948,"Large outbreak of typhoid fever on a river cruise ship used as accommodation for asylum seekers, the Netherlands, 2022.",Ooms D; de Vries A; Koedijk FD; Generaal E; Friesema IH et al.,Euro surveillance : bulletin Europeen sur les maladies transmissibles = European communicable disease bulletin,2024-Feb,2024,10.2807/1560-7917.ES.2024.29.5.2300211,"On 6 April 2022, the Public Health Service of Kennemerland, the Netherlands, was notified about an outbreak of fever and abdominal complaints on a retired river cruise ship, used as shelter for asylum seekers. The diagnosis typhoid fever was confirmed on 7 April. An extensive outbreak investigation was performed. Within 47 days, 72 typhoid fever cases were identified among asylum seekers (n = 52) and staff (n = 20), of which 25 were hospitalised. All recovered after treatment. Consumption of food and tap water on the ship was associated with developing typhoid fever. The freshwater and wastewater tanks shared a common wall with severe corrosion and perforations, enabling wastewater to leak into the freshwater tank at high filling levels. Salmonella Typhi was cultured from the wastewater tank, matching the patient isolates. In the freshwater tank, Salmonella species DNA was detected by PCR, suggesting the presence of the bacterium and supporting the conclusion of contaminated freshwater as the probable source of the outbreak. Outbreaks of uncommon infections may occur if persons from endemic countries are accommodated in crowded conditions. Especially when accommodating migrants on ships, strict supervision on water quality and technical installations are indispensable to guarantee the health and safety of the residents.",Humans; Typhoid Fever; Ships; Rivers; Refugees; Netherlands; Wastewater; Salmonella typhi; Disease Outbreaks,Journal Article,yes
38175864,Estimates of early outbreak-specific SARS-CoV-2 epidemiological parameters from genomic data.,Vaughan TG; Scire J; Nadeau SA; Stadler T,Proceedings of the National Academy of Sciences of the United States of America,2024-Jan,2024,10.1073/pnas.2308125121,"We estimate the basic reproductive number and case counts for 15 distinct Severe acute respiratory syndrome coronavirus 2 (SARS-CoV-2) outbreaks, distributed across 11 populations (10 countries and one cruise ship), based solely on phylodynamic analyses of genomic data. Our results indicate that, prior to significant public health interventions, the reproductive numbers for 10 (out of 15) of these outbreaks are similar, with median posterior estimates ranging between 1.4 and 2.8. These estimates provide a view which is complementary to that provided by those based on traditional line listing data. The genomic-based view is arguably less susceptible to biases resulting from differences in testing protocols, testing intensity, and import of cases into the community of interest. In the analyses reported here, the genomic data primarily provide information regarding which samples belong to a particular outbreak. We observe that once these outbreaks are identified, the sampling dates carry the majority of the information regarding the reproductive number. Finally, we provide genome-based estimates of the cumulative number of infections for each outbreak. For 7 out of 11 of the populations studied, the number of confirmed cases is much bigger than the cumulative number of infections estimated from the sequence data, a possible explanation being the presence of unsequenced outbreaks in these populations.",Humans; SARS-CoV-2; COVID-19; Disease Outbreaks; Genomics; Ships,Journal Article,yes
38161834,The Epidemiology of Maritime Patients Requiring Medical Evacuation: A Literature Review.,Dillard JS; Maynard W; Kashyap R,Cureus,2023-Nov,2023,10.7759/cureus.49606,"This literature review aims to provide an analysis of the current trends in at-sea medical evacuations (medevacs), with the objective of providing insights to decision-makers to improve patient outcomes. Sixteen sources spanning diverse research methodologies were employed for data collection. The findings point to medical disease processes outweighing trauma and psychiatric conditions as the primary justifications for medical evacuations in the international maritime community. In particular, suspected cardiovascular pathologies emerge as the most prevalent grounds for recommended evacuations, underscoring the impact of their diagnosis and treatment in maritime healthcare scenarios. Enhancing the capabilities of on-site maritime healthcare providers to obtain cardiovascular diagnostic data to facilitate shoreside interpretation is proposed to mitigate the speculations inherent to long-distance medevac decisions. Furthermore, existing research indicates that sustaining a proactive approach focusing on pre-voyage health screenings for seafarers and passenger vessel patrons holds promise in minimizing the risk of emergency evacuations resulting from the exacerbation of chronic medical conditions. This review reveals that while a limited portion of the cruise ship industry possesses established tactical medevac data on crucial aspects of patient care (such as transportation delay, pre- and mid-transport level of care, and ultimate patient outcomes), there exists a dearth of equivalent informatio-n for comparable maritime communities. This knowledge gap necessitates further exploration and research to understand and address diverse seafaring populations' unique challenges. In conclusion, this literature review holistically examines the landscape of at-sea medical evacuation statistics. By assimilating the collective knowledge gleaned from internationally sourced data, this study underscores the urgent need for continued research, comprehensive data collection, and strategic interventions to optimize patient care, enhance tactical decision-making, and ultimately shape a more resilient and responsive healthcare network for maritime communities worldwide.",,Journal Article; Review,no
38111250,"Responses to the correspondence on ""COVID-19 on board a cruise ship: medical management"".",Beust L; Lucas D; Pougnet R; Loddé B,International maritime health,2023,2023,10.5603/imh.98374,,Humans; COVID-19; Ships; SARS-CoV-2; Travel; Disease Outbreaks,Journal Article; Comment,yes
38111249,"""COVID-19 on board a cruise ship: medical management"" - correspondence.",Kleebayoon A; Wiwanitkit V,International maritime health,2023,2023,10.5603/imh.96427,,Humans; COVID-19; Ships; SARS-CoV-2; Travel; Disease Outbreaks,Letter,yes
38111243,A SARS-CoV-2 Omicron outbreak among crew members on a cruise ship in Germany in early 2022.,Bühler S; Busch P; Wittkamp P; Alpers K; Doerre A et al.,International maritime health,2023,2023,10.5603/imh.96935,"Severe acute respiratory syndrome coronavirus 2 (SARS-CoV-2) outbreaks on cruise ships have rarely been investigated. In early 2022, we were informed about a SARS-CoV-2 outbreak on a cruise ship calling Port of Hamburg after 10 infections among crew members were detected. We conducted an outbreak investigation in collaboration between ship owners, the ship physician and Hamburg's Institute for Hygiene and Environment, to identify risk factors and to achieve containment. The aim was to identify risk factors for SARS-CoV-2 infection and SARS-CoV-2 variants in a cohort of 165 crew members. For this purpose, we collected data on age, sex, nationality, boarding-time, cabin use (single/shared), work place, and vaccination status of the study participants. Cases were defined as individuals who tested SARS-CoV-2 positive at least once in daily screenings during the outbreak period (10 days) by polymerase chain reaction or antigen test. We investigated risk factors for infection by descriptive, univariable and multivariable analysis. We performed whole genome sequencing to identify SARS-CoV-2 variants. We verified 103 SARS-CoV-2 positive cases (attack rate [AR] 62.4%); 39/41 sequenced samples were BA.2.3 Omicron subtype, one BA.1 and one BA.1.1. Among boostered crew members, AR was 38% vs. 65% among those vaccinated once or twice. Among those who stayed < 30 days on board, AR was 31% vs. 72% among those staying on board longer. Among Europeans, the AR was 53% vs. 71% in non- -Europeans. Adjusting for age and sex, cases were more likely to have received no booster vaccine (odds ratio [OR]: 2.66, 95% confidence interval [CI]: 0.99-7.13), to have spent more time on board (≥ 30 days, OR: 6.36, 95% CI: 2.81-14.40 vs. < 30 days) and to have a non-European nationality (OR: 2.14, 95% CI: 1.08-4.27). The outbreak stopped shortly after offboard isolation of cases. This investigation confirms the importance of a booster vaccine against COVID-19. Longer stays onboard could facilitate social mixing. Further studies could investigate the impact of social, cultural/ behavioural patterns and public health access on the infection risk. Physical distancing together with screening and isolation can contain SARS-CoV-2 outbreaks on cruise ships.",Humans; SARS-CoV-2; COVID-19; Ships; COVID-19 Vaccines; Disease Outbreaks,Journal Article,yes
38052205,The value of universal screening for COVID-19 cases on cruise ships during outbreaks.,Capon A; Chaverot S; Katelaris AL; Ferson M; Klees N et al.,Public health research & practice,2023-Dec,2023,10.17061/phrp3342338,"To describe the impact of universal screening for coronavirus disease 2019 (COVID-19) on passengers on cruise ships docking in Sydney, Australia, during 2022 that experienced a significant outbreak of COVID-19. Type of program or service: Cruise ship disease surveillance Methods: Case series, based on analysis of cruise ship voyages where universal screening of passengers was requested by a NSW health authority and undertaken by the cruise ship. Of 111 voyages in 2022, three fit the definition for this study. Universal screening during these voyages resulted in the detection of up to 1.8 times the number of existing COVID-19 cases, increasing attack rates of the three voyages from 14% to 24%; 13% to 28%; and 3% to 8% respectively. Case demographics showed an even gender distribution, with a majority 70 years or older. Asymptomatic case percentage ranged from 2% to 54%, with age and gender not associated with symptomatic status. Almost all cases were reported as being fully vaccinated. Genomic testing of cases showed multiple lineages of COVID-19 circulating in all three voyages. Public health authorities, the cruise industry and passengers should be aware that a large number of unidentified cases of COVID-19 may disembark from a cruise ship that has experienced a large outbreak of the virus. These cases can seed the infection into vulnerable communities. Universal screening as part of the response to a significant outbreak will help identify cases and limit the spread of COVID-19.",Humans; COVID-19; Ships; Disease Outbreaks; Public Health; Australia; COVID-19 Testing,Journal Article,yes
37535890,Influenza: seasonality and travel-related considerations.,Kakoullis L; Steffen R; Osterhaus A; Goeijenbier M; Rao SR et al.,Journal of travel medicine,2023-Sep,2023,10.1093/jtm/taad102,"This review aims to summarize the transmission patterns of influenza, its seasonality in different parts of the globe, air travel- and cruise ship-related influenza infections and interventions to reduce transmission. The seasonality of influenza varies globally, with peak periods occurring mainly between October and April in the northern hemisphere (NH) and between April and October in the southern hemisphere (SH) in temperate climate zones. However, influenza seasonality is significantly more variable in the tropics. Influenza is one of the most common travel-related, vaccine-preventable diseases and can be contracted during travel, such as during a cruise or through air travel. Additionally, travellers can come into contact with people from regions with ongoing influenza transmission. Current influenza immunization schedules in the NH and SH leave individuals susceptible during their respective spring and summer months if they travel to the other hemisphere during that time. The differences in influenza seasonality between hemispheres have substantial implications for the effectiveness of influenza vaccination of travellers. Health care providers should be aware of influenza activity when patients report travel plans, and they should provide alerts and advise on prevention, diagnostic and treatment options. To mitigate the risk of travel-related influenza, interventions include antivirals for self-treatment (in combination with the use of rapid self-tests), extending the shelf life of influenza vaccines to enable immunization during the summer months for international travellers and allowing access to the influenza vaccine used in the opposite hemisphere as a travel-related vaccine. With the currently available vaccines, the most important preventive measure involves optimizing the seasonal influenza vaccination. It is also imperative that influenza is recognized as a travel-related illness among both travellers and health care professionals.","Humans; Influenza, Human; Influenza Vaccines; Vaccination; Immunization Schedule; Travel-Related Illness; Air Travel; Seasons","Review; Journal Article; Research Support, U.S. Gov't, P.H.S.",yes
37498798,"Notes from the Field: Cruise Ship Norovirus Outbreak Associated with Person-to-Person Transmission - United States Jurisdiction, January 2023.",Crisp CA; Jenkins KA; Dunn I; Kupper A; Johnson J et al.,MMWR. Morbidity and mortality weekly report,2023-Jul,2023,10.15585/mmwr.mm7230a5,,Humans; United States; Ships; Norovirus; Disease Outbreaks; Gastroenteritis,Journal Article,yes
37465772,Zombie Cruise Ship Virtual Escape Room for POCUS Pulmonary: Scan Your Way Out.,Choi H; Wray A; Smart J,Journal of education & teaching in emergency medicine,2022-Jul,2022,10.21980/J8RM0M,"Targeted audience could be learners in medical field with basic knowledge of point-of-care ultrasound (POCUS), pulmonary and emergency medicine for example, medical students, emergency medicine residents (1st-3rd year), emergency physicians at all level of trainings, or emergency medicine physician's assistants. Point-of-care ultrasound (POCUS) is rapidly becoming an essential part of emergency medicine and patient care .1,2 POCUS can provide more detailed clinical information when used in conjunction with a physical examination, overall aiding clinicians' decision-making capacity.3 POCUS also proves a cost-effective tool in reducing the number of advanced imaging studies ordered and unnecessary patient radiation exposure.3,4 Performing POCUS has also proved beneficial for patient satisfaction because it increases the amount of face-to-face time spent with the patient while also providing live imaging interpretation during the emergency department visits .3,5,6 POCUS-Pulmonary can also create a safer environment for both medical staff and patients during the COVID-19 pandemic.6 Performing POCUS-Pulmonary on suspected COVID-19 patients can limit the number of patients receiving thoracic CT studies to confirm COVID-19 related pneumonia.6,7 Performing POCUS-Pulmonary reduces the number of patients transferred between the radiology department and the emergency department, significantly reduces overall possible COVID-19 exposures, and reduces equipment cleaning time.6 Given the overall reduction of advanced imaging studies ordered, CT scanners would be more readily available for critical care patients, such as trauma or other hemodynamic instability.6 Emergency providers practicing in rural areas with limited resources may benefit from the use of POCUS -Pulmonary, facilitating better patient care at decreased exposure-rate, cleaning cost, and overall increase in patient satisfaction given more bedside patient-provider communication.6-8 POCUS-Pulmonary is a crucial clinical skill for emergency medicine providers everywhere.6,8 Clinicians should be able to perform POCUS-Pulmonary, interpret image findings, and develop a treatment plan promptly.9. By the end of performing the Zombie Cruise Ship Virtual Escape Room, learners will be able to: 1) recognize sonographic signs of A-line, B-line, Barcode sign, Bat sign, Seashore Sign, Plankton sign, Jellyfish Sign, Lung point, lung lockets, and Lung pulse; 2) differentiate sonographic findings of pneumothorax, hemothorax, pneumonia, COVID 19 pneumonia, pulmonary edema, and pleural effusion from normal lung findings; 3) distinguish pneumonia from atelectasis by recognizing dynamic air bronchogram; and 4) recognize indications for performing POCUS pulmonary such as dyspnea, blunt trauma, fall, cough and/or heart failure. This group-based learning program was designed for use in virtual meetings, lectures, and in small-group learning activities, such as didactic and EM conferences. A Google form was used to create",,Journal Article,yes
37417840,COVID-19 on board a cruise ship: medical management.,Beust L; Lucas D; Pougnet R; Loddé B,International maritime health,2023,2023,10.5603/IMH.2023.0012,"First, this analysis was conducted to study a coronavirus disease 2019 (COVID-19) cluster dynamic on a cruise ship in order to allow the ship physician to anticipate the duration and importance of the contaminations. Secondly, the author tries to find out if the closed environment on board allows specific conclusions about epidemic dynamics and preventative measures. From a personal epidemiological compendium done by himself on board the author analysed different epidemic curves identified on board other ships and compared them to the epidemiologic data from the different COVID-19 contamination waves in France since 2020. All crew members were submitted to polymerase chain reaction tests on D2, D5, D8 and D15 and symptomatic cases were tested on on-board devices in the meantime. An excel file called ""Log Covid"" allowed for daily reporting to the ship-owner on the epidemic dynamics and the prospects on the end of crises in order to anticipate the resumption of the business in the best conditions. The jobs on board, age and geographic origin of the contaminated people were analysed, as well as their vaccination status. Out of a total of 118 crew members, 61 (52%) sailors were contaminated in 8 days. The symptoms were benign (pharyngitis, headaches, feverish state); no serious form of illness were reported. The passengers were repatriated to France at the earliest stage. The epidemic phase occurred in a 15-day window. The first 8 days corresponded to the ascending phase, then a faster phase of epidemic decrease of 7 days. Similarities emerged between the epidemic dynamics of this virus and other contaminations on cruise ships and epidemic phases on land in spite of important differences in numbers. This study can allow a ship's doctor to better understand the viral dynamics in case of a COVID- 19 cluster and to anticipate the exit of the crisis. Repeated tests during the active phase of the epidemic are necessary in case of a large cluster to know where to place oneself on a typical epidemic curve. Isolation and barrier measures advised by the ship's doctor remain the only weapons that can limit its magnitude.",Humans; COVID-19; Ships; SARS-CoV-2; France; Disease Outbreaks; Travel,Journal Article,yes
37397942,Lessons learned from practices during the initial response to COVID-19 on the cruise ship Diamond Princess.,Ikemoto M; Matsuo K; Tamura T; Mashino S,Global health & medicine,2023-Jun,2023,10.35772/ghm.2023.01025,"The battle against coronavirus disease 2019 (COVID-19) still continues three years after the onset of the pandemic, but there are concerns about the next emerging infectious disease. This study reports the practices during the initial response to COVID-19 on the cruise ship Diamond Princess and lessons learned from a nursing perspective. During these practices, one of the authors dealt with a sample collection team from the Self-Defense Forces and collaborated with the Disaster Medical Assistance Team (DMAT), Disaster Psychiatric Assistance Team (DPAT), and other teams. They mentioned the passengers' state and the distress and fatigue of the personnel assisting them. This revealed the specifics of emerging infectious diseases and their commonalities, regardless of the disaster. Results identified three crucial points: i) predicting the impact of lifestyle changes on health due to isolation and implementing preventive measures, ii) protecting individual human rights and dignity even in health emergencies, and iii) support for personnel providing assistance.",,Journal Article,yes
37226697,Can ship travel contain COVID-19 outbreak after re-opening: a Bayesian meta-analysis.,Hsu CY; Chen JK; Wikramaratna PS; Yen AM; Chen SL et al.,Epidemiology and infection,2023-May,2023,10.1017/S0950268823000821,"Large gatherings of people on cruise ships and warships are often at high risk of COVID-19 infections. To assess the transmissibility of SARS-CoV-2 on warships and cruise ships and to quantify the effectiveness of the containment measures, the transmission coefficient (β), basic reproductive number (R0), and time to deploy containment measures were estimated by the Bayesian Susceptible-Exposed-Infected-Recovered model. A meta-analysis was conducted to predict vaccine protection with or without non-pharmaceutical interventions (NPIs). The analysis showed that implementing NPIs during voyages could reduce the transmission coefficients of SARS-CoV-2 by 50%. Two weeks into the voyage of a cruise that begins with 1 infected passenger out of a total of 3,711 passengers, we estimate there would be 45 (95% CI:25-71), 33 (95% CI:20-52), 18 (95% CI:11-26), 9 (95% CI:6-12), 4 (95% CI:3-5), and 2 (95% CI:2-2) final cases under 0%, 10%, 30%, 50%, 70%, and 90% vaccine protection, respectively, without NPIs. The timeliness of strict NPIs along with implementing strict quarantine and isolation measures is imperative to contain COVID-19 cases in cruise ships. The spread of COVID-19 on ships was predicted to be limited in scenarios corresponding to at least 70% protection from prior vaccination, across all passengers and crew.",Humans; COVID-19; Ships; SARS-CoV-2; Bayes Theorem; Travel; Disease Outbreaks; Quarantine,"Meta-Analysis; Journal Article; Research Support, Non-U.S. Gov't",yes
37142024,"An empirical and modelling approach to the evaluation of cruise ships' influence on air quality: The case of La Paz, Mexico.",Mendoza-Lara OO; Ortega-Montoya CY; Prieto Hinojosa AI; López-Pérez AO; Baldasano JM,The Science of the total environment,2023-Aug,2023,10.1016/j.scitotenv.2023.163855,"Maritime activity has diverse environmental consequences impacts in port areas, especially for air quality, and the post-COVID-19 cruise tourism market's potential to recover and grow is causing new environmental concerns in expanding port cities. This research proposes an empirical and modelling approach for the evaluation of cruise ships' influence on air quality concerning NO2 and SO2 in the city of La Paz (Mexico) using indirect measurements. EPA emission factors and the AERMOD modelling system coupled to WRF were used to model dispersions, while street-level mobile monitoring data of air quality from two days of 2018 were used and processed using a radial base function interpolator. The local differential Moran's Index was estimated at the intersection level using both datasets and a co-location clustering analysis was performed to address spatial constancy and to identify the pollution levels. The modelled results showed that cruise ships' impact on air quality had maximum values of 13.66 μg/m3 for NO2 and 15.71 μg/m3 for SO2, while background concentrations of 8.80 for NOx and 0.05 for SOx (μg/m3) were found by analysing the LISA index values for intersections not influenced by port pollution. This paper brings insights to the use of hybrid methodologies as an approach to studying the influence of multiple-source pollutants on air quality in contexts totally devoid of environmental data.",,Journal Article,yes
37048525,A Quieter Ocean: Experimentally Derived Differences in Attentive Responses of Tursiops truncatus to Anthropogenic Noise Playbacks before and during the COVID-19-Related Anthropause.,Stevens PE; Allen V; Bruck JN,Animals : an open access journal from MDPI,2023-Apr,2023,10.3390/ani13071269,"The effects of anthropogenic noise continue to threaten marine fauna, yet the impacts of human-produced sound on the broad aspects of cognition in marine mammals remain relatively understudied. The shutdown of non-essential activities due to the COVID-19-related anthropause created an opportunity to determine if reducing levels of oceanic anthropogenic noise on cetaceans affected processes of sensitization and habituation for common human-made sounds in an experimental setting. Dolphins at Dolphin Quest Bermuda were presented with three noises related to human activities (cruise ship, personal watercraft, and Navy low-frequency active sonar) both in 2018 and again during the anthropause in 2021 via an underwater speaker. We found that decreased anthropogenic noise levels altered dolphin responses to noise playbacks. The dolphins spent significantly more time looking towards the playback source, but less time producing burst pulse and echolocation bouts in 2021. The dolphins looked towards the cruise ship sound source significantly more in 2021 than 2018. These data highlight that different sounds may incur different habituation and sensitization profiles and suggest that pauses in anthropogenic noise production may affect future responses to noise stimuli as dolphins dishabituate to sounds over time.",,Journal Article,yes
37034270,Compulsory insurance for cruise vessels as a preparation for the next pandemic: Law of the sea perspective.,Seta M,Marine policy,2023-Jun,2023,10.1016/j.marpol.2023.105586,"During the COVID-19 pandemic, many port states faced difficulty when cruise vessels with COVID-19 patients tried to dock at their ports. Although they are basically not obliged to accept such vessels under international law, they cannot easily deny access because the refusal would be viewed as a lack of humanitarian consideration. On the other hand, accepting such vessels leads to the risk of exposing their own nationals to COVID-19 and incurring the financial cost of medical treatment for cruise passengers. In fact, in the cases of Diamond Princess, Costa Atlantica, and Zaandam and Rotterdam, the question of who should take on the financial burden for medical costs of crews and passengers on board these vessels was debated. The current international legal framework does not provide any answer to this question, and therefore, a new framework is needed. If the new framework allocates the economic burden to ensure the provision of tests and medical care so that an intolerably heavy burden is not imposed on port states, they will be more welcoming to cruise vessels with infected people. Such allocation could be realized by requesting that carriers provide a compulsory insurance system for medical care in a pandemic.",,Journal Article,yes
36848870,"Extensive Spread of SARS-CoV-2 Delta Variant among Vaccinated Persons during 7-Day River Cruise, the Netherlands.",Veenstra T; van Schelven PD; Ten Have YM; Swaan CM; van den Akker WMR,Emerging infectious diseases,2023-Apr,2023,10.3201/eid2904.221433,"We investigated a large outbreak of SARS-CoV-2 infections among passengers and crew members (60 cases in 132 persons) on a cruise ship sailing for 7 days on rivers in the Netherlands. Whole-genome analyses suggested a single or limited number of viral introductions consistent with the epidemiologic course of infections. Although some precautionary measures were taken, no social distancing was exercised, and air circulation and ventilation were suboptimal. The most plausible explanation for introduction of the virus is by persons (crew members and 2 passengers) infected during a previous cruise, in which a case of COVID-19 had occurred. The crew was insufficiently prepared on how to handle the situation, and efforts to contact public health authorities was inadequate. We recommend installing clear handling protocols, direct contacts with public health organizations, training of crew members to recognize outbreaks, and awareness of air quality on river-cruise ships, as is customary for most seafaring cruises.",Humans; SARS-CoV-2; COVID-19; Netherlands; Rivers; Disease Outbreaks; Ships,Case Reports; Journal Article,yes
36405375,The impact of the COVID-19 outbreak on Japanese shipping industry: An event study approach.,Sakawa H; Watanabel N,Transport policy,2023-Jan,2023,10.1016/j.tranpol.2022.11.002,"This paper examines the stock market response of Japanese shipping firms on the COVID-19 outbreak. We adopt an event study method to investigate the announcement effect of COVID-19-related news such as the incident of largest numbers of cases in a cruise ship, the Princess Diamond on February 3, 2020 and the tight border closing by the Japanese Government on March 9, 2020. Our empirical results show that the negative abnormal returns are significant for both of these pessimistic COVID-19-related events. The negative return on the incident of Princess Diamond persisted for 30 trading days. Moreover, the negative abnormal return of port operations was stronger than maritime transportation after 30 days. Furthermore, we find that the tight border closing policy persisted for only eight trading days. Finally, we find that government policy responses are effective to mitigate negative announcement effects on COVID-related news post the tightened border control.",,Journal Article,yes
36288031,Transmission of SARS-CoV-2 Associated with Cruise Ship Travel: A Systematic Review.,Rosca EC; Heneghan C; Spencer EA; Brassey J; Plüddemann A et al.,Tropical medicine and infectious disease,2022-Oct,2022,10.3390/tropicalmed7100290,"Background: Maritime and river travel may be associated with respiratory viral spread via infected passengers and/or crew and potentially through other transmission routes. The transmission models of SARS-CoV-2 associated with cruise ship travel are based on transmission dynamics of other respiratory viruses. We aimed to provide a summary and evaluation of relevant data on SARS-CoV-2 transmission aboard cruise ships, report policy implications, and highlight research gaps. Methods: We searched four electronic databases (up to 26 May 2022) and included studies on SARS-CoV-2 transmission aboard cruise ships. The quality of the studies was assessed based on five criteria, and relevant findings were reported. Results: We included 23 papers on onboard SARS-CoV-2 transmission (with 15 reports on different aspects of the outbreak on Diamond Princess and nine reports on other international cruises), 2 environmental studies, and 1 systematic review. Three articles presented data on both international cruises and the Diamond Princess. The quality of evidence from most studies was low to very low. Index case definitions were heterogeneous. The proportion of traced contacts ranged from 0.19 to 100%. Studies that followed up >80% of passengers and crew reported attack rates (AR) up to 59%. The presence of a distinct dose−response relationship was demonstrated by findings of increased ARs in multi-person cabins. Two studies performed viral cultures with eight positive results. Genomic sequencing and phylogenetic analyses were performed in individuals from three cruises. Two environmental studies reported PCR-positive samples (cycle threshold range 26.21−39.00). In one study, no infectious virus was isolated from any of the 76 environmental samples. Conclusion: Our review suggests that crowding and multiple persons per cabin were associated with an increased risk of transmission on cruise ships. Variations in design, methodology, and case ascertainment limit comparisons across studies and quantification of transmission risk. Standardized guidelines for conducting and reporting studies on cruise ships of acute respiratory infection transmission should be developed.",,Journal Article; Review,yes
36194155,A major outbreak of the COVID-19 on the Diamond Princess cruise ship: Estimation of the basic reproduction number.,Chou YC; Lin YJ; Shie SS; Tsai HB; Sheng WH,Journal of the Chinese Medical Association : JCMA,2022-Dec,2022,10.1097/JCMA.0000000000000820,"The COVID-19 pandemic, which broke out in Wuhan, China, in 2019, was declared an international public health emergency by the World Health Organization on January 31, 2020. The outbreak on the Diamond Princess cruise ship had appeared first as a cluster infection outside China during the early pandemic. The incident occurred on February 1, 2020, involved an 80-year-old Hong Kong man who was diagnosed with COVID-19. The cruise ship docked in Yokohama, Japan, for 14 days of onboard quarantine; however, cluster infection outbroke rapidly. We constructed a SIR mathematical model and conducted an epidemiological study of the COVID-19 outbreak on the Diamond Princess cruise ship, covering the period from February 5 (start of quarantine) to February 20 (completion of 14-day quarantine). We estimated the basic reproduction number (R 0 ) using a novel method of nonlinear least-squares curve fitting under Microsoft Excel Solver. The 95% confidence interval (CI) values were estimated by the jackknife procedures. Six hundred thirty-four (17.1%) cases were diagnosed in a total population of 3711 cruise passengers, and 328 (51.7%) cases were asymptomatic. As of April 24, 2020, 712 cases had been diagnosed and 14 (1.96%) deaths had occurred. The R 0 with 95% CI of the COVID-19 outbreak was 3.04 (2.72-3.36). Without an evacuation plan for passengers and crew, we estimated the total number of cumulative cases would reach 3498 (CI, 3464-3541). If the R 0 value was reduced by 25% and 50%, the cumulative cases would be reduced to 3161 (CI, 3087-3254) and 967 (CI, 729-1379), respectively. The abovementioned R 0 value was estimated from the original Wuhan strain. Cruise conditions would accelerate the spread of infectious diseases and were not suitable for onboard quarantine. Early evacuation and isolation of all passengers and crew members would reduce the R 0 value and avoid further infections.","Male; Humans; Aged, 80 and over; Pandemics; COVID-19; Basic Reproduction Number; SARS-CoV-2; Quarantine; Disease Outbreaks",Journal Article,yes
36186155,COVID-19 outbreaks on ships: Analysis of three representative cases.,Zhang W; Xie J; Gong N; Chen X; Shi W,"Public health in practice (Oxford, England)",2022-Dec,2022,10.1016/j.puhip.2022.100320,"Coronavirus disease (COVID-19) outbreaks occurred on ships during the global pandemic of COVID-19. Investigation of the management and outcomes of these outbreaks will help guide future prevention and control strategies for respiratory infectious diseases on ships. Non-systematic narrative review. PubMed and Embase databases were searched using the keywords ""ship"", ""cargo ship"", ""fishing boat"", ""cruise ship"", ""yacht"", ""merchant ship"", ""port"", ""SARS-COV-2"" and ""COVID-19"", connected by ""OR"" internally and ""AND"" between two keywords. After review of the titles and abstracts, and exclusion of irrelevant articles, the infection situation and details of the response measures were recorded. Cases were subsequently selected for this study based on the detailed information and records available on the COVID-19 outbreak prevention and control measures and experiences. Three representative cases were selected; the outbreak timeline and infection situation for these cases were summarised. Infection prevention and control measures and experiences for the three outbreaks were investigated in detail, including analysis of epidemic reports, and isolation, detection, screening, treatment and transportation procedures. This study demonstrates that timely detection and intervention, exposure reduction, control of asymptomatic infections, treatment and transport of patients, preparation for prevention and control in advance, the communication and cooperation of various stakeholders, and the establishment of short-term and long-term response mechanisms are key elements to improve the efficiency of infection prevention and control on ships.",,Journal Article; Review,yes
36035872,Impacts of cruise ship anchoring during COVID-19: Management failures and lessons learnt.,Small M; Oxenford HA,Ocean & coastal management,2022-Oct,2022,10.1016/j.ocecoaman.2022.106332,"The Government of Barbados welcomed cruise ships during the early COVID-19 period of 2020, allowing them to seek safe harbour at a time when many countries were turning them away. A total of 28 cruise ships were given unprecedented permission to anchor along the west and south coasts of the island during this period (1 March – 1 September 2020). This study examines the 132 anchoring events of these cruise ships, using automatic identification system (AIS) data to determine anchored locations and track vessel swing at anchor in relation to sensitive coral-rich habitat. These data, together with SCUBA surveys on several anchoring sites were used to describe the nature of the habitat damage and to assess the potential area of impacts on coastal marine habitats. The huge anchors and hundreds of metres of chain required to secure these mega-vessels, together with their typical wide swinging motion dragging the anchor chain over the bottom are estimated to have caused thousands of square metres of structural damage to the island’s valuable coral reefs. This study revealed weaknesses in coral conservation policy and practise to which the Government of Barbados has responded. A stated new Government policy prohibits cruise ships from anchoring on the coral-rich west coast and restricts anchoring to the designated anchorage on the south coast. Additional cruise ships that cannot be accommodated in the anchorage are now being asked to use their dynamic positioning system or to drift offshore.",,Journal Article,yes
36032696,Mental health needs associated with COVID-19 on the diamond princess cruise ship: A case series recorded by the disaster psychiatric assistance team.,Tachikawa H; Kubo T; Gomei S; Takahashi S; Kawashima Y et al.,International journal of disaster risk reduction : IJDRR,2022-Oct,2022,10.1016/j.ijdrr.2022.103250,"Coronavirus disease 2019 (COVID-19) infection prevention measures have led to a variety of mental health issues. Although several self-care methods have been recommended for those quarantined, evidence regarding how best to support quarantined people experiencing a mental health crisis is limited. In February 2020, the Diamond Princess cruise ship was quarantined in Yokohama port, Japan following a passenger testing positive for COVID-19. We were sent to address the mental health issues as the Disaster Psychiatric Assistance Team (DPAT). In the present study, we examined the acute mental health needs of the passengers and crew collected by the DPAT using the standard Emergency Medical Team daily reporting system. We assessed 206 cases (99 men and 107 women) with generic health issues and 127 cases (39 men and 88 women) with mental health issues. Mental health issues including disaster stress-related symptoms were as frequent as physical health events associated with COVID-19. The most significant mental health issue was anxiety, as an acute psychological reaction to the quarantine situation. Women and crews most frequently needed mental health support. Mental health improved in most clients after brief counseling. Although several passengers experienced suicidal ideation, there were no cases of actual suicide attempts during the quarantine period. This case has been regarded as a well-known public health event at the beginning of the COVID-19 era. In addition to physical health support, disaster mental health support was essential to save lives. Our findings may facilitate responses to future quarantines, accidents, and mental health crises.",,Journal Article,yes
35942773,"Comparison of effectiveness of enhanced infection countermeasures in different scenarios, using a dynamic-spread-function model.",D'Souza G; Osborn J; Berman S; Myers M,Mathematical biosciences and engineering : MBE,2022-Jul,2022,10.3934/mbe.2022445,"When formulating countermeasures to epidemics such as those generated by COVID-19, estimates of the benefits of a given intervention for a specific population are highly beneficial to policy makers. A recently introduced tool, known as the ""dynamic-spread"" SIR model, can perform population-specific risk assessment. Behavior is quantified by the dynamic-spread function, which includes the mechanisms of droplet reduction using facemasks and transmission control due to social distancing. The spread function is calibrated using infection data from a previous wave of the infection, or other data felt to accurately represent the population behaviors. The model then computes the rate of spread of the infection for different hypothesized interventions, over the time window for the calibration data. The dynamic-spread model was used to assess the benefit of three enhanced intervention strategies - increased mask filtration efficiency, higher mask compliance, and elevated social distancing - in four COVID-19 scenarios occurring in 2020: the first wave (i.e. until the first peak in numbers of new infections) in New York City; the first wave in New York State; the spread aboard the Diamond Princess Cruise Liner; and the peak occurring after re-opening in Harris County, Texas. Differences in the efficacy of the same intervention in the different scenarios were estimated. As an example, when the average outward filtration efficiency for facemasks worn in New York City was increased from an assumed baseline of 67% to a hypothesized 90%, the calculated peak number of new infections per day decreased by 40%. For the same baseline and hypothesized filtration efficiencies aboard the Diamond Princess Cruise liner, the calculated peak number of new infections per day decreased by about 15%. An important factor contributing to the difference between the two scenarios is the lower mask compliance (derivable from the spread function) aboard the Diamond Princess.",COVID-19; Epidemics; Humans; Quarantine,Journal Article,yes
35840167,"The value of contact tracing and isolation in mitigation of COVID-19 epidemic: findings from outbreak investigation of COVID-19 onboard Nile Cruise Ship, Egypt, March 2020.",Hassan H; Abo ElSood H; Abd ElGawad B; Kamel R; Fahim M et al.,BMJ global health,2022-Jul,2022,10.1136/bmjgh-2022-008681,"WHO informed Egypt health authorities of individuals of different nationalities who proved positive for COVID-19 after returning from Egypt. Patients were among touristic group who visited Cairo and spent 1-week onboard Nile cruise ship. Investigation performed to confirm outbreak, detect source, and implement containment measures. Active case finding and contact tracing performed among contacts of the index cases and their contacts. Contacts defined as anyone within 6 feet from confirmed or suspected COVID-19 case for ≥15 min. Overall, 331 contacts, including 201 ship boarders and 130 hotel guests, were listed and interviewed using semistructured questionnaire and tested for COVID-19 by PCR. Among them, 136 (41.1%) were close contacts of index cases and 195 (58.9%) contacted secondary cases. Their mean age was 34.6±11.5 years, 251 (75.8%) were males and 126 (38.1%) non-Egyptians. Of them, 67 (20.2%) tested positive for COVID-19, including 57 (28.4%) ship boarders and 10 (7.7%) hotel guests. Per cent positive was significantly higher in: contacts of index cases, Egyptians, ship boarders and in males than corresponding categories (35.3% vs 9.7%, 22.9% vs 15.9%, 27.4% vs 7.7%, 24.7% vs 6.3%), respectively. Of all positive cases, 40 (59.7%) were asymptomatic where ship boarders, non-Egyptians, >50 years old and females were more likely to be asymptomatic than corresponding categories (85.0 vs 48.9%, 72.7 vs 54.5%, 100.0 vs 56.5%), respectively. COVID-19 patients among group of tourists triggered an outbreak onboard Nile ship and hotel in Egypt. Outbreak quickly contained through lab testing, case isolation, strict infection control measures and contact tracing which proved effective in reducing COVID-19 transmission early in pandemic.",Adult; COVID-19; Contact Tracing; Disease Outbreaks; Female; Humans; Male; Middle Aged; SARS-CoV-2; Ships; Young Adult,Journal Article,yes
35838954,Quantitative Real-Time RT-PCR Systems to Detect SARS-CoV-2.,Yanase S; Sasahara H; Nabetani M; Yamazawa K; Aoyagi K et al.,"Methods in molecular biology (Clifton, N.J.)",2022,2022,10.1007/978-1-0716-2395-4_7,"Since the outbreak of coronavirus disease 2019 (COVID-19) on the Diamond Princess cruise ship docked at Yokohama Port on February 3, 2020, real-time reverse transcription-polymerase chain reaction (RT-PCR) testing using nasopharyngeal swab samples from symptomatic and asymptomatic COVID-19 individuals has been the main way to detect severe acute respiratory syndrome coronavirus 2 (SARS-CoV-2) RNA in almost all clinical laboratories in Japan. With the diffusion of sets containing the primers and probe, the gold standard real-time RT-PCR test has permeated throughout the country. To prevent the spread of infection, real-time RT-PCR testing is important to confirm whether people are positive, asymptomatic, or negative for COVID-19. Now, in addition to pharyngeal swab, saliva and blood samples can be used to detect SARS-CoV-2 RNA. Here, we introduce a clinical laboratory test performed using the High Pure viral nucleic acid kit and subsequent real-time RT-PCR system to detect SARS-CoV-2 RNA in serum, plasma, or whole blood in a hospital in Yokohama, Japan.","COVID-19; Clinical Laboratory Techniques; Humans; RNA, Viral; Reverse Transcriptase Polymerase Chain Reaction; SARS-CoV-2",Journal Article,yes
35428829,An integrated expert weight determination method for design concept evaluation.,Chen Z; Zhong P; Liu M; Ma Q; Si G,Scientific reports,2022-Apr,2022,10.1038/s41598-022-10333-6,"Expert weight determination is a critical issue in the design concept evaluation process, especially for complex products. However, this phase is often ignored by most decision makers. For the evaluation of complex product design concepts, experts are selected by clusters with different backgrounds. This work proposes a novel integrated two-layer method to determine expert weight under these circumstances. In the first layer, a hybrid model integrated by the entropy weight model and the Multiplicative analytical hierarchy process method is presented. In the second layer, a minimized variance model is applied to reach a consensus. Then the final expert weight is determined by the results of both layers. A real-life example of cruise ship cabin design evaluation is implemented to demonstrate the proposed expert weight determination method. To analyze the feasibility of the proposed method, weight determination with and without using experts is compared. The result shows the expert weight determination method is an effective approach to improve the accuracy of design concept evaluation.",Consensus; Entropy; Research Design,"Journal Article; Research Support, Non-U.S. Gov't",yes
35427409,"Mosquito surveillance in maritime entry ports in Miami-Dade County, Florida to increase preparedness and allow the early detection of invasive mosquito species.",Wilke ABB; Vasquez C; Carvajal A; Moreno M; Petrie WD et al.,PloS one,2022,2022,10.1371/journal.pone.0267224,"Invasive mosquito vector species have been inadvertently transported to new areas by humans for decades. Strong evidence supports that monitoring maritime, terrestrial, and aerial points of entry is an essential part of the effort to curb the invasion and establishment of invasive vector mosquito species. Miami-Dade County, Florida is an important operational hub for the cruise ship industry and leisure boats that routinely visit nearby areas in the Caribbean, and freight cargo ships transporting goods from Miami-Dade to Caribbean countries and vice versa. To deal with the increasing public health concern, we hypothesized that mosquito surveillance in small- and medium-sized maritime ports of entry in Miami-Dade is crucial to allow the early detection of invasive mosquito species. Therefore, we have selected 12 small- and medium-sized maritime ports of entry in Miami-Dade County with an increased flow of people and commodities that were not covered by the current mosquito surveillance system. Collection sites were comprised of two distinct environments, four marinas with international traffic of leisure boats, and eight maintenance and commercial freight cargo ship ports. Mosquitoes were collected weekly at each of the 12 collection sites for 24 hours for 6 weeks in the Spring and then for 6 additional weeks in the Summer using BG-Sentinel traps. A total of 32,590 mosquitoes were collected, with Culex quinquefasciatus and Aedes aegypti being the most abundant species totaling 19,987 and 11,247 specimens collected, respectively. Our results show that important mosquito vector species were present in great numbers in all of the 12 maritime ports of entry surveyed during this study. The relative abundance of Cx. quinquefasciatus and Ae. aegypti was substantially higher in the commercial freight cargo ship ports than in the marinas. These results indicate that even though both areas are conducive for the proliferation of vector mosquitoes, the port area in the Miami River is especially suitable for the proliferation of vector mosquitoes. Therefore, this potentially allows the establishment of invasive mosquito species inadvertently brought in by cargo freights.",Aedes; Animals; Culex; Florida; Humans; Introduced Species; Mosquito Control; Mosquito Vectors,"Journal Article; Research Support, U.S. Gov't, P.H.S.",no
35280618,Transmission data of Covid 19- Lessons of diamond princess cruise ship event.,Gupta H; Patwa AK; Kumar S; Gupta A,Journal of family medicine and primary care,2021-Dec,2021,10.4103/jfmpc.jfmpc_1337_21,,,Journal Article,yes
35251738,"Lessons learnt from the first large outbreak of COVID-19 in health-care settings in Tasmania, Australia.",Johnston FH; Anderson T; Harlock M; Castree N; Parry L et al.,Western Pacific surveillance and response journal : WPSAR,2021,2021,10.5365/wpsar.2021.12.4.884,"One month after the initial case of coronavirus disease 2019 (COVID-19) in Tasmania, an island state of Australia, two health-care workers (HCWs) from a single regional hospital were notified to public health authorities following positive tests for SARS-CoV-2 nucleic acid. These were the first recognized cases in an outbreak that overwhelmed the hospital's ability to function. The outbreak originated from two index cases. Both had returned to Tasmania following travel on a cruise ship and required hospital admission for management of COVID-19. A total of 138 cases were subsequently linked to this outbreak: 81 HCWs (most being nurses) and 23 patients across three hospitals, one resident of an aged-care facility and 33 close contacts. The outbreak was controlled through the identification and isolation of cases, identification and quarantining of close contacts and their household members, closure of the affected facilities and community-level restrictions to reduce social mixing in the affected region. Factors that were likely to have contributed to ongoing transmission in this setting included workplace practices that prevented adequate physical distancing, attending work while symptomatic, challenges in rapidly identifying contacts, mobility of staff and patients between facilities, and challenges in the implementation of infection control practices. Many commonly accepted hospital practices before the COVID-19 pandemic amplified the outbreak. The lessons learnt from this investigation changed work practices for HCWs and led to wider public health interventions in the management of potential primary and secondary contacts.",Aged; Australia; COVID-19; Disease Outbreaks; Humans; Pandemics; SARS-CoV-2; Tasmania,Journal Article,yes
35189341,"Risk factors, immune response and whole-genome sequencing of SARS-CoV-2 in a cruise ship outbreak in Norway.",Gravningen K; Henriksen S; Hungnes O; Svendsen K; MacDonald E et al.,International journal of infectious diseases : IJID : official publication of the International Society for Infectious Diseases,2022-May,2022,10.1016/j.ijid.2022.02.025,"To improve understanding of SARS-CoV-2-transmission and prevention measures on cruise ships, we investigated a Norwegian cruise ship outbreak from July to August 2020 using a multidisciplinary approach after a rapid outbreak response launched by local and national health authorities. We conducted a cross-sectional study among crew members using epidemiologic data and results from SARS-CoV-2 polymerase chain reaction (PCR) of nasopharynx-oropharynx samples, antibody analyses of blood samples, and whole-genome sequencing. We included 114 multinational crew members (71% participation), median age 36 years, and 69% male. The attack rate was 33%; 32 of 37 outbreak cases were seropositive 5-10 days after PCR. One PCR-negative participant was seropositive, suggesting a previous infection. Network-analysis showed clusters based on common exposures, including embarkation date, nationality, sharing a cabin with an infected cabin-mate (adjusted odds ratio [AOR] 3.27; 95% confidence interval [CI] 0.97-11.07, p = 0.057), and specific workplaces (mechanical operations: 9.17 [1.82-45.78], catering: 6.11 [1.83-20.38]). Breaches in testing, quarantine, and isolation practices before/during expeditions were reported. Whole-genome sequencing revealed lineage B.1.36, previously identified in Asia. Despite extensive sequencing, the continued transmission of B.1.36 in Norway was not detected. Our findings confirm the high risk of SARS-CoV-2-transmission on cruise ships related to workplace and cabin type and show that continued community transmission after the outbreak could be stopped by implementing immediate infection control measures at the final destination.",Adult; COVID-19; Cross-Sectional Studies; Disease Outbreaks; Female; Humans; Immunity; Male; Risk Factors; SARS-CoV-2; Ships,Journal Article,yes
35056548,Unique Evolution of SARS-CoV-2 in the Second Large Cruise Ship Cluster in Japan.,Abe H; Ushijima Y; Amano M; Sakurai Y; Yoshikawa R et al.,Microorganisms,2022-Jan,2022,10.3390/microorganisms10010099,"In the initial phase of the novel coronavirus disease (COVID-19) pandemic, a large-scale cluster on the cruise ship Diamond Princess (DP) emerged in Japan. Genetic analysis of the DP strains has provided important information for elucidating the possible transmission process of severe acute respiratory syndrome coronavirus 2 (SARS-CoV-2) on a cruise ship. However, genome-based analyses of SARS-CoV-2 detected in large-scale cruise ship clusters other than the DP cluster have rarely been reported. In the present study, whole-genome sequences of 94 SARS-CoV-2 strains detected in the second large cruise ship cluster, which emerged on the Costa Atlantica (CA) in Japan, were characterized to understand the evolution of the virus in a crowded and confined place. Phylogenetic and haplotype network analysis indicated that the CA strains were derived from a common ancestral strain introduced on the CA cruise ship and spread in a superspreading event-like manner, resulting in several mutations that might have affected viral characteristics, including the P681H substitution in the spike protein. Moreover, there were significant genetic distances between CA strains and other strains isolated in different environments, such as cities under lockdown. These results provide new insights into the unique evolution patterns of SARS-CoV-2 in the CA cruise ship cluster.",,Journal Article,yes
35018100,Stochasticity among Victims of COVID-19 Pandemic.,Shanmugam R; Ledlow G; Singh KP,Journal of multidisciplinary healthcare,2022,2022,10.2147/JMDH.S322637,"This article provides a thorough explanation of methods and theoretical concepts to detect infectivity of COVID-19. The concept of heterogeneity is discussed and its impacts on COVID-19 pandemics are explored. Observable heterogeneity is distinguished from non-observable heterogeneity. The data support the concepts of heterogeneity and the methods to extract and interpret the data evidence for the conclusions in this paper. Heterogeneity among the vulnerable to COVID-19 is a significant factor in the contagion of COVID-19, as demonstrated with incidence rates using data of a Diamond Princess cruise ship. Given the nature of the pandemic, its heterogeneity with different social norms, pre- and post-voyage quick testing procedures ought to become the new standard for cruise ship passengers and crew. With quick testing, identification of those infected and thus, not allowing to embark on a cruise or quarantine those disembarking, and other mitigation strategies, the popular cruise adventure could become norm for safe voyage. The novel method used in this article adds valuable insight in the modeling of disease and specifically, the COVID-19 virus.",,Journal Article,yes
34991781,"A review of COVID-19 transmission dynamics and clinical outcomes on cruise ships worldwide, January to October 2020.",Willebrand KS; Pischel L; Malik AA; Jenness SM; Omer SB,Euro surveillance : bulletin Europeen sur les maladies transmissibles = European communicable disease bulletin,2022-Jan,2022,10.2807/1560-7917.ES.2022.27.1.2002113,"BackgroundCruise ships provide an ideal setting for transmission of SARS-CoV-2, given the socially dense exposure environment.AimTo provide a comprehensive review of COVID-19 outbreaks on cruise ships.MethodsPubMed was searched for COVID-19 cases associated with cruise ships between January and October 2020. A list of cruise ships with COVID-19 was cross-referenced with the United States Centers for Disease Control and Prevention's list of cruise ships associated with a COVID-19 case within 14 days of disembarkation. News articles were also searched for epidemiological information. Narratives of COVID-19 outbreaks on ships with over 100 cases are presented.ResultsSeventy-nine ships and 104 unique voyages were associated with COVID-19 cases before 1 October 2020. Nineteen ships had more than one voyage with a case of COVID-19. The median number of cases per ship was three (interquartile range (IQR): 1-17.8), with two notable outliers: the Diamond Princess and the Ruby Princess, which had 712 and 907 cases, respectively. The median attack rate for COVID-19 was 0.2% (IQR: 0.03-1.5), although this distribution was right-skewed with a mean attack rate of 3.7%; 25.9% (27/104) of voyages had at least one COVID-19-associated death. Outbreaks involving only crew occurred later than outbreaks involving guests and crew.ConclusionsIn the absence of mitigation measures, COVID-19 can spread easily on cruise ships in a susceptible population because of the confined space and high-density contact networks. This environment can create superspreader events and facilitate international spread.","COVID-19; Centers for Disease Control and Prevention, U.S.; Disease Outbreaks; Humans; SARS-CoV-2; Ships; United States","Case Reports; Journal Article; Research Support, N.I.H., Extramural; Review",yes
34930077,"'COVID containers' in pandemic mediascapes: discursive economies of health, bodies, and race in North America.",Cal Biruk C,Anthropology & medicine,2022-Sep,2022,10.1080/13648470.2021.2012997,"Bringing an ethnographic sensibility to pandemic mediascapes, this article critically examines three media artifacts that assembled around COVID-19 - as an entity that is viral, social, and political - in the early months of the pandemic in North America. Focusing on the household, the cruise ship, and the body-with-underlying-conditions as 'COVID containers', the author argues that material and discursive responses to the pandemic, articulated through imaginaries of containers and containment, uphold notions of risk, order, and health that garner meaning through implied racial intertexts. The article analyzes COVID-19-related data, graphics, talk, and news stories to show how logics of inside/outside, safety/risk, and comfort/fear that animate efforts to contain a viral threat intensify the pathologization, harm, surveillance, and risk of groups long imagined as 'threats' to social order. Throughout, The author demonstrates how idioms of containers and containment make 'the body' a key locus of health, diverting attention from systems and histories complicit in producing ill-health. A coda reflects on Scheper-Hughes and Lock's influential essay ' The mindful body', re-reading their articulation of the 'Western body' through lenses drawn from scholarship in Black studies, queer studies, and disability studies that are central to understanding COVID-19 as relation(s) - borne from racial capitalism - that differentially distribute risk, health, and care.","Anthropology, Medical; COVID-19; Humans; North America; Pandemics; SARS-CoV-2",Journal Article,yes
34902585,Age dependence of the natural history of infection with severe acute respiratory syndrome coronavirus 2 (SARS-CoV-2): an analysis of Diamond Princess data.,Kobayashi T; Yoshii K; Linton NM; Suzuki M; Nishiura H,International journal of infectious diseases : IJID : official publication of the International Society for Infectious Diseases,2022-Feb,2022,10.1016/j.ijid.2021.12.319,"Following an outbreak of coronavirus disease 2019 (COVID-19) on the cruise ship Diamond Princess, passengers and crew were followed-up to determine prognosis. This study examined the epidemiological determinants of COVID-19 natural history using these follow-up data. Infection status, diagnosis, clinical symptoms and prognosis were analysed for all passengers and crew members on the Diamond Princess. In addition, the risk of infection associated with exposure within cabin rooms, as well as the risks of various clinical manifestations of disease, along with their epidemiological determinants, were analysed. The adjusted odds ratio (aOR) of infection for individuals tested by polymerase chain reaction on or after 12 February 2020 compared with individuals tested before this date was 0.53 [95% confidence interval (CI) 0.39-0.72], reflecting decreased transmission during onboard quarantine. Among infected individuals, older age was associated with elevated odds of symptomatic illness (aOR 1.01, 95% CI 1.00-1.02), severe disease (aOR 1.08, 95% CI 1.05-1.12) and death (aOR 1.12, 95% CI 1.05-1.21). Severe COVID-19 disease, death and symptomatic illness were more frequent among older individuals on the Diamond Princess. Older elderly cases (age ≥80 years) had the highest risks of severe disease and death. Inter-room transmission was prevented successfully by the onboard quarantine.","Aged; Aged, 80 and over; COVID-19; Disease Outbreaks; Humans; Quarantine; SARS-CoV-2; Ships",Journal Article,yes
34761846,The utility of SARS-CoV-2-specific serology in COVID-19 diagnosis.,Hasan T; Lim HL; Case J; Hueston L; Bag S et al.,Australian and New Zealand journal of public health,2021-Dec,2021,10.1111/1753-6405.13155,"In May 2020, The Communicable Diseases Network of Australia (CDNA) case definition introduced serological criteria to support the diagnosis of severe acute respiratory syndrome coronavirus 2 (SARS-CoV-2). We present findings that support the utility of SARS-CoV-2-specific serology for public health investigations. From 24 January to 31 July 2020, the following information was collected from individuals with positive SARS-CoV-2-specific immunofluorescence antibody tests: history of contact with COVID-19 cases; recent travel; symptoms consistent with COVID-19; and SARS-CoV-2 nucleic acid testing (NAT) results. Individuals were classified as confirmed or probable by CDNA criteria or additionally as possible (SARS-CoV-2-specific IgG positive with compatible symptoms or epidemiologic risk) or indeterminate (SARS-CoV-2-specific IgA/IgM positive only) cases. A total of 10,595 individuals were tested in the six-month period. Of these, 9.8% (1,037) individuals had positive SARS-CoV-2-specific serology of which 566 (53.6%) were NAT-confirmed COVID-19 cases and 286 (27.6%) were part of a cruise ship outbreak sero-survey. The remaining 185 individuals (NAT negative) were individually classified as serologically confirmed (4, 0.4%), probable (72, 6.9%) possible (66, 6.4%) and indeterminate (38, 3.7%) cases. Maternal antibody transfer was inferred in one infant and four were unclassified. SARS-CoV-2-specific serology is a key diagnostic tool for retrospective identification of COVID-19 infection. Implications for public health: SARS-CoV-2 specific serology can enhance the ability to find cases, link missing cases in clusters of infection and identify the epidemiological extent of SARS-CoV-2 outbreaks. A combination of epidemiological criteria, clinical criteria and a quantitative serological test can be used as an adjunct to classify SARS-CoV-2 cases. Our study confirms the low level of community transmission in NSW during the first year of the COVID-19 pandemic.","Antibodies, Viral; COVID-19; COVID-19 Testing; Humans; Pandemics; Retrospective Studies; SARS-CoV-2",Journal Article,yes
34688891,Influenza epidemic on a world cruise ship: A descriptive study.,Aoki Y; Amaya Dimas LDC,Travel medicine and infectious disease,2021,2021,10.1016/j.tmaid.2021.102176,,"Disease Outbreaks; Epidemics; Humans; Influenza, Human; Ships; Travel",Letter,yes
34665559,[The problems of organization of medical care of crews of passenger ships in the system of inner water transport of the Russian Federation].,Kosagovskaya II; Komarova EV,"Problemy sotsial'noi gigieny, zdravookhraneniia i istorii meditsiny",2021-Sep,2021,10.32687/0869-866X-2021-29-5-1201-1206,"The purpose of the study was to analyze organization of medical care of crews of passenger ships of inner water transport of the Russian Federation and to examine morbidity according to appeal for medical care of the crew during navigation. The analysis of organization of medical care in inner water transport covered the corresponding normative legal base of the late 1980s to present times. The search and analysis of available publications concerning issues of organization and provision of medical care to passenger river transport crews during and out of navigation was carried out. The estimation of morbidity statistics was implemented according data of medical log journal of out-patient reception of members of the crew of river cruise ship during navigation. The normative legal base of provision of medical care to crews of water river transport during navigation and on shore, and training and employment systems of ship physicians requires substantial revision. On average, 1.5 initial visits for medical assistance during navigation is for 1 crew members. The repeated visits accounted for significant proportion (48.0%) of all crew visits. The largest percentage of visits was related to rank-and-file staff (74.0%). In the structure of causes of visiting out-patient medical unit on board the first place is for injuries (22.0%), respiratory diseases follow (18.0%) and diseases of musculoskeletal system are third (11.0%). In the Russian Federation, the system of medical care support of the crews of water passenger transport requires a serious improvement. The structure of morbidity of the crew of a passenger river vessel during navigation (the prevalence of injuries, respiratory diseases, diseases of the musculoskeletal system) is determined by unfavorable factors of professional activity of sailors and dictates the specifics of training of ship physicians. It is necessary to work further the normative legal base regulating medical care of the crew during navigation and on the coast, training and employment of ship medical personnel, and developing and approval of unified quality standards for organizations (institutions) involved into medical support of inner water transport workers.",Humans; Occupations; Organizations; Russia; Ships; Water,Journal Article,yes
34602713,How to control cruise ship disease risk? Inspiration from the research literature.,Li H; Meng S; Tong H,Marine policy,2021-Oct,2021,10.1016/j.marpol.2021.104652,"The COVID-19 pandemic once brought the global cruise industry to a standstill. This has led to the realization that the development of viable disease risk management policies and measures will guarantee the sustainability of cruise tourism. The purpose of this study is to identify and develop a framework for risk management of cruise ship disease based on the research literature of cruise diseases in the Web of Science from 1996 to 2019. The study analyzed the characteristics of the literature researchers, the relationships between their research institutions organizations, the main cruise ship disease cases and measures. Based on the discussion of COVID-19 on cruise ships，risk management factors of cruise ship diseases were proposed，which include the port country's epidemic prevention capacity, the mode of disease transmission, the relevant regulations on international public health disposal, the design and construction of cruise ships, the medical and health conditions on cruise ships, and the characteristics of cruise tourism activities. A timeline and system framework for cruise ship disease risk management is proposed. A special ""maritime mobile community prevention and control system"" should be established, and a cooperation mechanism consisting of the government, non-governmental organizations, trade groups and industry experts should be established. The port should be capable of border isolation, detection and establishment of temporary shelter hospitals. At the same time, big data technologies such as disease tracking, investigation and health data are also important components of the risk management system.",,Journal Article,yes
34582459,Performance of anti-SARS-CoV-2 antibody testing in asymptomatic or mild COVID-19 patients: A retrospective study in outbreak on a cruise ship.,Kaku N; Nishimura F; Shigeishi Y; Tachiki R; Sakai H et al.,PloS one,2021,2021,10.1371/journal.pone.0257452,"A few studies on antibody testing have focused on asymptomatic or mild coronavirus disease 2019 (COVID-19) patients with low initial anti-severe acute respiratory syndrome coronavirus 2 (SARS-CoV-2) antibody responses. Anti-SARS-CoV-2 antibody-testing performance was evaluated using blood samples from asymptomatic or mild COVID-19 patients. Blood samples were collected from 143 COVID-19 patients during an outbreak on a cruise ship 3 weeks after diagnosis. Simultaneously, a follow-up SARS-CoV-2 genetic test was performed. Samples stored before the COVID-19 pandemic were also used to evaluate the lateral flow immunochromatographic assay (LFA) and electrochemiluminescence immunoassay (ECLIA). Titers of anti-SARS-CoV-2 IgM and IgG antibodies against the nucleocapsid and spike proteins were measured using the enzyme-linked immunosorbent assay to confirm which antibodies were influenced on LFA- and ECLIA- false-negative result in crew-member samples. Sensitivity, specificity, positive-predictive, and negative-predictive values of LFA-detected IgM antibodies were 0.231, 1.000, 1.000, and 0.613, respectively; those of LFA-detected IgG antibodies were 0.483, 0.989, 0.972, and 0.601, respectively; and those of ECLIA-detected total antibodies were 0.783, 1.000, 1.000, and 0.848, respectively. All antibody titers measured using ELISA were significantly lower in blood samples with negative results than in those with positive results in both LFA and ECLIA. In the patients with negative results from the follow-up genetic testing, IgM-, IgG-, and total-antibody positivity rates were 22.9%, 47.6%, and 72.4%, respectively. These findings suggest that anti-SARS-CoV-2 antibody testing has lower performance in asymptomatic or mild COVID-19 patients than required in the guidelines.","Adult; Antibodies, Viral; Asymptomatic Infections; COVID-19; COVID-19 Serological Testing; COVID-19 Testing; Disease Outbreaks; Enzyme-Linked Immunosorbent Assay; Female; Humans; Immunoassay; Immunoglobulin G; Immunoglobulin M; Male; Middle Aged; Retrospective Studies; SARS-CoV-2; Sensitivity and Specificity; Ships","Journal Article; Research Support, Non-U.S. Gov't",yes
34555008,"Acute Gastroenteritis on Cruise Ships - Maritime Illness Database and Reporting System, United States, 2006-2019.",Jenkins KA; Vaughan GH; Rodriguez LO; Freeland A,"Morbidity and mortality weekly report. Surveillance summaries (Washington, D.C. : 2002)",2021-Sep,2021,10.15585/mmwr.ss7006a1,"Gastrointestinal illness is common worldwide and can be transmitted by an infected person or contaminated food, water, or environmental surfaces. Outbreaks of gastrointestinal illness commonly occur in crowded living accommodations or communities where persons are physically close. Pathogens that cause gastrointestinal illness outbreaks can spread quickly in closed and semienclosed environments, such as cruise ships. CDC's Vessel Sanitation Program (VSP) is responsible for conducting public health inspections and monitoring acute gastroenteritis (AGE) illness on cruise ships entering the United States after visiting a foreign port. 2006-2019. VSP maintains the Maritime Illness Database and Reporting System (MIDRS) for monitoring cases of AGE illness among passengers and crew sailing on cruise ships carrying ≥13 passengers and within 15 days of arrival at U.S. ports from foreign ports of call. Cruise ships under VSP jurisdiction are required to submit a standardized report (24-hour report) of AGE case counts for passengers and crew 24-36 hours before arrival at the first U.S. port after traveling internationally. If the cumulative number of AGE cases increases after submission of the 24-hour report, an updated report must be submitted no less than 4 hours before the ship arrives at the U.S. port. A special report is submitted to MIDRS when vessels are within 15 days of arrival at a U.S. port and cumulative case counts reach 2% of the passenger or crew population during a voyage. VSP declares an outbreak when 3% or more of the passengers or crew on a voyage report AGE symptom to the ship's medical staff. During 2006-2019, a total of 37,276 voyage reports from 252 cruise ships were submitted to MIDRS. Of the 252 cruise ships, 80.6% were extra large in size (60,001-120,000 gross registered tons [GRT]), 37.0% and 32.9% had voyages lasting 3-5 days and 8-10 days, respectively, and 53.2% were traveling to a port in the Southeast region of the United States at the time the final MIDRS report was submitted. During 2006-2019, VSP received 18,040 (48.4%) 24-hour routine reports, 18,606 (49.9%) 4-hour update reports, and 612 (1.6%) special reports (2% and 3% AGE reports). Incidence rates decreased from 32.5 cases per 100,000 travel days to 16.9 for passengers and from 13.5 to 5.2 for crew. Among passengers, AGE incidence rates increased with increasing ship size and voyage length. For crew members, rates were significantly higher on extra-large ships (19.8 per 100,000 travel-days) compared with small and large ships and on voyages lasting 6-7 days. Geographically, passenger incidence rates were highest among ships underway to ports in California, Alaska, Texas, New York, Florida, and Louisiana. Among passengers, AGE incidence rates were significantly higher on ships anchoring in California (32.1 per 100,000 travel-days [95% confidence interval (CI) = 31.7-32.4]); among crew, they were significantly higher in the South region of the United States (25.9 [CI = ","Acute Disease; Databases, Factual; Disease Notification; Disease Outbreaks; Gastroenteritis; Humans; Ships; Travel-Related Illness; United States",Journal Article,yes
34492022,SARS-CoV-2 infections among Australian passengers on the Diamond Princess cruise ship: A retrospective cohort study.,Walker LJ; Codreanu TA; Armstrong PK; Goodwin S; Trewin A et al.,PloS one,2021,2021,10.1371/journal.pone.0255401,"Prolonged periods of confined living on a cruise ship increase the risk for respiratory disease transmission. We describe the epidemiology and clinical characteristics of a SARS-CoV-2 outbreak in Australian passengers on the Diamond Princess cruise ship and provide recommendations to mitigate future cruise ship outbreaks. We conducted a retrospective cohort study of Australian passengers who travelled on the Diamond Princess from 20 January until 4 February 2020 and were either hospitalised, remained in Japan or repatriated. The main outcome measures included an epidemic curve, demographics, symptoms, clinical and radiological signs, risk factors and length of time to clear infection. Among 223 Australian passengers, 56 were confirmed SARS-CoV-2 positive. Forty-nine cases had data available and of these over 70% had symptoms consistent with COVID-19. Of symptomatic cases, 17% showed signs and symptoms before the ship implemented quarantine and a further two-thirds had symptoms within one incubation period of quarantine commencing. Prior to ship-based quarantine, exposure to a close contact or cabin mate later confirmed SARS-CoV-2 positive was associated with a 3.78 fold (95% CI, 2.24-6.37) higher risk of COVID-19 acquisition compared to non-exposed passengers. Exposure to a positive cabin mate during the ship's quarantine carried a relative risk of 6.18 (95% CI, 1.96-19.46) of developing COVID-19. Persistently asymptomatic cases represented 29% of total cases. The median time to the first of two consecutive negative PCR-based SARS-CoV-2 assays was 13 days for asymptomatic cases and 19 days for symptomatic cases (p = 0.002). Ship based quarantine was effective at reducing transmission of SARS-CoV-2 amongst Australian passengers, but the risk of infection was higher if an individual shared a cabin or was a close contact of a confirmed case. Managing COVID-19 in cruise ship passengers is challenging and requires enhanced health measures and access to onshore quarantine and isolation facilities.","Adolescent; Adult; Aged; Aged, 80 and over; Australia; COVID-19; Child; Child, Preschool; Disease Outbreaks; Female; Humans; Infant; Infant, Newborn; Japan; Male; Middle Aged; Quarantine; Retrospective Studies; SARS-CoV-2; Ships; Travel; Young Adult",Journal Article,yes
34438256,Dynamic network strategies for SARS-CoV-2 control on a cruise ship.,Jenness SM; Willebrand KS; Malik AA; Lopman BA; Omer SB,Epidemics,2021-Dec,2021,10.1016/j.epidem.2021.100488,"SARS-CoV-2 outbreaks have occurred on several nautical vessels, driven by the high-density contact networks on these ships. Optimal strategies for prevention and control that account for realistic contact networks are needed. We developed a network-based transmission model for SARS-CoV-2 on the Diamond Princess outbreak to characterize transmission dynamics and to estimate the epidemiological impact of outbreak control and prevention measures. This model represented the dynamic multi-layer network structure of passenger-passenger, passenger-crew, and crew-crew contacts, both before and after the large-scale network lockdown imposed on the ship in response to the disease outbreak. Model scenarios evaluated variations in the timing of the network lockdown, reduction in contact intensity within the sub-networks, and diagnosis-based case isolation on outbreak prevention. We found that only extreme restrictions in contact patterns during network lockdown and idealistic clinical response scenarios could avert a major COVID-19 outbreak. Contact network changes associated with adequate outbreak prevention were the restriction of passengers to their cabins, with limited passenger-crew contacts. Clinical response strategies required for outbreak prevention may be infeasible in many cruise settings: early mass screening with an ideal PCR test (100 % sensitivity) and immediate case isolation upon diagnosis. Personal protective equipment (e.g., facemasks) had limited impact in this environment because the majority of transmissions after the ship lockdown occurred between passengers in cabins where masks were not consistently used. Public health restrictions on optional leisure activities like these should be considered until longer-term effective solutions such as a COVID-19 vaccine become widely available.",COVID-19; COVID-19 Vaccines; Communicable Disease Control; Humans; SARS-CoV-2; Ships,"Journal Article; Research Support, N.I.H., Extramural",yes
34423761,"Epidemiology of Coronavirus Disease Outbreak among Crewmembers on Cruise Ship, Nagasaki City, Japan, April 2020.",Maeda H; Sando E; Toizumi M; Arima Y; Shimada T et al.,Emerging infectious diseases,2021-Sep,2021,10.3201/eid2709.204596,"In April 2020, a coronavirus disease (COVID-19) outbreak occurred on the cruise ship Costa Atlantica in Nagasaki, Japan. Our outbreak investigation included 623 multinational crewmembers onboard on April 20. Median age was 31 years; 84% were men. Each crewmember was isolated or quarantined in a single room inside the ship, and monitoring of health status was supported by a remote health monitoring system. Crewmembers with more severe illness were hospitalized. The investigation found that the outbreak started in late March and peaked in late April, resulting in 149 laboratory-confirmed and 107 probable cases of infection with severe acute respiratory syndrome coronavirus 2. Six case-patients were hospitalized for COVID-19 pneumonia, including 1 in severe condition and 2 who required oxygen administration, but no deaths occurred. Although the virus can spread rapidly on a cruise ship, we describe how prompt isolation and quarantine combined with a sensitive syndromic surveillance system can control a COVID-19 outbreak.",Adult; COVID-19; Disease Outbreaks; Humans; Japan; Male; SARS-CoV-2; Ships,"Journal Article; Research Support, Non-U.S. Gov't; Review",yes
34414311,Development of Corona-virus-disease-19 Vaccines.,Hasegawa H,JMA journal,2021-Jul,2021,10.31662/jmaj.2021-0068,"The year 2020 opened with news of an epidemic of pneumonia caused by a new coronavirus similar to the SARS coronavirus in Wuhan, China, and subsequently caused a worldwide pandemic. In Japan, the first infected person was found in January, and later, more than 700 passengers and crew members of the Diamond Princess, a large cruise ship that called at Yokohama port, were found to be infected, and the ship was forced to respond to the outbreak. The causative virus was quickly identified as a beta coronavirus similar to the severe acute respiratory syndrome (SARS) coronavirus of 2003 and was named SARS coronavirus 2 (SARS-CoV-2). The disease was named COVID-19. SARS-CoV-2, like SARS-CoV and MERS-CoV, infects the epithelial cells of the lungs and causes viral pneumonia. As of March 7, 2021, more than 116 million people have been infected and more than 2.5 million people have died worldwide. As a result of the global pandemic, regional blockades have been imposed around the world, and the development of vaccines and therapeutic agents has become an urgent necessity in order to restore normal social activities. In this review, the experience of the development of SARS-CoV-2 vaccine is described.",,Journal Article; Review,yes
34404064,[A Report from the Front Line of New Coronavirus Treatment].,Niwa T,Gan to kagaku ryoho. Cancer & chemotherapy,2021-Aug,2021,,"Our hospital has been at the forefront of the treatment of novel coronavirus infections in Japan, starting with patients who contracted the disease on the cruise ship""Diamond Princess"", and now accepting more than 470 patients with moderate disease. Today our hospital continues to expand its dedicated beds for infected patients, and has been confronted with a variety of problems in terms of treatment system, treatment strategy, and local medical structure. In this article, we review the events that occurred on the frontline from the early days of patient admission to the hospital over a year later, through 3 phases of increased infection, and summarize as objectively as possible the impact of these events on general practice, including cancer care.",COVID-19; Hospitals; Humans; Japan; SARS-CoV-2; Ships,Journal Article; Review,yes
34316564,Possibility of transmission of severe acute respiratory syndrome coronavirus 2 in a tertiary care hospital setting: A case study.,Morioka S; Nakamura K; Iida S; Kutsuna S; Kinoshita N et al.,Infection prevention in practice,2020-Sep,2020,10.1016/j.infpip.2020.100079,"The severe acute respiratory syndrome coronavirus 2 (SARS-CoV-2) infection has spready globally. This report describes the person-to-person transmission of the virus in a hospital setting. A 63-year-old man with pneumonia and a 70-year-old man without symptoms were admitted to a tertiary hospital with SARS-CoV-2 infection. Both men were accompanied by their wives, who stayed with their husbands during their hospitalisation. The wives of Patient 1 and Patient 2 tested positive and negative for SARS-CoV-2, respectively. Of the environmental samples tested, 1/21 and 0/25 from the rooms of Patient 1 and Patient 2, respectively, tested positive for SARS-CoV-2. Patient 1's wife appeared to have acquired infection during her husband's hospitalisation. The study had several limitations, including methodology inconsistencies. Additionally, a viral culture was not performed to demonstrate the viability of the virus identified in the environmental sample. Finally, the wife of Patient 1 stayed on the Diamond Princess cruise ship for 4 days before being transferred to the hospital and may have been infected on the ship and not while in the hospital. Our study suggests that airborne transmission of SARS-CoV-2 may be limited. However, owing to the abovementioned limitations, the results should be interpreted with caution.",,Journal Article,yes
34310544,Influenza-Like Illness Among Personnel Responding to U.S. Quarantine of Cruise Ship Passengers Exposed to SARS-CoV-2.,Harvey RR; Nett RJ; McNamara K; McClung RP; Pieracci EG et al.,Journal of occupational and environmental medicine,2022-Jan,2022,10.1097/JOM.0000000000002335,"Before community transmission of COVID-19 was recognized in the United States, cruise ship passengers with high risk for exposure to SARS-CoV-2 were repatriated and quarantined. We describe cases of influenza-like illness (ILI) among responders. We reviewed situation reports and responder illness reports to characterize ill responders, including illness onset date, symptoms, fever, diagnostic tests, potential breaches in PPE use, and return to work status. Among 339 responders, nine (3%) reported ILI. No breaches in PPE were reported. Three responders with ILI were tested for both SARS-CoV-2 infection and influenza A; none tested positive for SARS-CoV-2 infection and two tested positive for influenza A. Despite an outbreak of ILI among responders, none were diagnosed with COVID-19, suggesting preventive measures in place might have been sufficient to prevent responders from SARS-CoV-2 exposure.","COVID-19; Diagnostic Tests, Routine; Humans; Influenza, Human; Quarantine; SARS-CoV-2; Ships; United States","Journal Article; Research Support, U.S. Gov't, Non-P.H.S.",yes
34291001,How is the iceberg of COVID-19? Results from a rapid literature review.,Moradi G; Gholami F; Rasouli MA; Bagheri Amiri F; Moradi Y,Medical journal of the Islamic Republic of Iran,2021,2021,10.47176/mjiri.35.77,"Background: Given the various reports of the clinical spectrum of the disease, the aim of the present study was to determine possible scenarios of Coronavirus 2019 (COVID-19) iceberg using published articles. Methods: The present study was a rapid review of all international databases, including PubMed (Medline), Scopus, Web of Sciences, Embase, and Cochrane Library from January 1 to October 30, 2020. Results: In this review, 7 scenarios were considered for COVID-19 iceberg, in which the range of fatality percentage was estimated to be 0.5% to 7%, the range of asymptomatic cases 1% to 88.6%, the range of cases with mild symptoms 8% to 78%, no symptoms 1 % to 90 %, the range of intensive care unit (ICU) admission was 0.5% to 14.2%, and finally the intubation percentage was estimated to be 0.2% to 12.2%. The Scenarios Diamond Princess Cruise Ship and Iceland are closer to the reality of the clinical spectrum of COVID-19 around the world, which represent 0.6% and 0.5% of deaths, 0.7% and 1% of intubations, 2.5% and 9.7% of ICU admissions, 1.1% and 6% of hospitalizations, 15% and 31% of cases with mild symptoms, and finally 56.9% and 75% of asymptomatic cases of COVID-19, respectively, which should now be considered as the basis of the clinical knowledge of the disease. Conclusion: Understanding the clinical spectrum and natural knowledge of the disease and paying attention to asymptomatic or mild-symptom cases can help to make better decisions and develop more effective interventions to control COVID-19.",,Journal Article; Review,yes
34279826,Prevalence of COVID-19 and the Continued Citizen-Based Control in Japan.,Yanase S; Sugimori H,Advances in experimental medicine and biology,2021,2021,10.1007/978-3-030-71697-4_2,"Since an outbreak of COVID-19 was detected among the crew and passengers of the Diamond Princess cruise ship in early 2020, the total number of cases of SARS-CoV-2 has surpassed 440,000 in Japan. However, that number remains small compared with other countries, such as the United States, a few European countries, and China. Despite the Japanese government not imposing a lockdown or implementing large-scale testing at the municipal level, the country has managed to contain the smaller outbreaks. To avoid infection, it is important to wear a face mask, wash one's hands, and observe social distancing. In addition, we focus on the clinical laboratory testing performed using the latest technology to detect SARS-CoV-2 RNA in a hospital in Yokohama, Japan. Large-scale testing of viral RNA would be useful for detecting asymptomatic virus carriers as is done in other countries, and could be carried out as a future measure for controlling COVID-19.","COVID-19; China; Communicable Disease Control; Disease Outbreaks; Europe; Humans; Japan; Prevalence; Quarantine; RNA, Viral; SARS-CoV-2; Ships; United States",Journal Article,yes
34275978,Efficacy of Chest Radiography as a Primary Care Triage Tool in Severe Coronavirus Disease.,Sasaki H; Kawano S; Ota S; Taniguchi H; Kodama T et al.,"Internal medicine (Tokyo, Japan)",2021-Sep,2021,10.2169/internalmedicine.5205-20,"Objective Severe acute respiratory syndrome coronavirus 2 has spread globally, and it is important to utilize medical resources properly, especially in critically ill patients. We investigated the validity of chest radiography as a tool for predicting aggravation in coronavirus disease (COVID-19) cases. Methods A total of 104 laboratory-confirmed COVID-19 cases were referred from the cruise ship ""Diamond Princess"" to the Self-Defense Forces Central Hospital in Japan from February 11 to 25, 2020. Fifty-nine symptomatic patients were selected. Chest radiography was performed upon hospitalization; subsequently, patients were categorized into the positive radiograph (Group A) and negative radiograph (Group B) groups. Radiographic findings were analyzed with a six-point semiquantitative score. Group A was further classified into two additional subgroups: patients who required oxygen therapy during their clinical courses (Group C) and patients who did not (Group D). Clinical records, laboratory data, and radiological findings were collected for an analysis. Results Among 59 patients, 34 were men with a median age of 60 years old. Groups A, B, C, and D consisted of 33, 26, 12, and 21 patients, respectively. The number of patients requiring oxygen administration was significantly larger in Group A than in Group B. The consolidation score on chest radiographs was significantly higher in Group C than in Group D. When chest radiographs showed consolidation in more than two lung fields, the positive likelihood ratio of deterioration was 10.6. Conclusions Chest radiography is a simple and easy-to-use clinic-level triage tool for predicting the severity of COVID-19 and may contribute to the allocation of medical resources.","COVID-19; Humans; Male; Middle Aged; Primary Health Care; Radiography; Radiography, Thoracic; Retrospective Studies; SARS-CoV-2; Triage",Journal Article,yes
34270796,"Travel medicine meets conservation medicine in St. Kitts: Disinhibition, cognitive-affective inconsistency, and disease risk among vacationers around green monkeys (Chlorocebus sabaeus).",Muehlenbein MP; Dore KM; Gassen J; Nguyen V; Jolley OG et al.,American journal of primatology,2022-May,2022,10.1002/ajp.23301,"Despite concern about environmental protection, travelers often underestimate the contribution they may have to disease transmission to other species, as well as the risk of becoming infected themselves. Tourists in general tend to accept more physical risks when traveling than when at home, and much of this can be blamed on the temporary loss of situational awareness and loss of inhibition with a corresponding relaxed attitude toward safety. To better understand environmental attitudes and travel health knowledge and behaviors, a detailed survey of adult tourists was distributed on the island of St. Kitts, home to many green monkeys. Data from 1097 respondents were collected at two locations where cruise ship passengers typically visit the island. Results revealed that even though individuals with more positive environmental attitudes were more willing to take steps to mitigate tourism-related disease transmission, they were also more likely to report wanting to touch or feed a monkey/ape. Similarly, those more willing to prevent the spread of diseases (e.g., wear a mask and report any illnesses to park authorities) were actually more likely to want to touch or feed a monkey/ape. The human desire for physical contact with other species may be partly the result of biophilia, emotionally arousing events (like contact with exotic species) that can lead to further disinhibition, and social media platforms that provide opportunities for exhibitionism. The attitude-behavior incongruency identified here may also be explained through cognitive-affective inconsistency: environmentally-oriented individuals believe that it is prudent to take steps to prevent zoonotic disease transmission but also desire to touch or feed exotic species as it may be emotionally rewarding. Individuals for whom physically interacting with monkeys/apes may be emotionally rewarding may not alter their behavior in response to cognitive means of persuasion; techniques aimed at appealing to emotions may be more effective.",Animals; Attitude; Chlorocebus aethiops; Cognition; Humans; Travel; Travel Medicine; Zoonoses,"Journal Article; Research Support, Non-U.S. Gov't",no
34248221,Viral transmission and evolution dynamics of SARS-CoV-2 in shipboard quarantine.,Yeh TY; Contreras GP,Bulletin of the World Health Organization,2021-Jul,2021,10.2471/BLT.20.255752,"To examine transmission and evolution of severe acute respiratory syndrome coronavirus 2 (SARS-CoV-2) in shipboard quarantine of the Diamond Princess cruise ship. We obtained the full SARS-CoV-2 genome sequences of 28 samples from the Global Initiative on Sharing All Influenza Data database. The samples were collected between 10 and 25 February 2020 and came for individuals who had been tested for SARS-CoV-2 during the quarantine on the cruise ship. These samples were later sequenced in either Japan or the United States of America. We analysed evolution dynamics of SARS-CoV-2 using computational tools of phylogenetics, natural selection pressure and genetic linkage. The SARS-CoV-2 outbreak in the cruise most likely originated from either a single person infected with a virus variant identical to the WIV04 isolates, or simultaneously with another primary case infected with a virus containing the 11083G > T mutation. We identified a total of 24 new viral mutations across 64.2% (18/28) of samples, and the virus evolved into at least five subgroups. Increased positive selection of SARS-CoV-2 were statistically significant during the quarantine (Tajima's D: -2.03, P < 0.01; Fu and Li's D: -2.66, P < 0.01; and Zeng's E: -2.37, P < 0.01). Linkage disequilibrium analysis confirmed that ribonucleic acid (RNA) recombination with the11083G > T mutation also contributed to the increase of mutations among the viral progeny. The findings indicate that the 11083G > T mutation of SARS-CoV-2 spread during shipboard quarantine and arose through de novo RNA recombination under positive selection pressure. Étudier la transmission et l'évolution du coronavirus 2 du syndrome respiratoire aigu sévère (SARS-CoV-2) lors d'une quarantaine à bord du navire de croisière Diamond Princess. Nous avons obtenu l'ensemble des séquences génétiques du SARS-CoV-2 de 28 échantillons issus de la base de données de l'Initiative mondiale de partage des données sur la grippe aviaire (GISAID). Ces échantillons ont été collectés entre le 10 et le 25 février 2020 et prélevés sur des individus soumis à un test de dépistage du SARS-CoV-2 durant la quarantaine à bord du navire. Ils ont ensuite été séquencés soit au Japon, soit aux États-Unis d'Amérique. Nous avons analysé la dynamique d'évolution du SARS-CoV-2 à l'aide d'outils informatiques de phylogénétique, de pression sélective naturelle et de liaison génétique. L'épidémie de SARS-CoV-2 à bord provient vraisemblablement d'une seule personne infectée par un variant identique aux isolats WIV04, ou simultanément d'un autre cas primaire d'infection par un virus contenant la mutation 11083G > T. Nous avons détecté au total 24 nouvelles mutations virales dans 64,2% (18/28) des échantillons, et le virus a évolué en cinq sous-groupes minimum. La sélection positive accrue de SARS-CoV-2 s'est révélée statistiquement significative durant la quarantaine (D de Tajima: −2,03, P < 0,01; D de Fu et Li: −2,66, P < 0,01; et E de Zeng: −2,37, P < 0,01). L'an","COVID-19; Databases, Nucleic Acid; Disease Outbreaks; Hong Kong; Humans; Mutation; Phylogeny; Quarantine; RNA; SARS-CoV-2; Ships",Journal Article,yes
34228387,"Clinical characteristics and outcomes of COVID-19 in a low-prevalence, well resourced setting, Sydney, Australia.",Shiel E; Miyakis S; Tennant E; Fernando S; Kizny-Gordon A et al.,Internal medicine journal,2021-Oct,2021,10.1111/imj.15445,"The Northern Sydney Local Health District was one of the first health regions to be affected by COVID-19 in Australia. To describe the clinical characteristics, risk factors and outcomes in our low-prevalence Australian population. This is a retrospective analysis of 517 laboratory-confirmed COVID-19 cases between January and June 2020. Patient information was collected as part of routine care within the COVID-19 Virtual Hospital system. Outcomes examined were death, recovery at 30 days and intensive care unit (ICU) admission. The case fatality rate was 1.8%. Multivariate analysis showed factors independently associated with death, composite outcome of death/ICU admission or incomplete recovery at 30 days were age >80 years and presence of two or more comorbidities. Most cases acquired COVID-19 through international (50.9%) or cruise ship travel (9.1%). Healthcare workers comprised 12.8% of the cohort and represented a disproportionately high percentage of the 'unknown' source group (27.6%). The median incubation period was 5 days (interquartile range 3-8); one patient had an incubation period of 15 days. Hospitalisation was required in 11.8%, ICU admission in 2.1% and ventilation in 1.4%. A Radiographic Assessment of Lung Oedema score on chest X-ray of >10 was independently associated with death. In this low prevalence, well resourced Australian setting, we report an overall low mortality. Factors associated with adverse patient outcomes on multivariate analysis were age greater than 80 and the presence of two or more comorbidities. These data can assist in early risk stratification of COVID-19 patients, and in surge capacity planning for hospitals.","Aged, 80 and over; Australia; COVID-19; Hospitalization; Humans; Intensive Care Units; Prevalence; Retrospective Studies; SARS-CoV-2",Journal Article,yes
34196635,Trauma- and stressor-related disorders in survivors from a shipwreck: a short report on forensic implications.,Rinaldi R; Bersani FS; Straccamore M; Bottoni E; Petrasso PEY et al.,Rivista di psichiatria,2021,2021,10.1708/3635.36159,"On January 2012 the Costa Concordia cruise ship sank after hitting an underwater rock off Isola del Giglio, in Tuscany, this resulting in a number of deaths and injuries. After the disaster, several survivors developed psychological disturbances. This led to medico-legal evaluations aimed at assessing the psychiatric sequelae of the accident in order to quantify the permanent biological impairment and the related compensations. In the present manuscript we provide an overview of the results of clinical and medico-legal evaluations performed between 2013 and 2019 on 177 survivors complaining psychological disturbances. The most frequently diagnosed condition was Post-Traumatic Stress Disorder (PTSD; n=90), followed by Acute Stress Disorder (n=37), Adjustment Disorders (n=29) and Generalized Anxiety Disorder (n=5). The results of such evaluations are consistent with evidence indicating the risk of developing PTSD and other trauma- and stressor-related disorders among disaster survivors; further, they highlight the potential relevance in the forensic context of individual elements increasing or decreasing the possibility to develop PTSD among subjects exposed to similar life threatening experiences.","Adaptation, Psychological; Anxiety Disorders; Disasters; Humans; Stress Disorders, Post-Traumatic; Survivors",Journal Article,no
34171018,The cruise industry and the COVID-19 outbreak.,Ito H; Hanaoka S; Kawasaki T,Transportation research interdisciplinary perspectives,2020-May,2020,10.1016/j.trip.2020.100136,"The movement of cruise ships has the potential to be a major trigger of coronavirus disease (COVID-19) outbreaks. In Australia, the cruise ship Ruby Princess became the largest COVID-19 epicenter. When the Ruby Princess arrived at the Port of Sydney in New South Wales on March 19, 2020, approximately 2700 passengers disembarked. By March 24, about 130 had tested positive for COVID-19, and by March 27, the number had increased to 162. The purpose of this study is to analyze the relationship between the cruise industry and the COVID-19 outbreak. We take two perspectives: the first analysis focuses on the relationship between the estimated number of cruise passengers landing and the number of COVID-19 cases. We tracked the movement of all ocean cruise ships around the world using automatic identification system data from January to March 2020. We found that countries with arrival and departure ports and with ports that continued to accept cruise ships until March have a higher COVID-19 infection rate than countries that did not. The second analysis focuses on the characteristics of cruise ships infected with COVID-19. For this purpose, we utilize the list named ""Cruise ships affected by COVID-19"" released by the Centers for Disease Control and Prevention. As a result, cruise ships infected with COVID-19 were large in size and operated regular cruises that sailed from the same port of arrival and departure to the same ports of call on a weekly basis.",,Journal Article,yes
34111203,"Detection of SARS-CoV-2 using qRT-PCR in saliva obtained from asymptomatic or mild COVID-19 patients, comparative analysis with matched nasopharyngeal samples.",Ota K; Yanagihara K; Sasaki D; Kaku N; Uno N et al.,PloS one,2021,2021,10.1371/journal.pone.0252964,"The accurate detection of severe acute respiratory syndrome-coronavirus 2 (SARS-CoV-2) is essential for the diagnosis of coronavirus disease 2019 (COVID-19). We compared the quantitative RT-PCR results between nasopharyngeal swabs and saliva specimens. A COVID-19 outbreak occurred on a cruise ship at Nagasaki port, Japan. We obtained 123 nasopharyngeal swabs and saliva each from asymptomatic or mild patients in the late phase of infection. The intervals from the diagnosis to the sampling were 25.5 days for nasopharyngeal swabs and 28.9 days for saliva. The positive rate was 19.5% (24/123) for nasopharyngeal swabs and 38.2% (47/123) for saliva (P = 0.48). The quantified viral copies (mean ± SEM copies/5 μl) were 9.3±2.6 in nasopharyngeal swabs and 920±850 in saliva (P = 0.0006). The advantages of saliva specimens include positive rate improvement and accurate viral load detection. Saliva may be used as a reliable sample for SARS-CoV-2 detection.",COVID-19; COVID-19 Nucleic Acid Testing; Humans; Nasopharynx; SARS-CoV-2; Saliva; Specimen Handling,"Comparative Study; Journal Article; Research Support, Non-U.S. Gov't",yes
36417184,Mask-Ematics: Modeling the Effects of Masks in COVID-19 Transmission in High-Risk Environments.,Morciglio A; Zhang B; Chowell G; Hyman JM; Jiang Y,"Epidemiologia (Basel, Switzerland)",2021-May,2021,10.3390/epidemiologia2020016,"The COVID-19 pandemic has placed an unprecedented burden on public health and strained the worldwide economy. The rapid spread of COVID-19 has been predominantly driven by aerosol transmission, and scientific research supports the use of face masks to reduce transmission. However, a systematic and quantitative understanding of how face masks reduce disease transmission is still lacking. We used epidemic data from the Diamond Princess cruise ship to calibrate a transmission model in a high-risk setting and derive the reproductive number for the model. We explain how the terms in the reproductive number reflect the contributions of the different infectious states to the spread of the infection. We used that model to compare the infection spread within a homogeneously mixed population for different types of masks, the timing of mask policy, and compliance of wearing masks. Our results suggest substantial reductions in epidemic size and mortality rate provided by at least 75% of people wearing masks (robust for different mask types). We also evaluated the timing of the mask implementation. We illustrate how ample compliance with moderate-quality masks at the start of an epidemic attained similar mortality reductions to less compliance and the use of high-quality masks after the epidemic took off. We observed that a critical mass of 84% of the population wearing masks can completely stop the spread of the disease. These results highlight the significance of a large fraction of the population needing to wear face masks to effectively reduce the spread of the epidemic. The simulations show that early implementation of mask policy using moderate-quality masks is more effective than a later implementation with high-quality masks. These findings may inform public health mask-use policies for an infectious respiratory disease outbreak (such as one of COVID-19) in high-risk settings.",,Journal Article,yes
34047029,"Demographics, clinical characteristics and outcomes among 197 patients with COVID-19 in the Gold Coast area.",Je D; O'Brolchain A; Ulett KB; Zainudheen A; Gerrard J et al.,Internal medicine journal,2021-May,2021,10.1111/imj.15260,"Clinical characteristics and outcomes of coronavirus disease 2019 (COVID-19) patients have been varied internationally but have not been studied in an Australian cohort. To describe characteristics and outcomes of approximately the first 200 documented COVID-19 cases during the first outbreak in the Gold Coast. Retrospective observational cohort study of COVID-19 patients managed by Gold Coast Hospital and Health Service (GCHHS). Demographics, clinical characteristics and outcomes data were collected. One hundred and ninety-seven patients were included (mean age 45 years); 52.3% were female and 9.1% were healthcare workers. Most were overseas travellers (53.8%), contacts of a local confirmed case (25.4%) or cruise ship passengers (17.3%). The commonest comorbidities were hypertension (14.2%) and asthma (11.2%). The commonest symptoms were cough (74.1%), fever (58.9%), sore throat (48.7%), headache (48.7%) and rhinorrhoea (46.2%). Sixty-three patients were hospitalised and the rest admitted to a 'virtual ward'. Of 63 hospitalised patients, 5 (7.9%) required intensive care unit (ICU) admission and 3 (4.8%) required intubation. No patients died. Due to low numbers of accurate exposure dates, the incubation period could not be reliably calculated for a significant proportion of the cohort. Average duration of symptoms was 14 days, time from first symptom to hospitalisation was 5.3 days and time from first symptom to ICU admission was 11.6 days. The majority (88%) experienced mild disease and achieved complete symptom resolution (97%). Nasopharyngeal swab polymerase chain reaction was the main diagnostic method (99%). Twenty-four patients received anti-viral pharmacotherapy, with 87.5% getting hydroxychloroquine. The present study provides characteristics and outcomes of the first 197 patients with COVID-19 in the Gold Coast.",Female; Humans; Male; Middle Aged; Australia; COVID-19; Demography; Retrospective Studies; SARS-CoV-2,Journal Article; Observational Study,yes
34011679,Shedding of Viable Virus in Asymptomatic SARS-CoV-2 Carriers.,Murata T; Sakurai A; Suzuki M; Komoto S; Ide T et al.,mSphere,2021-May,2021,10.1128/mSphere.00019-21,"Information regarding the infectivity of severe acute respiratory syndrome coronavirus 2 (SARS-CoV-2) in asymptomatic carriers is scarce. In order to determine the duration of infectivity and its correlation with reverse transcription-PCR (RT-PCR) results and time since initial positive PCR test in this population, we evaluated SARS-CoV-2 cell infectivity in nasopharyngeal samples longitudinally obtained from asymptomatic carriers who disembarked from a cruise ship during a COVID-19 outbreak. Of 166 nasopharyngeal samples collected from 39 asymptomatic carriers every 48 h until two consecutive negative PCR test results were obtained, SARS-CoV-2 was successfully isolated from 9 PCR-positive samples which were obtained from 7 persons (18%; 7/39). Viable viruses were isolated predominantly within 7 days after the initial positive PCR test, except for one person who shed viable virus until day 15. The median crossing point (Cp) value of RT-PCR of culture-positive samples was 24.6 (interquartile range [IQR], 20.4 to 25.8; range, 17.9 to 30.3), and Cp values were significantly associated with isolation of viable virus (odds ratio, 0.496; 95% confidence interval [CI], 0.329 to 0.747; P value, 0.001), which was consistent with existing data for symptomatic patients. Genome sequence analysis of SARS-CoV-2 samples consecutively obtained from a person who shed viable virus for 15 days identified the emergence of two novel single nucleotide variants (C8626T transition and C18452T transition) in the sample collected on day 15, with the latter corresponding to an amino acid substitution in nonstructural protein 14. The impact of these mutations on prolonged viable-virus shedding is unclear. These findings underscore the potential role of asymptomatic carriers in transmission.IMPORTANCE A growing number of studies suggest the potential role of asymptomatic SARS-CoV-2 carriers as a major driver of the COVID-19 pandemic; however, virological assessment of asymptomatic infection has largely been limited to reverse transcription-PCR (RT-PCR), which can be persistently positive without necessarily indicating the presence of viable virus (e.g., replication-competent virus). Here, we evaluated the infectivity of asymptomatic SARS-CoV-2 carriers by detecting SARS-CoV-2-induced cytopathic effects on Vero cells using longitudinally obtained nasopharyngeal samples from asymptomatic carriers. We show that asymptomatic carriers can shed viable virus until 7 days after the initial positive PCR test, with one outlier shedding until day 15. The crossing point (Cp) value of RT-PCR was the leading predictive factor for virus viability. These findings provide additional insights into the role of asymptomatic carriers as a source of transmission and highlight the importance of universal source control measures, along with isolation policy for asymptomatic carriers.","Adolescent; Adult; Aged; Animals; Asymptomatic Infections; COVID-19; COVID-19 Nucleic Acid Testing; Cell Line; Child; Chlorocebus aethiops; Female; Genome, Viral; Humans; Male; Middle Aged; Nasopharynx; SARS-CoV-2; Vero Cells; Virus Shedding; Whole Genome Sequencing; Young Adult","Journal Article; Research Support, Non-U.S. Gov't",yes
33980836,Estimating COVID-19 mortality in Italy early in the COVID-19 pandemic.,Modi C; Böhm V; Ferraro S; Stein G; Seljak U,Nature communications,2021-May,2021,10.1038/s41467-021-22944-0,"Estimating rates of COVID-19 infection and associated mortality is challenging due to uncertainties in case ascertainment. We perform a counterfactual time series analysis on overall mortality data from towns in Italy, comparing the population mortality in 2020 with previous years, to estimate mortality from COVID-19. We find that the number of COVID-19 deaths in Italy in 2020 until September 9 was 59,000-62,000, compared to the official number of 36,000. The proportion of the population that died was 0.29% in the most affected region, Lombardia, and 0.57% in the most affected province, Bergamo. Combining reported test positive rates from Italy with estimates of infection fatality rates from the Diamond Princess cruise ship, we estimate the infection rate as 29% (95% confidence interval 15-52%) in Lombardy, and 72% (95% confidence interval 36-100%) in Bergamo.","Adolescent; Adult; Aged; Aged, 80 and over; COVID-19; Child; Child, Preschool; Humans; Infant; Infant, Newborn; Italy; Middle Aged; Pandemics; SARS-CoV-2; Survival Rate; Young Adult",Journal Article; Multicenter Study,yes
33978720,Cruise Ship Travel in the Era of Coronavirus Disease 2019 (COVID-19): A Summary of Outbreaks and a Model of Public Health Interventions.,Guagliardo SAJ; Prasad PV; Rodriguez A; Fukunaga R; Novak RT et al.,Clinical infectious diseases : an official publication of the Infectious Diseases Society of America,2022-Feb,2022,10.1093/cid/ciab433,"Cruise travel contributed to severe acute respiratory syndrome coronavirus 2 (SARS-CoV-2) transmission when there were relatively few cases in the United States. By 14 March 2020, the Centers for Disease Control and Prevention (CDC) issued a No Sail Order suspending US cruise operations; the last US passenger ship docked on 16 April. We analyzed SARS-CoV-2 outbreaks on cruises in US waters or carrying US citizens and used regression models to compare voyage characteristics. We used compartmental models to simulate the potential impact of 4 interventions (screening for coronavirus disease 2019 (COVID-19) symptoms; viral testing on 2 days and isolation of positive persons; reduction of passengers by 40%, crew by 20%, and reducing port visits to 1) for 7-day and 14-day voyages. During 19 January to 16 April 2020, 89 voyages on 70 ships had known SARS-CoV-2 outbreaks; 16 ships had recurrent outbreaks. There were 1669 reverse transcription polymerase chain reaction (RT-PCR)-confirmed SARS-CoV-2 infections and 29 confirmed deaths. Longer voyages were associated with more cases (adjusted incidence rate ratio, 1.10, 95% confidence interval [CI]: 1.03-1.17, P < .003). Mathematical models showed that 7-day voyages had about 70% fewer cases than 14-day voyages. On 7-day voyages, the most effective interventions were reducing the number of individuals onboard (43.3% reduction in total infections) and testing passengers and crew (42% reduction in total infections). All four interventions reduced transmission by 80.1%, but no single intervention or combination eliminated transmission. Results were similar for 14-day voyages. SARS-CoV-2 outbreaks on cruises were common during January-April 2020. Despite all interventions modeled, cruise travel still poses a significant SARS-CoV-2 transmission risk.",COVID-19; Disease Outbreaks; Humans; Public Health; SARS-CoV-2; Ships; Travel; United States,"Journal Article; Research Support, U.S. Gov't, P.H.S.",yes
33967376,A systematic approach to estimating the effectiveness of multi-scale IAQ strategies for reducing the risk of airborne infection of SARS-CoV-2.,Shen J; Kong M; Dong B; Birnkrant MJ; Zhang J,Building and environment,2021-Aug,2021,10.1016/j.buildenv.2021.107926,"The unprecedented coronavirus disease 2019 (COVID-19) pandemic caused by the severe acute respiratory syndrome coronavirus 2 (SARS-CoV-2) has made more than 125 million people infected and more than 2.7 million people dead globally. Airborne transmission has been recognized as one of the major transmission routes for SARS-CoV-2. This paper presents a systematic approach for evaluating the effectiveness of multi-scale IAQ control strategies in mitigating the infection risk in different scenarios. The IAQ control strategies across multiple scales from a whole building to rooms, and to cubical and personal microenvironments and breathing zone, are introduced, including elevated outdoor airflow rates, high-efficiency filters, advanced air distribution strategies, standalone air cleaning technologies, personal ventilation and face masks. The effectiveness of these strategies for reducing the risk of COVID-19 infection are evaluated for specific indoor spaces, including long-term care facility, school and college, meat plant, retail stores, hospital, office, correctional facility, hotel, restaurant, casino and transportation spaces like airplane, cruise ship, subway, bus and taxi, where airborne transmission are more likely to occur due to high occupancy densities. The baseline cases of these spaces are established according to the existing standards, guidelines or practices. Several integrated mitigation strategies are recommended and classified based on their relative cost and effort of implementation for each indoor space. They can be applied to help meet the current challenge of ongoing COVID-19, and provide better preparation for other possible epidemics and pandemics of airborne infectious diseases in the future.",,Journal Article,yes
33949652,Managing passenger flows for seaborne transportation during COVID-19 pandemic.,Niemelä E; Spohr J; Hellström M; Långstedt J; Tsvetkova A et al.,Journal of travel medicine,2021-Oct,2021,10.1093/jtm/taab068,"The ongoing coronavirus disease 2019 (COVID-19) pandemic has negatively affected the cruise and ferry industry as the passenger numbers and revenues have plummeted. Therefore, we developed a holistic approach for mitigating COVID-19 during seaborne transportation in a cost-efficient way by combining behavioural changes, procedural workflows and technical innovations to reset the industry.",COVID-19; Humans; Pandemics; SARS-CoV-2; Transportation; Travel,"Journal Article; Research Support, Non-U.S. Gov't",no
36540687,Cruise ship dining experiencescape: The perspective of female cruise travelers in the midst of the COVID-19 pandemic.,Radic A; Lück M; Al-Ansi A; Chua BL; Seeler S et al.,International journal of hospitality management,2021-May,2021,10.1016/j.ijhm.2021.102923,"The cruise dining experience is one of the core elements of the overall cruise travel experience as guests fulfill their cognitive and affective needs in this pleasant environment. Nonetheless, the cruise dining experience has been sparsely researched. There is also no holistic model conceptualizing the cruise ship dining experiencescape. This study explores how under the influence of the COVID-19 pandemic, cruise ship dining environment stimuli dimensions are evaluated by female cruise travelers. Female travelers are the major spenders and travel decision-makers. They are also the dominant customer group in the cruise sector. Their perception of cruise ship dining environment is leading to their positive emotional responses and approach behavior. More precisely, this study demonstrates the potency of the moderating role of a perceived health risk from COVID-19, which strengthens female travelers' perceptions of the dining atmosphere and interaction with other guests by evoking positive emotions and influencing their approach behavior.",,Journal Article,yes
33900170,"Successful Control of an Onboard COVID-19 Outbreak Using the Cruise Ship as a Quarantine Facility, Western Australia, Australia.",Codreanu TA; Ngeh S; Trewin A; Armstrong PK,Emerging infectious diseases,2021-May,2021,10.3201/eid2705.204142,"Onboard quarantining has been only partially effective to control outbreaks of coronavirus disease on cruise ships. We describe the successful use of the ship as a quarantine facility during the response to the outbreak on the MS Artania, which docked in Western Australia, Australia. The health-led 14-day quarantine regime was based on established principles of outbreak management and experiences of coronavirus disease outbreaks on cruise ships elsewhere. The attack rate in the crew was 3.3% (28/832) before quarantine commencement and 4.8% (21/441) during quarantine on board. No crew members became symptomatic after completion of quarantine. Infection surveillance involved telephone correspondence, face-to-face visits, and testing for severe acute respiratory syndrome coronavirus 2. No serious health issues were reported, no response staff became infected, and only 1 quarantine breach occurred among crew. Onboard quarantine could offer financial and operational advantages in outbreak response and provide reassurance to the shore-based wider community regarding risk for infection.",Australia; COVID-19; Disease Outbreaks; Humans; Quarantine; SARS-CoV-2; Ships; Western Australia,Journal Article; Review,yes
33875902,Lack of cross-transmission of SARS-CoV-2 between passenger's cabins on the Diamond Princess cruise ship.,Xu P; Jia W; Qian H; Xiao S; Miao T et al.,Building and environment,2021-Jul,2021,10.1016/j.buildenv.2021.107839,"An outbreak of COVID-19 occurred on the Diamond Princess cruise ship in January and February 2020 in Japan. We analysed information on the cases of infection to infer whether airborne transmission of SARS-CoV-2, the causative agent of COVID-19, had occurred between cabins. We infer from our analysis that most infections in passengers started on 28 January and were completed by 6 February, except in those who shared a cabin with another infected passenger. The distribution of the infected cabins was random, and no spatial cluster of the infected can be identified. We infer that the ship's central air-conditioning system for passenger's cabins did not play a role in SARS-CoV-2 transmission, i.e. airborne transmission did not occur between cabins during the outbreak, suggesting that the sufficient ventilation was provided. We also infer that the ship's cabin drainage system did not play a role. Most transmission appears to have occurred in the public areas of the cruise ship, likely due to crowding and insufficient ventilation in some of these areas.",,Journal Article,yes
33823290,Association between underlying disease and serious events on a world cruise ship: A prospective cohort study.,Aoki Y; Amaya Dimas LDC; Hatachi T; Kawamura A; Suganuma K et al.,Travel medicine and infectious disease,2021,2021,10.1016/j.tmaid.2021.102052,"This study aimed to clarify the effects of underlying diseases on clinical outcomes of patients aboard a world cruise ship. This prospective cohort study included patients who sought physician consultations at an onboard clinic on a 105-day world cruise (September-December 201X) on a ship chartered by a Japanese travel agency. Multivariable logistic regression analysis was performed to ascertain whether any concurrent disease, such as hypertension, was associated with additional onboard treatment by the primary physician or serious events, including unexpected final disembarkation, temporary disembarkation for hospitalization ashore, shore-side referral, and onboard clinic admission. Of 313 patients, 182 (58%) had at least one underlying disease. Sixty-eight (22%) required additional treatment, and 24 (8%) experienced serious events. After adjusting for age, sex, and underlying diseases, the 60-69- and 70-74-year age groups had a lower risk of serious events than the ≤59-year age group (odds ratio [OR], 95% confidence interval [CI]: 0.24, 0.069-0.81; p = 0.022 and 0.045, 0.0051-0.47; p = 0.0055). Underlying disease was associated with serious events (OR, 95% CI: 3.2, 1.1-9.5; p = 0.036). Unexpected events can occur in patients on world cruises regardless of age. Preexisting diseases may confer higher risk of serious events.",Hospitalization; Humans; Prospective Studies; Referral and Consultation; Ships; Travel,Journal Article,no
33806680,Prevention and Control of COVID-19 Pandemic on International Cruise Ships: The Legal Controversies.,Zhang X; Wang C,"Healthcare (Basel, Switzerland)",2021-Mar,2021,10.3390/healthcare9030281,"During the COVID-19 pandemic in 2020, a number of international cruise ships were infected, thereby resulting in serious public health and human rights problems. Multiple difficulties were encountered in the prevention and control of the coronavirus disease onboard ships, while rule-based international cooperation in this regard appeared inefficient and ineffective. By applying interdisciplinary methodologies, including empirical research of law, policy science, and health studies, this research reviewed the legal difficulties in the prevention and control of COVID-19 on international cruise ships and sought solutions from a policy-making and strategic perspective. We found that, apart from the inherent nature of cruise ships such as crowded semi-enclosed areas, shared sanitary facilities and limited medical resources, there are also nonnegligible legal reasons affecting the effectiveness of containment measures on board. In particular, there is ambiguity and even inconsistency of relevant international norms and domestic regulations, and some of the key rules are neither mandatory nor enforceable. We conclude by suggesting that rule-based international cooperation on this issue must be strengthened with respect to information sharing and management, a more effective supervisory mechanism, clarification of key rules over jurisdiction and distributions of obligations among the port states, flag states, nationality states, and cruise ship companies.",,Journal Article,yes
33797051,Estimation of the SARS-CoV-2 transmission probability in confined traffic space and evaluation of the mitigation strategies.,Chen L; Ban G; Long E; Kalonji G; Cheng Z et al.,Environmental science and pollution research international,2021-Aug,2021,10.1007/s11356-021-13617-y,"Public transport is a fundamental service for the resumption of work and production, but the enclosed environment and dense population create very favorable conditions for the spread of epidemic infections. Thus, effective public health interventions are urgently introduced. The objective of this paper is to quantitatively estimate the SARS-CoV-2 transmission probability and evaluate the influence of environmental parameters and individual intervention on the epidemic prevention. For this purpose, (1) we estimate the virus emission rate with Diamond Princess Cruise Ship infection data by Monte Carlo simulation and the improved Wells-Riley model, and (2) employ the reproductive number R to quantify diverse mitigation strategies. Different determinants are examined such as the duration of exposure, the number of passengers combined with individual interventions such as mask type and mask-wearing rate. The results show that the SARS-CoV-2 quantum generation rate is 185.63. The R shows a stronger positive correlation with the exposure time comparing to the number of passengers. In this light, reducing the frequency of long-distance journeys on crowded public transportation may be required to reduce the spread of the virus during the pandemic. N95 mask and surgical mask can reduce the transmission risk by 97 and 84%, respectively, and even homemade mask can reduce the risk by 67%, which indicates that it is necessary to advocate wearing masks on public transportation.",COVID-19; Humans; Masks; Pandemics; Probability; SARS-CoV-2,Journal Article,yes
33779623,"Erratum: Chest CT Findings in Cases from the Cruise Ship ""Diamond Princess"" with Coronavirus Disease 2019 (COVID-19).",Inui S; Fujikawa A; Jitsu M; Kunishima N; Watanabe S et al.,Radiology. Cardiothoracic imaging,2020-Apr,2020,10.1148/ryct.2020204002,[This corrects the article DOI: 10.1148/ryct.2020200110.].,,Published Erratum,yes
33778566,Chest CT Findings in Cases from the Cruise Ship Diamond Princess with Coronavirus Disease (COVID-19).,Inui S; Fujikawa A; Jitsu M; Kunishima N; Watanabe S et al.,Radiology. Cardiothoracic imaging,2020-Apr,2020,10.1148/ryct.2020200110,"To evaluate the chest CT findings in an environmentally homogeneous cohort from the cruise ship Diamond Princess with coronavirus disease 2019 (COVID-19). This retrospective study comprised 104 cases (mean age, 62 years ± 16 [standard deviation], range, 25-93 years) with COVID-19 confirmed with reverse-transcription polymerase change reaction findings. CT images were reviewed, and the CT severity score was calculated for each lobe and the entire lung. CT findings were compared between asymptomatic and symptomatic cases. Of 104 cases, 76 (73%) were asymptomatic, 41 (54%) of which had lung opacities on CT. Twenty-eight (27%) cases were symptomatic, 22 (79%) of which had abnormal CT findings. Symptomatic cases showed lung opacities and airway abnormalities on CT more frequently than asymptomatic cases [lung opacity; 22 (79%) vs 41 (54%), airway abnormalities; 14 (50%) vs 15 (20%)]. Asymptomatic cases showed more ground-glass opacity (GGO) over consolidation (83%), while symptomatic cases more frequently showed consolidation over GGO (41%). The CT severity score was higher in symptomatic cases than asymptomatic cases, particularly in the lower lobes [symptomatic vs asymptomatic cases; right lower lobe: 2 ± 1 (0-4) vs 1 ± 1 (0-4); left lower lobe: 2 ± 1 (0-4) vs 1 ± 1 (0-3); total score: 7 ± 5 (1-17) vs 4 ± 2 (1-11)]. This study documented a high incidence of subclinical CT changes in cases with COVID-19. Compared with symptomatic cases, asymptomatic cases showed more GGO over consolidation and milder extension of disease on CT.An earlier incorrect version appeared online. This article was corrected on April 8, 2020.© RSNA, 2020.",,Journal Article,yes
33767460,Daily briefing: Cruise ship coronavirus outbreak gave scientists 'an ideal experiment'.,Graham F; Castelvecchi D; Mallapaty S,Nature,2020-Mar,2020,10.1038/d41586-020-00932-6,,,News,yes
33733292,"[Field investigations of SARS-CoV-2-outbreaks in Germany by the Robert Koch Institute, February-October 2020].",Alpers K; Haller S; Buchholz U,"Bundesgesundheitsblatt, Gesundheitsforschung, Gesundheitsschutz",2021-Apr,2021,10.1007/s00103-021-03296-y,"The Robert Koch Institute (RKI) offers advice and assistance to local public health agencies on the investigation and management of outbreaks of infectious diseases. Specially trained experts conduct field investigations. During the COVID-19 pandemic, RKI experts participated in the investigation of outbreaks in residential buildings, physicians' offices, nursing homes, hospitals, and asylum seekers' facilities as well as at a night club and on a cruise ship.This report describes some of the field investigations conducted in Germany during the COVID-19 pandemic between February and October 2020. The investigations provided information on the properties of SARS-CoV‑2 and its transmission as a basis for the recommendations on suitable prevention measures. The practical examples demonstrate the variety of support given as well as the opportunities to gather epidemiological evidence.In September 2020, the RKI established a new unit called the ""Focal Point for the Public Health Service,"" which now coordinates and is expanding field support. In order to further support the public health system to improve its capability to react to and investigate outbreaks of infectious diseases, interdisciplinary training shall be intensified. Das Robert Koch-Institut (RKI) bietet den Gesundheitsämtern in Deutschland bei Ausbrüchen von Infektionserkrankungen Beratung und praktische Unterstützung vor Ort an. Die Feldeinsätze werden von speziell geschultem Personal durchgeführt. Auch im Rahmen der COVID-19-Pandemie leistet das RKI regelmäßig diese Form der Amtshilfe in unterschiedlichen Settings. Dabei handelt es sich beispielsweise um Ausbrüche in Wohngebäuden, Arztpraxen, Alten- und Pflegeheimen, Kliniken, Erstaufnahmeeinrichtungen für Asylsuchende, aber auch in einem Nachtclub oder auf einem Kreuzfahrtschiff.Der vorliegende Beitrag berichtet exemplarisch von Feldeinsätzen, die im Zeitraum Februar bis Oktober 2020 im Rahmen der COVID-19-Pandemie stattgefunden haben. Die daraus gewonnenen Erkenntnisse tragen dazu bei, das Wissen zu SARS-CoV‑2 zu erweitern, z. B. zur Übertragung und Ausbreitung des Erregers, RKI-Empfehlungen zu formulieren oder zu untermauern und das Management komplexer Situationen zu unterstützen. Die Praxisbeispiele zeigen, wie vielfältig die RKI-Teams nicht nur vor Ort unterstützen, sondern auch die epidemiologische Evidenzbasis bereichern.Im September 2020 wurde im RKI die „Kontaktstelle für den öffentlichen Gesundheitsdienst (ÖGD)“ eingerichtet, die unter anderem die Amtshilfe durch Feldeinsätze koordiniert und erweiterte Beratungsmöglichkeiten bietet. Damit der ÖGD langfristig noch besser auf Ausbrüche von Infektionserregern reagieren kann, soll das interdisziplinäre Trainingsangebot intensiviert werden.",COVID-19; Disease Outbreaks; Germany; Humans; Pandemics; SARS-CoV-2,Journal Article; Review,yes
33725000,Taking account of asymptomatic infections: A modeling study of the COVID-19 outbreak on the Diamond Princess cruise ship.,Huang LS; Li L; Dunn L; He M,PloS one,2021,2021,10.1371/journal.pone.0248273,"The COVID-19 outbreak on the Diamond Princess (DP) cruise ship has provided empirical data to study the transmission potential of COVID-19 with the presence of pre/asymptomatic cases. We studied the changes in R0 on DP from January 21 to February 19, 2020 based on chain binomial models under two scenarios: no quarantine assuming a random mixing condition, and quarantine of passengers in cabins-passengers may get infected either by an infectious case in a shared cabin or by pre/asymptomatic crew who continued to work. Estimates of R0 at the beginning of the epidemic were 3.27 (95% CI, 3.02-3.54) and 3.78 (95% CI, 3.49-4.09) respectively for serial intervals of 5 and 6 days; and when quarantine started, with the reported asymptomatic ratio 0.505, R0 rose to 4.18 (95%CI, 3.86-4.52) and 4.73 (95%CI, 4.37-5.12) respectively for passengers who might be exposed to the virus due to pre/asymptomatic crew. Results confirm that the higher the asymptomatic ratio is, the more infectious contacts would happen. We find evidence to support a US CDC report that ""a high proportion of asymptomatic infections could partially explain the high attack rate among cruise ship passengers and crew."" Our study suggests that if the asymptomatic ratio is high, the conventional quarantine procedure may not be effective to stop the spread of virus.","Asymptomatic Infections; COVID-19; Disease Outbreaks; Humans; Models, Statistical; Quarantine; SARS-CoV-2; Ships","Journal Article; Research Support, Non-U.S. Gov't",yes
33709638,Lessons learned from keeping NSW's prisons COVID-free.,Blogg J; McGrath C; Galouzis J; Grant L; Hoey W,International journal of prisoner health,2021-Oct,2021,10.1108/IJPH-09-2020-0073,"New South Wales (NSW) correctional system houses 30% of prisoners in Australia and at this time has only had a single documented case of COVID-19 amongst its prisoner population. The coordinated response by Justice Health and Forensic Mental Health Network (The Network) undertaken with the support of NSW Ministry of Health, in partnership with Corrective Services NSW (CSNSW), Youth Justice and private jails has ensured that the NSW correctional system has remained otherwise COVID-free. A research study of how a range of partners which support the operations of NSW Correctional System developed an effective approach for the prevention a COVID-19 epidemic amongst its inmates. Establishment of effective partnerships, early coordination of representatives from all aspects of the NSW correctional system, limited access to the correctional environment, reduced prison population and strict isolation of all new receptions have all contributed to maintaining this COVID-free status despite other NSW settings with similar risk profiles, such as aged care facilities and cruise ship arrivals, experiencing serious outbreaks. Although Australia/New Zealand context of suppressed community infection rates for COVID-19 (which are approaching elimination in some jurisdictions) is in contrast to the situation in other parts of the world, the principles described in this paper will be useful to most other correctional systems. Modelling was used to underline our approach and reinforced the veracity of following this approach. The Network and CSNSW has been able to mount an effective, integrated response to the COVID-19 pandemic, which has been sustainable through the first peak of COVID-19 cases. This case study catalogues the process of developing this response and details each intervention implemented with inventive use of tables to demonstrate the impact of the range of interventions used.",Adolescent; Humans; Aged; Pandemics; Prisons; Mental Health; New South Wales; COVID-19; Prisoners,Journal Article,yes
33706859,"COVID-19: cross-border contact tracing in Germany, February to April 2020.",Markus I; Steffen G; Lachmann R; Marquis A; Schneider T et al.,Euro surveillance : bulletin Europeen sur les maladies transmissibles = European communicable disease bulletin,2021-Mar,2021,10.2807/1560-7917.ES.2021.26.10.2001236,"IntroductionThe Robert Koch Institute (RKI) managed the exchange of cross-border contact tracing data between public health authorities (PHA) in Germany and abroad during the early COVID-19 pandemic.AimWe describe the extent of cross-border contact tracing and its challenges.MethodsWe analysed cross-border COVID-19 contact tracing events from 3 February to 5 April 2020 using information exchanged through the European Early Warning Response System and communication with International Health Regulation national focal points. We described events by PHA, number of contacts and exposure context.ResultsThe RKI processed 467 events, initiating contact to PHA 1,099 times (median = 1; interquartile range (IQR): 1-2) and sharing data on 5,099 contact persons. Of 327 (70%) events with known exposure context, the most commonly reported exposures were aircraft (n = 64; 20%), cruise ships (n = 24; 7%) and non-transport contexts (n = 210; 64%). Cruise ship and aircraft exposures generated more contacts with authorities (median = 10; IQR: 2-16, median = 4; IQR: 2-11) and more contact persons (median = 60; IQR: 9-269, median = 2; IQR: 1-3) than non-transport exposures (median = 1; IQR: 1-6 and median = 1; IQR: 1-2). The median time spent on contact tracing was highest for cruise ships: 5 days (IQR: 3-9).ConclusionIn the COVID-19 pandemic, cross-border contact tracing is considered a critical component of the outbreak response. While only a minority of international contact tracing activities were related to exposure events in transport, they contributed substantially to the workload. The numerous communications highlight the need for fast and efficient global outbreak communication channels between PHA.",COVID-19; Contact Tracing; Germany; Humans; Pandemics,Journal Article,yes
33593710,The dynamic change of antibody index against Covid-19 is a powerful diagnostic tool for the early phase of the infection and salvage PCR assay errors.,Omata M; Hirotsu Y; Sugiura H; Maejima M; Nagakubo Y et al.,"Journal of microbiology, immunology, and infection = Wei mian yu gan ran za zhi",2021-Oct,2021,10.1016/j.jmii.2020.12.009,"Currently, PCR assay is a golden standard for diagnosis of Covid-19. However, it needs nasopharyngeal swabs, expensive instruments and expertise. It even causes PCR errors. We validated the antibody assay (Roche) in 36 followed patients and 1879 controls (medical staffs). Of 1879 medical staffs, only two (0.11%) were positive by Cut off Index (COI; 1.0) (mean ± SD, 0.094 ± 0.047). Thirty six patients were composed of three groups; Group A,4 from Diamond Princess cruise ship, Group B, 2 infected in Africa, and Group C, 30 infected in Japan. PCR assays were conducted at outside laboratories before and repeated in house after hospitalized. Of 36 at admission, positive antibody was seen in 4/4 from the ship, 0/2 from Africa, and 5/30 from Japan. Two from Africa showed the increase of COI and became positive on days 8 and 13. Thirty Japanese was divided in two groups, e.g., 23 showed dynamic increase of COI up to 84.4 within 3 days while active virus replication present (Group C). In remaining 7 (7/30, 23%) (Group C'), no rise of antibody nor positive in house PCR assays, indicative of false positive results of PCR at the beginning. This antibody testing has a wide dynamic ranges of COI and, thus, could be utilized in the early infection phase. This may also compliment and even help to avoid possible PCR errors. Therefore, this can serve as a powerful diagnostic tool, needed in the frontline of the clinic and hospitals.","Adult; Africa; Aged; Aged, 80 and over; Antibodies; Antibodies, Viral; COVID-19; COVID-19 Serological Testing; COVID-19 Testing; Diagnostic Errors; Disease Outbreaks; Early Diagnosis; Female; Humans; Japan; Male; Middle Aged; Polymerase Chain Reaction; SARS-CoV-2; Ships; Young Adult",Journal Article,yes
33588037,Transmission dynamics of SARS-CoV-2 on the Diamond Princess uncovered using viral genome sequence analysis.,Hoshino K; Maeshiro T; Nishida N; Sugiyama M; Fujita J et al.,Gene,2021-May,2021,10.1016/j.gene.2021.145496,"An outbreak of coronavirus disease 2019 (COVID-19) caused by severe acute respiratory syndrome coronavirus 2 (SARS-CoV-2) occurred aboard the Diamond Princess cruise ship between her January 20 departure and late February 2020. Here, we used phylodynamic analyses to investigate the transmission dynamics of SARS-CoV-2 during the outbreak. Using a Bayesian coalescent-based method, the estimated mean nucleotide substitution rate of 240 SARS-CoV-2 whole-genome sequences was approximately 7.13 × 10-4 substitutions per site per year. Population dynamics and the effective reproductive number (Re) of SARS-CoV-2 infections were estimated using a Bayesian framework. The estimated origin of the outbreak was January 21, 2020. The infection spread substantially before quarantine on February 5. The Re peaked at 6.06 on February 4 and gradually declined to 1.51, suggesting that transmission continued slowly even after quarantine. These findings highlight the high transmissibility of SARS-CoV-2 and the need for effective measures to control outbreaks in confined settings.","Bayes Theorem; COVID-19; Disease Outbreaks; Humans; Phylogeny; Polymorphism, Single Nucleotide; Quarantine; RNA, Viral; SARS-CoV-2; Sequence Analysis, RNA; Ships; Whole Genome Sequencing",Journal Article,yes
33563349,Symptoms and laboratory manifestations of mild COVID-19 in a repatriated cruise ship cohort.,Bailie CR; Franklin L; Nicholson S; Mordant F; Alpren C et al.,Epidemiology and infection,2021-Feb,2021,10.1017/S0950268821000315,"Much of our current understanding about novel coronavirus disease 2019 (COVID-19) comes from hospitalised patients. However, the spectrum of mild and subclinical disease has implications for population-level screening and control. Forty-nine participants were recruited from a group of 99 adults repatriated from a cruise ship with a high incidence of COVID-19. Respiratory and rectal swabs were tested by polymerase chain reaction (PCR) for severe acute respiratory syndrome coronavirus 2 (SARS-CoV-2). Sera were tested for anti-SARS-CoV-2 antibodies by enzyme-linked immunosorbent assay (ELISA) and microneutralisation assay. Symptoms, viral shedding and antibody response were examined. Forty-five participants (92%) were considered cases based on either positive PCR or positive ELISA for immunoglobulin G. Forty-two percent of cases were asymptomatic. Only 15% of symptomatic cases reported fever. Serial respiratory and rectal swabs were positive for 10% and 5% of participants respectively about 3 weeks after median symptom onset. Cycle threshold values were high (range 31-45). Attempts to isolate live virus were unsuccessful. The presence of symptoms was not associated with demographics, comorbidities or antibody response. In closed settings, incidence of COVID-19 could be almost double that suggested by symptom-based screening. Serology may be useful in diagnosis of mild disease and in aiding public health investigations.","Adult; Aged; Aged, 80 and over; Antibodies, Viral; COVID-19; Cohort Studies; Enzyme-Linked Immunosorbent Assay; Female; Humans; Incidence; Male; Middle Aged; Neutralization Tests; SARS-CoV-2; Ships; Symptom Assessment; Tourism; Uruguay; Victoria; Virus Shedding","Journal Article; Research Support, Non-U.S. Gov't",yes
33536312,Mechanistic transmission modeling of COVID-19 on the Diamond Princess cruise ship demonstrates the importance of aerosol transmission.,Azimi P; Keshavarz Z; Cedeno Laurent JG; Stephens B; Allen JG,Proceedings of the National Academy of Sciences of the United States of America,2021-Feb,2021,10.1073/pnas.2015482118,"Several lines of existing evidence support the possibility of airborne transmission of coronavirus disease 2019 (COVID-19). However, quantitative information on the relative importance of transmission pathways of severe acute respiratory syndrome coronavirus 2 (SARS-CoV-2) remains limited. To evaluate the relative importance of multiple transmission routes for SARS-CoV-2, we developed a modeling framework and leveraged detailed information available from the Diamond Princess cruise ship outbreak that occurred in early 2020. We modeled 21,600 scenarios to generate a matrix of solutions across a full range of assumptions for eight unknown or uncertain epidemic and mechanistic transmission factors. A total of 132 model iterations met acceptability criteria (R2 > 0.95 for modeled vs. reported cumulative daily cases and R2 > 0 for daily cases). Analyzing only these successful model iterations quantifies the likely contributions of each defined mode of transmission. Mean estimates of the contributions of short-range, long-range, and fomite transmission modes to infected cases across the entire simulation period were 35%, 35%, and 30%, respectively. Mean estimates of the contributions of larger respiratory droplets and smaller respiratory aerosols were 41% and 59%, respectively. Our results demonstrate that aerosol inhalation was likely the dominant contributor to COVID-19 transmission among the passengers, even considering a conservative assumption of high ventilation rates and no air recirculation conditions for the cruise ship. Moreover, close-range and long-range transmission likely contributed similarly to disease progression aboard the ship, with fomite transmission playing a smaller role. The passenger quarantine also affected the importance of each mode, demonstrating the impacts of the interventions.","Aerosols; COVID-19; Disease Outbreaks; Humans; Models, Theoretical; Quarantine; SARS-CoV-2; Ships",Journal Article,yes
33520611,Exploring geographical distribution of transportation research themes related to COVID-19 using text network approach.,Kutela B; Novat N; Langa N,Sustainable cities and society,2021-Apr,2021,10.1016/j.scs.2021.102729,"The COVID-19 outbreak has extremely impacted the globe due to travel restrictions and lockdowns. Geographically, COVID-19 has shown disproportional impacts; however, the research themes' distribution is yet to be explored. Thus, this study explored the geographical distribution of the research themes that relate to COVID-19 and the transportation sector. The study applied a text network approach on the bibliometric data of over 400 articles published between December 2019 and December 2020. It was found that the researches and the associated themes were geographically distributed based on the events that took place in the respective countries. Most of the articles were published by the authors from four countries, the USA, China, Japan, and the UK. The text network results revealed that the USA-based studies mainly focused on international travelers, monitoring, travel impacts of COVID-19, and social-distancing measures. The Japanese-based studies focused on the princess diamond cruise ship incident. On the other hand, Chinese authors published articles related to travel to Wuhan and China, passenger health, and public transportation. The UK-based studies had diverse topics of interest. Lastly, the remaining 62 countries' studies focused on returning travelers from China, public transportation, and the global spread of COVID-19. The findings are crucial to the transportation sector's researchers for various applications.",,Journal Article,yes
33519302,The Bayesian Susceptible-Exposed-Infected-Recovered model for the outbreak of COVID-19 on the Diamond Princess Cruise Ship.,Lai CC; Hsu CY; Jen HH; Yen AM; Chan CC et al.,Stochastic environmental research and risk assessment : research journal,2021,2021,10.1007/s00477-020-01968-w,"The outbreak of COVID-19 on the Diamond Princess Cruise Ship provides an unprecedented opportunity to estimate its original transmissibility with basic reproductive number (R0) and the effectiveness of containment measures. We developed an ordinary differential equation-based Susceptible-Exposed-Infected-Recovery (SEIR) model with Bayesian underpinning to estimate the main parameter of R0 determined by transmission coefficients, incubation period, and the recovery rate. Bayesian Markov Chain Monte Carlo (MCMC) estimation method was used to tackle the parameters of uncertainty resulting from the outbreak of COVID-19 given a small cohort of the cruise ship. The extended stratified SEIR model was also proposed to elucidate the heterogeneity of transmission route by the level of deck with passengers and crews. With the application of the overall model, R0 was estimated as high as 5.70 (95% credible interval: 4.23-7.79). The entire epidemic period without containment measurements was approximately 47 days and reached the peak one month later after the index case. The partial containment measure reduced 63% (95% credible interval: 60-66%) infected passengers. With the deck-specific SEIR model, the heterogeneity of R0 estimates by each deck was noted. The estimated R0 figures were 5.18 for passengers (5-14 deck), mainly from the within-deck transmission, and 2.46 for crews (2-4 deck), mainly from the between-deck transmission. Modelling the dynamic of COVID-19 on the cruise ship not only provides an insight into timely evacuation and early isolation and quarantine but also elucidates the relative contributions of different transmission modes on the cruise ship though the deck-stratified SEIR model. The online version contains supplementary material available at (10.1007/s00477-020-01968-w).",,Journal Article,yes
33513333,"Use of US Public Health Travel Restrictions during COVID-19 Outbreak on Diamond Princess Ship, Japan, February-April 2020.",Medley AM; Marston BJ; Toda M; Kobayashi M; Weinberg M et al.,Emerging infectious diseases,2021-Mar,2021,10.3201/eid2703.203820,"Public health travel restrictions (PHTR) are crucial measures during communicable disease outbreaks to prevent transmission during commercial airline travel and mitigate cross-border importation and spread. We evaluated PHTR implementation for US citizens on the Diamond Princess during its coronavirus disease (COVID-19) outbreak in Japan in February 2020 to explore how PHTR reduced importation of COVID-19 to the United States during the early phase of disease containment. Using PHTR required substantial collaboration among the US Centers for Disease Control and Prevention, other US government agencies, the cruise line, and public health authorities in Japan. Original US PHTR removal criteria were modified to reflect international testing protocols and enable removal of PHTR for persons who recovered from illness. The impact of PHTR on epidemic trajectory depends on the risk for transmission during travel and geographic spread of disease. Lessons learned from the Diamond Princess outbreak provide critical information for future PHTR use.","Adolescent; Adult; Aged; Aged, 80 and over; COVID-19; Child; Child, Preschool; Communicable Diseases, Imported; Disease Outbreaks; Female; Government; Humans; Male; Middle Aged; Quarantine; Risk Factors; Ships; Travel; United States; Young Adult","Journal Article; Research Support, Non-U.S. Gov't; Review",yes
33502002,Travel-related control measures to contain the COVID-19 pandemic: a rapid review.,Burns J; Movsisyan A; Stratil JM; Coenen M; Emmert-Fees KM et al.,The Cochrane database of systematic reviews,2020-Oct,2020,10.1002/14651858.CD013717,"In late 2019, first cases of coronavirus disease 2019, or COVID-19, caused by the novel coronavirus SARS-CoV-2, were reported in Wuhan, China. Subsequently COVID-19 spread rapidly around the world. To contain the ensuing pandemic, numerous countries have implemented control measures related to international travel, including border closures, partial travel restrictions, entry or exit screening, and quarantine of travellers. To assess the effectiveness of travel-related control measures during the COVID-19 pandemic on infectious disease and screening-related outcomes. We searched MEDLINE, Embase and COVID-19-specific databases, including the WHO Global Database on COVID-19 Research, the Cochrane COVID-19 Study Register, and the CDC COVID-19 Research Database on 26 June 2020. We also conducted backward-citation searches with existing reviews. We considered experimental, quasi-experimental, observational and modelling studies assessing the effects of travel-related control measures affecting human travel across national borders during the COVID-19 pandemic. We also included studies concerned with severe acute respiratory syndrome (SARS) and Middle East respiratory syndrome (MERS) as indirect evidence. Primary outcomes were cases avoided, cases detected and a shift in epidemic development due to the measures. Secondary outcomes were other infectious disease transmission outcomes, healthcare utilisation, resource requirements and adverse effects if identified in studies assessing at least one primary outcome. One review author screened titles and abstracts; all excluded abstracts were screened in duplicate. Two review authors independently screened full texts. One review author extracted data, assessed risk of bias and appraised study quality. At least one additional review author checked for correctness of all data reported in the 'Risk of bias' assessment, quality appraisal and data synthesis. For assessing the risk of bias and quality of included studies, we used the Quality Assessment of Diagnostic Accuracy Studies (QUADAS-2) tool for observational studies concerned with screening, ROBINS-I for observational ecological studies and a bespoke tool for modelling studies. We synthesised findings narratively. One review author assessed certainty of evidence with GRADE, and the review author team discussed ratings. We included 40 records reporting on 36 unique studies. We found 17 modelling studies, 7 observational screening studies and one observational ecological study on COVID-19, four modelling and six observational studies on SARS, and one modelling study on SARS and MERS, covering a variety of settings and epidemic stages. Most studies compared travel-related control measures against a counterfactual scenario in which the intervention measure was not implemented. However, some modelling studies described additional comparator scenarios, such as different levels of travel restrictions, or a combination of measures. There were concerns with the qual","COVID-19; Communicable Diseases, Imported; Coronavirus Infections; Humans; Models, Theoretical; Observational Studies as Topic; Pandemics; Quarantine; SARS-CoV-2; Severe Acute Respiratory Syndrome; Travel-Related Illness","Journal Article; Meta-Analysis; Research Support, Non-U.S. Gov't; Systematic Review",no
33431303,Reconstitution of Oseltamivir Capsules for Pediatric Use on a Long-Term Cruise: A Treatment Option.,Aoki Y; Amaya Dimas LDC; Kitazawa K; Mizushiro N,Wilderness & environmental medicine,2021-Mar,2021,10.1016/j.wem.2020.09.008,"Influenza is a concerning disease in terms of risk management for cruise passengers during a voyage. Currently, cruise passengers include children in addition to elderly people. Oral oseltamivir can be used to treat pediatric influenza. In addition, early antiviral treatment may reduce the spread of influenza on board. However, the capsule form of oseltamivir is not of the recommended dosage for children. In this report, we describe 2 siblings who acquired influenza during travel on a world cruise ship and were treated with decapsulated oseltamivir. The siblings' mother was instructed to decapsulate a 75 mg oseltamivir capsule, suspend the powder in 15 mL of water (5 mg·mL-1), stir well, and administer the required amount of medicine orally to each patient using a syringe. Both patients recovered successfully with no complications. The presented case suggests that suspending decapsulated oseltamivir in water and measuring the required amount with a syringe for orally administration to children with influenza can be a safe treatment strategy in resource-limited settings.","Administration, Oral; Antiviral Agents; Capsules; Child, Preschool; Drug Compounding; Female; Humans; Infant; Influenza, Human; Male; Oseltamivir; Ships; Travel",Case Reports; Journal Article,yes
33428676,The psychological effects of COVID-19 on hospital workers at the beginning of the outbreak with a large disease cluster on the Diamond Princess cruise ship.,Ide K; Asami T; Suda A; Yoshimi A; Fujita J et al.,PloS one,2021,2021,10.1371/journal.pone.0245294,"The aim of the present study was to investigate the psychological effects of the COVID-19 outbreak and associated factors on hospital workers at the beginning of the outbreak with a large disease cluster on the Diamond Princess cruise ship. This cross-sectional, survey-based study collected demographic data, mental health measurements, and stress-related questionnaires from workers in 2 hospitals in Yokohama, Japan, from March 23, 2020, to April 6, 2020. The prevalence rates of general psychological distress and event-related distress were assessed using the 12-item General Health Questionnaire (GHQ-12) and the 22-item Impact of Event Scale-Revised (IES-R), respectively. Exploratory factor analysis was conducted on the 26-item stress-related questionnaires. Multivariable logistic regression analysis was performed to identify factors associated with mental health outcomes for workers both at high- and low-risk for infection of COVID-19. A questionnaire was distributed to 4133 hospital workers, and 2697 (65.3%) valid questionnaires were used for analyses. Overall, 536 (20.0%) were high-risk workers, 944 (35.0%) of all hospital workers showed general distress, and 189 (7.0%) demonstrated event-related distress. Multivariable logistic regression analyses revealed that 'Feeling of being isolated and discriminated' was associated with both the general and event-related distress for both the high- and low-risk workers. In this survey, not only high-risk workers but also low-risk workers in the hospitals admitting COVID-19 patients reported experiencing psychological distress at the beginning of the outbreak.","Adult; COVID-19; Cross-Sectional Studies; Disease Hotspot; Female; Humans; Male; Mental Health; Middle Aged; Personnel, Hospital; Psychological Distress; Ships; Young Adult","Journal Article; Research Support, Non-U.S. Gov't",yes
33361672,Four Cases of Coronavirus Disease 2019 Transferred from a Cruise Ship.,Sano M; Nishioka H; Yamazaki J; Miyamoto I; Adachi T,"Internal medicine (Tokyo, Japan)",2021-Feb,2021,10.2169/internalmedicine.4939-20,"An outbreak of coronavirus disease 2019 (COVID-19) that began in Wuhan, China, has spread rapidly to many countries. We herein report four cases of COVID-19 confirmed in Japan among passengers of the cruise ship Diamond Princess and describe the clinical features, clinical course, and progression of chest computed tomographic images, chest radiographs, and treatment. Although these four patients had symptoms that included a fever, malaise, runny nose, and cough, one patient had no symptoms on admission. Two of the four patients needed mechanical ventilation due to respiratory deterioration. One of the patients who required mechanical ventilation was transferred to a higher-level medical institution. Except for that patient, the other three patients were able to return home under their own power. Every patient took lopinavir/ritonavir, which was considered the most effective treatment at the time. We used it after receiving approval from the ethics committee in our hospital. In this case report, we emphasize that some patients need to be carefully monitored, even if their respiratory condition is stable at the initial presentation, as their respiratory status may deteriorate rapidly within a few days after oxygen administration begins.","Aged; Aged, 80 and over; COVID-19; COVID-19 Nucleic Acid Testing; Cytochrome P-450 CYP3A Inhibitors; Humans; Japan; Lopinavir; Lung; Male; Radiography, Thoracic; Respiration, Artificial; Ritonavir; SARS-CoV-2; Ships",Case Reports; Journal Article,yes
33330785,"Epidemiology and quarantine measures during COVID-19 outbreak on the cruise ship Diamond Princess docked at Yokohama, Japan in 2020: a descriptive analysis.",Tsuboi M; Hachiya M; Noda S; Iso H; Umeda T,Global health & medicine,2020-Apr,2020,10.35772/ghm.2020.01037,"The outbreak of coronavirus disease 2019 (COVID-19) on the cruise ship Diamond Princess docked at Yokohama, Japan was highlighted due to its number of cases in the early stage of the global epidemic when the picture of the virus itself, as well as epidemiological characteristics, were being established. We conducted an observational epidemiological study of the outbreak, focusing on a total of 403 individuals who developed a fever of ≥ 37.5°C from 20 January to 22 February 2020. Quarantine measures are also discussed with a descriptive method. Of a total of 3,711 individuals (2,031 males) from 57 countries, 2,666 (71.8%) and 1,045 (28.2%) were passengers and crew with mean age of 66.0 (range: 2-98) and 36.6 (range: 19-64), respectively. Among 403 febrile individuals, 165 passengers and 58 crew members were diagnosed as laboratory-confirmed COVID-19 cases. Until 6 February, the number of confirmed cases was three or less per day. However, distribution of thermometers on 7 February revealed 43 confirmed cases, and it then started decreasing. The outbreak was initiated from decks for passengers and expanded to areas for crew. As of 17 March, when more than14 days had passed after disembarkation of all passengers and crew, there was no report of forming a cluster of infections in Japan from them. At the time of the initiation of quarantine, the outbreak had already expanded to most of the decks from those for passengers, and the results might suggest the contribution of the set of quarantine measures in unprecedented challenges of the control operation.",,Journal Article,yes
33330779,"Challenges of COVID-19 outbreak on the cruise ship Diamond Princess docked at Yokohama, Japan: a real-world story.",Jimi H; Hashimoto G,Global health & medicine,2020-Apr,2020,10.35772/ghm.2020.01038,"The event of the Diamond Princess, with a total of 712 (as of 17 March 2020) persons infected on the cruise ship, attracted global attention as the largest disease cluster outside China for the period 7 to 24 February 2020. Representing the Ministry of Health, Labour and Welfare, the authors were heavily engaged in the quarantine operation on the cruise ship ourselves. During the quarantine period from 5 to 23 February 2020, when the last group of the quarantined passengers left the ship, a series of measures have been conducted under the principles of i) zero deaths among all on board, ii) rapid establishment and thorough implementation of an infection control system, and iii) maintenance of health conditions and relief of anxieties among passengers and crew members. The case of Diamond Princess has implications of more than a cruise ship but deserves full scientific analysis to learn lessons from this operation as well as to study the characteristics, particularly the transmission of COVID-19.",,Journal Article; Review,yes
33325821,"The Perspective of Coronavirus Disease Outbreak: Epidemiology, Transmission, and Possible Treatment.",Naik AQ; Zafar T; Shrivastava VK,"Vector borne and zoonotic diseases (Larchmont, N.Y.)",2021-Feb,2021,10.1089/vbz.2020.2678,"The outbreak of coronavirus disease 2019 (COVID-19) which emerged in Wuhan city of China has now spread to 214 countries and territories around the world and two international conveyances (the Diamond Princess cruise ship harbored in Yokohama, Japan and the Holland America's MS Zaandam cruise ship) as of October 11, 2020. The disease has been named as a coronavirus disease (COVID-19) and the virus causing the disease is known as severe acute respiratory syndrome coronavirus 2 (SARS-CoV-2). There are currently about 36,754,395 confirmed COVID-19-infected cases and 1,064,838 confirmed deaths as of October 11, 2020. The study is intended to understand the origin, transmission and impact of the coronavirus disease (COVID-19). The virus has not been encountered by humans previously and is therefore known as a novel. SARS-CoV-2 is spreading to new areas and has become a serious challenge for the scientific community in particular and the whole world population in general. The focus of the study is based on the transmission, epidemiology, genetic makeup, and possible remedies to control and contain the disease. It also includes the global impact of SARS-CoV-2 on health care and the world economy. The present review summarizes the current knowledge highlighting the symptoms, epidemiology, transmission, pathogenesis, phylogenetic analysis, and future directions to control the spread of this fatal disease.","COVID-19; Drug Combinations; Humans; Immunization, Passive; Lopinavir; Pandemics; Phylogeny; Ritonavir; SARS-CoV-2; COVID-19 Serotherapy",Journal Article,yes
33294249,Global health governance for travel health: lessons learned from the coronavirus disease 2019 (COVID-19) outbreaks in large cruise ships.,Zhou S; Han L; Liu P; Zheng ZJ,"Global health journal (Amsterdam, Netherlands)",2020-Dec,2020,10.1016/j.glohj.2020.11.006,"The outbreak and global pandemic of coronavirus disease 2019 (COVID-19) attracts a great deal of attentions to the problem of travel health. Cruise tourism is increasingly popular, with an estimated 30 million passengers transported on cruise ships worldwide each year. Safeguarding the health of cruise travelers during the entire travel is of ultimate importance for both the industry and global public health. This study aimed to explore the challenges and opportunities in travel health from the perspective of global health governance. The global governance framework including problems, values, tools or regulations, and actors related to travel health were used to analyze the issues involved. Up to April 2020, nearly thirty cruise ship voyages reported COVID-19 cases. The Diamond Princess, Grand Princess and Ruby Princess cruise ship had over 1,400 total reported COVID-19 cases, and more than 30 deaths. A community with a common future in travel health is the core value of global health governance for travel health. The travel-related international regulations, including the International Health Regulation (IHR [2005]), United Nations Convention on the Law of the Sea (UNCLOS) and the International Maritime Organization (IMO) conventions should be further updated to deal with the travel health problems. The roles and responsibilities and the cooperation mechanisms of different actors are not clear in relation to the public health emergencies during the travel. Travel health transcends national borders and involves multilevel actors, thus needs global cooperation and governance. Regulations and legislation at global and country level are required to prevent large-scale humanitarian crisis on travel health. Multilateral coordination, cooperation and collaboration mechanisms between governments, intergovernmental organizations, non-governmental organizations and industry are needed to build a better community of common destiny for travel health.",,Journal Article,yes
33270211,Japan DMAT operations in the Diamond Princess cruise ship: COVID-19 medical operation.,Kondo H; Koido Y; Kohayagawa Y; Anan H,American journal of disaster medicine,,,10.5055/ajdm.2020.0369,"The aim of this study was to identify positive effects from the Japan Disaster Medical Assistant Team (DMAT) medical operation in the Diamond Princess cruise ship (DP). Japan DMAT dispatched and managed the medical operation for DP passengers and crew members. The records of communication logs for the DMAT were evaluated. 472 DMAT members were responded. DMAT took 3 to 4 days to manage patients due to a lack of medical supplies at the early phase of operation. The prescription was delayed for prescription required passengers that include passengers who will be in critical health conditions without prescriptions. DMAT conducted a strategic operation and developed categorization for medical care and patient transport. Eventually, DMAT constructed flow to provide rapid medical care and prescription distributions for passengers and crew members. DMAT has been required to respond to unforeseen disasters in the framework since the Fukushima Nuclear Plant accident in 2011. All the past several types of disaster response were contributed to managing medical operations at the DP. These operations are thought to reduce preventable deaths from Coronavirus disease 2019 (COVID-19).",COVID-19; Disasters; Emergency Medical Services; Humans; Japan; Pandemics; Patient Care Team; SARS-CoV-2; Ships; Travel,Journal Article,yes
33241764,Lessons learned for COVID-19 in the cruise ship industry.,Brewster RK; Sundermann A; Boles C,Toxicology and industrial health,2020-Sep,2020,10.1177/0748233720964631,"The coronavirus disease 2019 (COVID-19) pandemic has created widespread disruption in individuals' personal and occupational lives all around the world. Vacationers and tourism, recreation, and leisure employees were among those who experienced substantial disruption. Cruise ships, especially, faced turmoil on a global scale for both their customers and workers. COVID-19 outbreaks were reported on cruise ships beginning in February 2020, presenting new and unique challenges for the industry. Conditions on cruise ships, including close and frequent contact between passengers and crew members, use of common areas, the confined nature of the vessels, and gathering of passengers from different countries, aided in transmitting the disease both onboard and in the community. As the pandemic evolved, federal and state governments and industries worldwide, including cruise ship companies, developed response plans. In this article, we provide a high-level overview of the US government and cruise ship industry's response to the COVID-19 pandemic, as well as a brief commentary on lessons learned, and recommendations for the cruise ship sector going forward. The outlined suggestions may be used as a starting point to increase emergency preparedness and to inform outbreak response plans in the event of future infectious disease outbreaks.","COVID-19; Centers for Disease Control and Prevention, U.S.; Disease Outbreaks; Guidelines as Topic; Humans; Pandemics; Safety Management; Ships; Travel-Related Illness; United States",Journal Article,yes
33236032,How many COVID-19 PCR positive individuals do we expect to see on the Diamond Princess cruise ship?,Qin J; Chen F; Ma H; Liu Y; Follmann D et al.,medRxiv : the preprint server for health sciences,2020-Nov,2020,10.1101/2020.11.14.20230938,"The coronavirus disease 2019 (COVID-19) has become a global epidemic crisis with tens of thousands confirmed cases surfacing everyday. The infection rates in households, offices and public places are quite different from those in encompassed spaces such as airplanes, trains and cruise ships. Studying the behavior of COVID-19 in confined spaces like Diamond Princess cruise is of great importance to understand the disease progression and to manage the epidemic. We propose a novel mixture model to estimate the infection distribution and total infected number after 14 days of quarantine based on PCR test data performed on the Diamond Princess cruise. In contrast to the officially reported 634 individuals with PCR-positive results after the 14 day quarantine, which as of April 27, 2020 had increased to 712, we conclude that this number should be at least 1000. The discrepancy might be caused by the false-negative result of the PCR test or the occurrence of infection after the test.",,Preprint; Journal Article,yes
33175914,Reproductive number of coronavirus: A systematic review and meta-analysis based on global level evidence.,Billah MA; Miah MM; Khan MN,PloS one,2020,2020,10.1371/journal.pone.0242128,"The coronavirus (SARS-COV-2) is now a global concern because of its higher transmission capacity and associated adverse consequences including death. The reproductive number of coronavirus provides an estimate of the possible extent of the transmission. This study aims to provide a summary reproductive number of coronavirus based on available global level evidence. A total of three databases were searched on September 15, 2020: PubMed, Web of Science, and Science Direct. The searches were conducted using a pre-specified search strategy to record studies reported the reproductive number of coronavirus from its inception in December 2019. It includes keywords of coronavirus and its reproductive number, which were combined using the Boolean operators (AND, OR). Based on the included studies, we estimated a summary reproductive number by using the meta-analysis. We used narrative synthesis to explain the results of the studies where the reproductive number was reported, however, were not possible to include in the meta-analysis because of the lack of data (mostly due to confidence interval was not reported). Total of 42 studies included in this review whereas 29 of them were included in the meta-analysis. The estimated summary reproductive number was 2.87 (95% CI, 2.39-3.44). We found evidence of very high heterogeneity (99.5%) of the reproductive number reported in the included studies. Our sub-group analysis was found the significant variations of reproductive number across the country for which it was estimated, method and model that were used to estimate the reproductive number, number of case that was considered to estimate the reproductive number, and the type of reproductive number that was estimated. The highest reproductive number was reported for the Diamond Princess Cruise Ship in Japan (14.8). In the country-level, the higher reproductive number was reported for France (R, 6.32, 95% CI, 5.72-6.99) following Germany (R, 6.07, 95% CI, 5.51-6.69) and Spain (R, 3.56, 95% CI, 1.62-7.82). The higher reproductive number was reported if it was estimated by using the Markov Chain Monte Carlo method (MCMC) method and the Epidemic curve model. We also reported significant heterogeneity of the type of reproductive number- a high-value reported if it was the time-dependent reproductive number. The estimated summary reproductive number indicates an exponential increase of coronavirus infection in the coming days. Comprehensive policies and programs are important to reduce new infections as well as the associated adverse consequences including death.","Betacoronavirus; COVID-19; Computer Simulation; Coronavirus Infections; Databases, Factual; Disease Outbreaks; Humans; Models, Biological; Pandemics; Pneumonia, Viral; SARS-CoV-2",Journal Article; Meta-Analysis; Systematic Review,yes
33148368,Lessons Learned From a COVID-19 Biohazard Spill During Swabbing at a Quarantine Facility.,Mayer O; Pfundt T; Fortenberry GZ; Harcourt BH; Bower WA,Disaster medicine and public health preparedness,2022-Jun,2022,10.1017/dmp.2020.436,"The need for increased testing for severe acute respiratory syndrome coronavirus 2 (SARS-CoV-2), the virus that causes coronavirus disease 2019 (COVID-19), has resulted in an increase of testing facilities outside of traditional clinical settings and sample handling by individuals without appropriate biohazard and biocontainment training. During the repatriation and quarantine of passengers from the Grand Princess cruise ship at a US military base, biocontainment of a potentially infectious sample from a passenger was compromised. This study describes the steps taken to contain the spill, decontaminate the area, and discusses the needs for adequate training in a biohazard response.",Humans; Quarantine; COVID-19; SARS-CoV-2; Hazardous Substances; Disease Outbreaks; Ships,Journal Article,yes
33132333,Clinical and Microbiological Features of Asymptomatic SARS-CoV-2 Infection and Mild COVID-19 in Seven Crewmembers of a Cruise Ship.,Hoshiyama T; Wada T; Nihonyanagi S; Kameda R; Yamaoka-Tojo M et al.,"Internal medicine (Tokyo, Japan)",2020-Dec,2020,10.2169/internalmedicine.5601-20,"Objective To describe the clinical features and clinical course of individuals diagnosed with asymptomatic severe acute respiratory syndrome coronavirus 2 (SARS-CoV-2) infection or mild coronavirus disease (COVID)-19. Patients The study participants consisted of 7 crewmembers of the passenger cruise-liner, Diamond Princess, who were admitted to our hospital after becoming infected with SARS-CoV-2 aboard the ship. Methods The data on patient background and biochemical test results were obtained from the patients' medical records. All patients had a chest X-ray, and a throat swab and sputum samples were sent for culture on admission. Results The median age of the 7 patients, of whom 4 were male and 3 were female, was 39 years (range: 23-47 years). On admission, none of them had fever, but 4 (57%) had a cough. None of them showed any signs of organ damage on laboratory testing. Chest X-ray showed pneumonia in one individual, which resolved spontaneously, while the other 6 had normal chest X-ray findings. Culture of throat swabs and sputum samples revealed that 4 patients (57%) had bacterial upper respiratory infections (Haemophilus influenzae, Klebsiella pneumoniae, and Staphylococcus aureus). The period from a positive polymerase chain reaction (PCR) test to negative conversion ranged from 5 to 13 days, with a median of 8 days. Conclusion Healthy young adults without risk factors who acquire SARS-CoV-2 infection may have an asymptomatic infection or may experience mild COVID-19. In addition to obesity, an older age, underlying illness, and being overweight can lead to a risk of exacerbation; thus, hospital management for such individuals may be desirable. Culturing respiratory samples may be useful for diagnosing secondary bacterial pneumonia.","Adult; Asymptomatic Infections; COVID-19; Female; Humans; Male; Middle Aged; Pandemics; Polymerase Chain Reaction; RNA, Viral; Risk Factors; SARS-CoV-2; Ships; Young Adult",Journal Article,yes
33052873,Evaluating the Need for Routine COVID-19 Testing of Emergency Department Staff: Quantitative Analysis.,Zhang Y; Cheng SR,JMIR public health and surveillance,2020-Dec,2020,10.2196/20260,"As the number of COVID-19 cases in the US continues to increase and hospitals experience shortage of personal protective equipment (PPE), health care workers have been disproportionately affected. However, since COVID-19 testing is now easily available, there is a need to evaluate whether routine testing should be performed for asymptomatic health care workers. This study aimed to provide a quantitative analysis of the predicted impact that regular testing of health care workers for COVID-19 may have on the prevention of the disease among emergency department patients and staff. Using publicly available data on COVID-19 cases and emergency department visits, as well as internal hospital staffing information, we developed a mathematical model to predict the impact of periodic COVID-19 testing of asymptomatic staff members of the emergency department in COVID-19-affected regions. We calculated various transmission constants based on the Diamond Princess cruise ship data, used a logistic model to calculate new infections, and developed a Markov model based on the average incubation period for COVID-19. Our model predicts that after 180 days, with a transmission constant of 1.219e-4 new infections/person2, weekly COVID-19 testing of health care workers would reduce new health care worker and patient infections by approximately 3%-5.9%, and biweekly testing would reduce infections in both by 1%-2.1%. At a transmission constant of 3.660e-4 new infections/person2, weekly testing would reduce infections by 11%-23% and biweekly testing would reduce infections by 5.5%-13%. At a lower transmission constant of 4.067e-5 new infections/person2, weekly and biweekly COVID-19 testing for health care workers would result in an approximately 1% and 0.5%-0.8% reduction in infections, respectively. Periodic COVID-19 testing for emergency department staff in regions that are heavily affected by COVID-19 or are facing resource constraints may significantly reduce COVID-19 transmission among health care workers and previously uninfected patients.","Adult; COVID-19; COVID-19 Testing; Emergency Service, Hospital; Female; Forecasting; Health Personnel; Humans; Infectious Disease Transmission, Patient-to-Professional; Infectious Disease Transmission, Professional-to-Patient; Male; Middle Aged; Personal Protective Equipment; SARS-CoV-2; Washington",Evaluation Study; Journal Article,yes
32990563,Flight-Associated Transmission of Severe Acute Respiratory Syndrome Coronavirus 2 Corroborated by Whole-Genome Sequencing.,Speake H; Phillips A; Chong T; Sikazwe C; Levy A et al.,Emerging infectious diseases,2020-Dec,2020,10.3201/eid2612.203910,"To investigate potential transmission of severe acute respiratory syndrome coronavirus 2 (SARS-CoV-2) during a domestic flight within Australia, we performed epidemiologic analyses with whole-genome sequencing. Eleven passengers with PCR-confirmed SARS-CoV-2 infection and symptom onset within 48 hours of the flight were considered infectious during travel; 9 had recently disembarked from a cruise ship with a retrospectively identified SARS-CoV-2 outbreak. The virus strain of those on the cruise and the flight was linked (A2-RP) and had not been previously identified in Australia. For 11 passengers, none of whom had traveled on the cruise ship, PCR-confirmed SARS-CoV-2 illness developed between 48 hours and 14 days after the flight. Eight cases were considered flight associated with the distinct SARS-CoV-2 A2-RP strain; the remaining 3 cases (1 with A2-RP) were possibly flight associated. All 11 passengers had been in the same cabin with symptomatic persons who had culture-positive A2-RP virus strain. This investigation provides evidence of flight-associated SARS-CoV-2 transmission.","Adolescent; Adult; Aged; Aged, 80 and over; Air Travel; Australia; COVID-19; Child; Child, Preschool; Female; Humans; Male; Middle Aged; Pandemics; Retrospective Studies; Risk Assessment; SARS-CoV-2; Whole Genome Sequencing; Young Adult",Journal Article,yes
32947859,Fear and Trembling of Cruise Ship Employees: Psychological Effects of the COVID-19 Pandemic.,Radic A; Lück M; Ariza-Montes A; Han H,International journal of environmental research and public health,2020-Sep,2020,10.3390/ijerph17186741,"The current COVID-19 pandemic has evolved to unprecedented proportions. This research aimed to gain a deeper understanding of the psychological effects of the COVID-19 pandemic on cruise ship employees stuck at sea. Using an inductive qualitative approach, a synchronous online focus group was conducted with nine cruise ship employees who were stuck at sea during COVID-19 pandemic. The findings revealed that COVID-19 pandemic has managed to erase the feeling of joy from cruise ship employees who were stuck at sea while exposing weakness of cruise line companies such as poor human resource management leadership. Moreover, COVID-19 pandemic demonstrated that it is of paramount importance that cruise line companies create a comprehensive strategy in assisting their employees who are experiencing an anxiety disorder and depression. The managerial implications are outlined.","Betacoronavirus; COVID-19; Coronavirus Infections; Fear; Humans; Pandemics; Pneumonia, Viral; SARS-CoV-2; Ships; Travel; Workforce",Journal Article,yes
32909009,Dynamic Network Strategies for SARS-CoV-2 Control on a Cruise Ship.,Jenness SM; Willebrand KS; Malik AA; Lopman BA; Omer SB,medRxiv : the preprint server for health sciences,2020-Oct,2020,10.1101/2020.08.26.20182766,"SARS-CoV-2 outbreaks have occurred on several nautical vessels, driven by the high-density contact networks on these ships. Optimal strategies for prevention and control that account for realistic contact networks are needed. We developed a network-based transmission model for SARS-CoV-2 on the Diamond Princess outbreak to characterize transmission dynamics and to estimate the epidemiological impact of outbreak control and prevention measures. This model represented the dynamic multi-layer network structure of passenger-passenger, passenger-crew, and crew-crew contacts, both before and after the large-scale network lockdown imposed on the ship in response to the disease outbreak. Model scenarios evaluated variations in the timing of the network lockdown, reduction in contact intensity within the sub-networks, and diagnosis-based case isolation on outbreak prevention. We found that only extreme restrictions in contact patterns during network lockdown and idealistic clinical response scenarios could avert a major COVID-19 outbreak. Contact network changes associated with adequate outbreak prevention were the restriction of passengers to their cabins, with limited passenger-crew contacts. Clinical response strategies required for outbreak prevention included early mass screening with an ideal PCR test (100% sensitivity) and immediate case isolation upon diagnosis. Public health restrictions on optional leisure activities like these should be considered until longer-term effective solutions such as a COVID-19 vaccine become widely available.",,Preprint; Journal Article,yes
32905593,Corrigendum to: Environmental Sampling for Severe Acute Respiratory Syndrome Coronavirus 2 During a COVID-19 Outbreak on the Diamond Princess Cruise Ship.,Yamagishi T; Ohnishi M; Matsunaga N; Kakimoto K; Kamiya H et al.,The Journal of infectious diseases,2021-Feb,2021,10.1093/infdis/jiaa525,,,Journal Article; Published Erratum,yes
32901817,COVID-19 outbreak on the Costa Atlantica cruise ship: use of a remote health monitoring system.,Sando E; Morimoto K; Narukawa S; Nakata K,Journal of travel medicine,2021-Feb,2021,10.1093/jtm/taaa163,We developed and introduced a browser-based health monitoring system in the outbreak of COVID-19 on a cruise ship in Japan occurred on the Costa Atlantica. This remote monitoring minimized the activity of support staff onboard the ship and prevented their infection.,COVID-19; Disease Outbreaks; Humans; Mobile Applications; SARS-CoV-2; Ships; Smartphone; Telemedicine,Letter,yes
32880957,Variation and multilevel selection of SARS-CoV-2.,Blackstone NW; Blackstone SR; Berg AT,Evolution; international journal of organic evolution,2020-Oct,2020,10.1111/evo.14080,"The evolution of SARS-CoV-2 remains poorly understood. Theory predicts a group-structured population with selection acting principally at two levels: the pathogen individuals and the group of pathogens within a single host individual. Rapid replication of individual viruses is selected for, but if this replication debilitates the host before transmission occurs, the entire group of viruses in that host may perish. Thus, rapid transmission can favor more pathogenic strains, while slower transmission can favor less pathogenic strains. Available data suggest that SARS-CoV-2 may follow this pattern. Indeed, high population density and other circumstances that favor rapid transmission may also favor more deadly strains. Health care workers, exposed to pathogenic strains of hospitalized patients, may be at greater risk. The low case fatality rate on the Diamond Princess cruise ship may reflect the founder effect-an initial infection with a mild strain. A vaccine made with one strain may confer limited immunity to other strains. Variation among strains may lead to the rapid evolution of resistance to therapeutics. Finally, if less pathogenic strains are largely associated with mild disease, rather than treating all SARS-CoV-2 positive individuals equally, priority could be focused on testing and contact tracing the most seriously symptomatic patients.",Biological Evolution; COVID-19; Humans; SARS-CoV-2; Virus Replication,Journal Article,yes
32841114,Tracking COVID-19: There's an App for That.,Berglund J,IEEE pulse,2020,2020,10.1109/MPULS.2020.3008356,"In March 2020, before COVID-19 laid claim to the United States, Vice President Mike Pence briefed the press about the coronavirus outbreak, which at the time was a threat to passengers aboard the Grand Princess cruise ship moored off the coast of California [1]. At the time, cases had spiked in Iran, Italy, and Spain, but the disease was still an abstraction to most Americans. When asked about a potential outbreak in Washington, D.C., Pence called on Dr. Anthony Fauci, director of the National Institute of Allergy and Infectious Disease, and a member of the U.S. Task Force, to address the question. Fauci replied that any individual who tested positive for the disease would undergo contact tracing, which he deemed ""the public health weapon"" for catching outbreaks before they start. Not long after, the World Health Organization declared a global pandemic, and the virus began spreading across the country.","Betacoronavirus; COVID-19; Coronavirus Infections; Humans; Mobile Applications; Pandemics; Pneumonia, Viral; Public Health; SARS-CoV-2; United States",Journal Article,yes
32836712,A comparative analysis of control measures on-board ship against COVID-19 and similar novel viral respiratory disease outbreak: Quarantine ship or disembark suspects?,Gupta A; Kunte R; Goyal N; Ray S; Singh K,"Medical journal, Armed Forces India",2021-Jul,2021,10.1016/j.mjafi.2020.06.003,"Management of novel viral respiratory disease outbreak on-board a ship with person-to-person transmission can be a public health challenge because of close proximity of inhabitants due to confined space and air-conditioned environment. It has a potential to be explosive, with high secondary attack rate (SAR) and cause significant morbidity and mortality. This study compares control measures instituted on-board two ships with similar outbreaks and recommends a standardized evidence-based outbreak response against them. This is a descriptive study, showing comparative analysis of control measures instituted on-board two ships, a cruise ship in case of COVID-19 and a warship in case of H1N1 influenza, with novel viral respiratory disease outbreak, at different span of time. Data of the date of onset, clinical details, laboratory results, history of travel, history of contact with positive case and control measures initiated were collected, analysed and compared. Of the two ships compared, one was a cruise ship with 712 COVID-19 cases, with an attack rate (AR) of 19.2% and 13 deaths, and other a warship with 14 cases of H1N1 influenza and an AR of 4.83%. The epidemic curve for both the outbreaks was plotted to study time distribution. Active surveillance, early self-reporting and immediate disembarkation of the suspects, along with strict compliance of hand hygiene, cough etiquettes and disinfection enhancement, will help in early mitigation of the outbreak. Health education should be undertaken to impart evidence-based knowledge and alleviate fear of the unknown. Vaccination may not be present but if available should only be administered after strict risk-benefit, cost-benefit and effectiveness analysis.",,Journal Article,yes
32836446,Fighting COVID-19 through Government Initiatives and Collaborative Governance: The Taiwan Experience.,Huang IY,Public administration review,2020,2020,10.1111/puar.13239,"Taiwan is situated less than 200 kilometers from the first COVID-19 outbreak state, China, and it has millions of international visitors yearly. Taiwan's collective efforts to block and eliminate the invisible enemy (COVID-19) from the island have resulted in relatively low infection and death numbers and have been hailed as a successful anomaly amid the global pandemic. This review provides some background on the systems and organizations that helped Taiwan streamline a task force (command center) in a timely manner to launch related initiatives, mobilize the public, and engage private resources to implement strategies and policies that were further enhanced by collaborative behaviors and volunteers. Even subject to threatening conditions such as cruise ship stopover and numerous foreign immigrant workers, there were no outbreaks of community infection in Taiwan similar to those in Singapore, Japan, and other countries. Taiwan's successful measures offer a good example for future comparative studies.",,Journal Article,yes
32834406,An emergency responding mechanism for cruise epidemic prevention-taking COVID-19 as an example.,Liu X; Chang YC,Marine policy,2020-Sep,2020,10.1016/j.marpol.2020.104093,"COVID-19 has severely impacted the global cruise tourism industry. The increasing number of confirmed cases during the quarantine period of 'Diamond Princess' questioned the efficiency and science behind the Japanese government's emergency management of the outbreak and led to a debate on the responsibilities of the ship's country of registry and port country. In order to deal with the spread of virus on a cruise ship rationally, the present study analyses why cruise ships are more prone to an emergent epidemic and discusses requirements of international conventions and domestic laws on cruise ship sanitation and epidemic prevention. It also evaluates the rescue responsibility of Flag State and Port State, explores the legal lacunae of international conventions on the rescue obligation of cruise home port, and provides solutions for prevention and control of cruise ship epidemic with short-term response measures and long-term mechanism construction. In terms of a short-term response, it is vital to adopt the quarantine idea of a 'temporary cabin hospital' and a disposal procedure of 'circular disinfection-section repeat testing-batch transfer and quarantine-international collaborative medical treatment'. For a long-term mechanism construction, three aspects need to be considered: the risk emergency management mechanism of cruise lines, health and epidemic prevention supervision mechanisms, and international cooperation mechanisms of infectious disease prevention.",,Journal Article,yes
32831176,The contribution of asymptomatic SARS-CoV-2 infections to transmission on the Diamond Princess cruise ship.,Emery JC; Russell TW; Liu Y; Hellewell J; Pearson CA et al.,eLife,2020-Aug,2020,10.7554/eLife.58699,"A key unknown for SARS-CoV-2 is how asymptomatic infections contribute to transmission. We used a transmission model with asymptomatic and presymptomatic states, calibrated to data on disease onset and test frequency from the Diamond Princess cruise ship outbreak, to quantify the contribution of asymptomatic infections to transmission. The model estimated that 74% (70-78%, 95% posterior interval) of infections proceeded asymptomatically. Despite intense testing, 53% (51-56%) of infections remained undetected, most of them asymptomatic. Asymptomatic individuals were the source for 69% (20-85%) of all infections. The data did not allow identification of the infectiousness of asymptomatic infections, however low ranges (0-25%) required a net reproduction number for individuals progressing through presymptomatic and symptomatic stages of at least 15. Asymptomatic SARS-CoV-2 infections may contribute substantially to transmission. Control measures, and models projecting their potential impact, need to look beyond the symptomatic cases if they are to understand and address ongoing transmission.","Asymptomatic Diseases; Betacoronavirus; COVID-19; Calibration; Coronavirus Infections; Humans; Incidence; Models, Statistical; Pandemics; Pneumonia, Viral; SARS-CoV-2; Ships","Journal Article; Research Support, Non-U.S. Gov't",yes
32822290,"Epidemiology of COVID-19 Outbreak on Cruise Ship Quarantined at Yokohama, Japan, February 2020.",,Emerging infectious diseases,2020-Nov,2020,10.3201/eid2611.201165,"To improve understanding of coronavirus disease (COVID-19), we assessed the epidemiology of an outbreak on a cruise ship, February 5-24, 2020. The study population included persons on board on February 3 (2,666 passengers, 1,045 crew). Passengers had a mean age of 66.1 years and were 55% female; crew had a mean age of 36.6 years and were 81% male. Of passengers, 544 (20.4%) were infected, 314 (57.7%) asymptomatic. Attack rates were highest in 4-person cabins (30.0%; n = 18). Of crew, 143 (13.7%) were infected, 64 (44.8%) asymptomatic. Passenger cases peaked February 7, and 35 had onset before quarantine. Crew cases peaked on February 11 and 13. The median serial interval between cases in the same cabin was 2 days. This study shows that severe acute respiratory syndrome coronavirus 2 is infectious in closed settings, that subclinical infection is common, and that close contact is key for transmission.","Adult; Betacoronavirus; COVID-19; Coronavirus Infections; Disease Outbreaks; Disease Transmission, Infectious; Female; Humans; Japan; Male; Middle Aged; Occupational Diseases; Pandemics; Pneumonia, Viral; Quarantine; SARS-CoV-2; Ships; Travel",Journal Article,yes
32820236,"Renin-angiotensin system inhibitors and the severity of coronavirus disease 2019 in Kanagawa, Japan: a retrospective cohort study.",Matsuzawa Y; Ogawa H; Kimura K; Konishi M; Kirigaya J et al.,Hypertension research : official journal of the Japanese Society of Hypertension,2020-Nov,2020,10.1038/s41440-020-00535-8,"Since the beginning of the coronavirus disease 2019 (COVID-19) outbreak initiated on the Diamond Princess Cruise Ship at Yokohama harbor in February 2020, we have been doing our best to treat COVID-19 patients. In animal experiments, angiotensin converting enzyme inhibitors (ACEIs) and angiotensin II type-1 receptor blockers (ARBs) are reported to suppress the downregulation of angiotensin converting enzyme 2 (ACE2), and they may inhibit the worsening of pathological conditions. We aimed to examine whether preceding use of ACEIs and ARBs affected the clinical manifestations and prognosis of COVID-19 patients. One hundred fifty-one consecutive patients (mean age 60 ± 19 years) with polymerase-chain-reaction proven severe acute respiratory syndrome coronavirus 2 (SARS-CoV-2) infection who were admitted to six hospitals in Kanagawa Prefecture, Japan, were analyzed in this multicenter retrospective observational study. Among all COVID-19 patients, in the multiple regression analysis, older age (age ≥ 65 years) was significantly associated with the primary composite outcome (odds ratio (OR) 6.63, 95% confidence interval (CI) 2.28-22.78, P < 0.001), which consisted of (i) in-hospital death, (ii) extracorporeal membrane oxygenation, (iii) mechanical ventilation, including invasive and noninvasive methods, and (iv) admission to the intensive care unit. In COVID-19 patients with hypertension, preceding ACEI/ARB use was significantly associated with a lower occurrence of new-onset or worsening mental confusion (OR 0.06, 95% CI 0.002-0.69, P = 0.02), which was defined by the confusion criterion, which included mild disorientation or hallucination with an estimation of medical history of mental status, after adjustment for age, sex, and diabetes. In conclusion, older age was a significant contributor to a worse prognosis in COVID-19 patients, and ACEIs/ARBs could be beneficial for the prevention of confusion in COVID-19 patients with hypertension.","Adult; Age Factors; Aged; Aged, 80 and over; Angiotensin II Type 1 Receptor Blockers; Angiotensin-Converting Enzyme Inhibitors; Betacoronavirus; COVID-19; Confusion; Coronavirus Infections; Female; Humans; Hypertension; Male; Middle Aged; Pandemics; Pneumonia, Viral; Retrospective Studies; SARS-CoV-2; Severity of Illness Index","Journal Article; Multicenter Study; Observational Study; Research Support, Non-U.S. Gov't",yes
32816114,Emergence of coronavirus disease 2019 (COVID-19) in Austria.,Kreidl P; Schmid D; Maritschnik S; Richter L; Borena W et al.,Wiener klinische Wochenschrift,2020-Nov,2020,10.1007/s00508-020-01723-9,"This is a report on the first identified cases of coronavirus disease 2019 (COVID-19) in Austria. The first documented case was a person who stayed in Kühtai, Tyrol, from 24 to 26 January 2020, and had been infected by a Chinese instructor in Starnberg (Germany) between 20 and 22 January. This counts as a German case since her diagnosis was eventually made in Munich (Germany) on 28 January. On 25 February, two cases imported from Italy were diagnosed in Innsbruck but again no secondary cases were identified in Austria. The first three infections of Austrian inhabitants were detected on 27 February in Vienna. The two resulting clusters finally included 6 (source of initial infection unknown) and 61 cases. Most likely, Italy was the source of the latter cluster. On 12 March the first fatal case of COVID-19 in Austria was reported, a 69-year-old Viennese who died in a Vienna hospital after returning from a cruise ship tour in Italy. On 6 March three autochthonously acquired cases were reported in the Tyrol, all related to the ski resort Ischgl. Of the first 14 Islandic COVID-19 cases infected in Ischgl, 11 had already returned to Iceland on 29 February. We consider that the incriminated barkeeper, who tested PCR positive on 7 March, was neither the primary case nor a superspreader. In our opinion, undetected transmission of SARS-CoV‑2 had been ongoing in Ischgl prior to the first laboratory confirmed cases. Our data also underline that the introduction of SARS-CoV‑2 into Austria was not one single event.","Adult; Austria; Betacoronavirus; COVID-19; Coronavirus Infections; Female; Humans; Male; Middle Aged; Pandemics; Pneumonia, Viral; SARS-CoV-2; Young Adult",Journal Article,yes
32811804,Comparison of the Clinical Course of COVID-19 Pneumonia and Acute Respiratory Distress Syndrome in 2 Passengers from the Cruise Ship Diamond Princess in February 2020.,Matsumura K; Toyoda Y; Matsumoto S; Kawai Y; Mori T et al.,The American journal of case reports,2020-Aug,2020,10.12659/AJCR.926835,"BACKGROUND Patients with coronavirus disease 2019 (COVID-19) caused by the severe acute respiratory syndrome coronavirus 2 can rapidly progress to acute respiratory distress syndrome (ARDS). Because clinical diagnosis of ARDS includes several diseases, understanding the characteristics of COVID-19-related ARDS is necessary for precise treatment. We report 2 patients with ARDS due to COVID-19-associated pneumonia. CASE REPORT Case 1 involved a 72-year-old Japanese man who presented with respiratory distress and fever. Computed tomography (CT) revealed subpleural ground-glass opacities (GGOs) and consolidation. Six days after symptom onset, reverse transcription-polymerase chain reaction (RT-PCR) testing confirmed the diagnosis of COVID-19-associated pneumonia. He was intubated and received veno-venous extracorporeal membrane oxygenation (ECMO) 8 days after symptom onset. Follow-up CT revealed large diffuse areas with a crazy-paving pattern and consolidation, which indicated progression of COVID-19-associated pneumonia. Following treatment with antiviral medications and supportive measures, the patient was weaned off ECMO after 20 days. Case 2 involved a 70-year-old Asian man residing in Canada who presented with cough, malaise, nausea, vomiting, and fever. COVID-19-associated pneumonia was diagnosed based on a positive result from RT-PCR testing. The patient was then transferred to the intensive care unit and intubated 8 days after symptom onset. Follow-up CT showed that while the initial subpleural GGOs had improved, diffuse GGOs appeared, similar to those observed upon diffuse alveolar damage. He was administered systemic steroid therapy for ARDS and extubated after 6 days. CONCLUSIONS Because the pattern of symptom exacerbation in COVID-19-associated pneumonia cases seems inconsistent, individual treatment management, especially the CT-based treatment strategy, is crucial.","Aged; Betacoronavirus; COVID-19; Coronavirus Infections; Extracorporeal Membrane Oxygenation; Humans; Intensive Care Units; Lung; Male; Pandemics; Pneumonia, Viral; Respiratory Distress Syndrome; SARS-CoV-2; Ships; Tomography, X-Ray Computed; Travel",Case Reports; Journal Article,yes
32810081,Airway Hygiene in COVID-19 Pneumonia: Treatment Responses of 3 Critically Ill Cruise Ship Employees.,Farooqi FI; Morgan RC; Dhawan N; Dinh J; Yatzkan G et al.,The American journal of case reports,2020-Aug,2020,10.12659/AJCR.926596,"BACKGROUND COVID-19, the disease entity caused by the novel severe acute respiratory coronavirus 2 (SARS-CoV-2), continues to pose a major therapeutic challenge for clinicians. At present, an effective treatment regimen and vaccination has not been established. Many patients develop severe symptoms requiring endotracheal intubation and a prolonged stay in the Intensive Care Unit (ICU). In early postmortem examinations of COVID-19 patients, profuse viscous secretions were observed throughout the respiratory tract. Thus, oxygen supplementation without aggressive pulmonary hygiene management may be suboptimal. In the present case series, pulmonary hygiene management encompassed mucolytics, bronchodilators, and tracheal suctioning. We report 3 severe cases of COVID-19 pneumonia in cruise ship employees who were admitted to the ICU and responded to supportive mechanical ventilation and pulmonary hygiene management. CASE REPORT Three cruise ship employees with COVID-19 underwent endotracheal intubation and were admitted to the ICU for acute hypoxemic respiratory failure. Initial chest X-rays suggested multifocal pneumonia with superimposed acute respiratory distress syndrome (ARDS). A regimen of hydroxychloroquine, azithromycin, and dexamethasone was initiated on admission in all cases. Additionally, medications used for pulmonary hygiene were administered through a metered-dose inhaler (MDI) in line with the ventilator circuit. Endotracheal suctioning was performed prior to medication administration. The duration from endotracheal intubation to extubation ranged from 9 to 24 days. All 3 patients reached 30-day survival. CONCLUSIONS The cases reported highlight the importance of the use of airway hygiene with mucolytics, bronchodilators, and tracheal suctioning for patients with COVID-19 pneumonia requiring ventilatory support.","Aged; Antimalarials; Betacoronavirus; COVID-19; Coronavirus Infections; Critical Illness; Disease Transmission, Infectious; Humans; Hydroxychloroquine; Hygiene; Male; Middle Aged; Pandemics; Pneumonia, Viral; Respiration, Artificial; SARS-CoV-2; Ships",Case Reports; Journal Article,yes
32798226,Insights on Coronavirus Disease 2019 Epidemiology From a Historic Cruise Ship Quarantine.,Yamagishi T; Doi Y,Clinical infectious diseases : an official publication of the Infectious Diseases Society of America,2021-May,2021,10.1093/cid/ciaa1214,,COVID-19; Diamond; Disease Outbreaks; Humans; Quarantine; SARS-CoV-2; Ships,Editorial; Comment,no
32785683,Coronavirus Disease 2019 (COVID-19) in Americans Aboard the Diamond Princess Cruise Ship.,Plucinski MM; Wallace M; Uehara A; Kurbatova EV; Tobolowsky FA et al.,Clinical infectious diseases : an official publication of the Infectious Diseases Society of America,2021-May,2021,10.1093/cid/ciaa1180,"The Diamond Princess cruise ship was the site of a large outbreak of coronavirus disease 2019 (COVID-19). Of 437 Americans and their travel companions on the ship, 114 (26%) tested positive for severe acute respiratory syndrome coronavirus 2 (SARS-CoV-2). We interviewed 229 American passengers and crew after disembarkation following a ship-based quarantine to identify risk factors for infection and characterize transmission onboard the ship. The attack rate for passengers in single-person cabins or without infected cabinmates was 18% (58/329), compared with 63% (27/43) for those sharing a cabin with an asymptomatic infected cabinmate, and 81% (25/31) for those with a symptomatic infected cabinmate. Whole genome sequences from specimens from passengers who shared cabins clustered together. Of 66 SARS-CoV-2-positive American travelers with complete symptom information, 14 (21%) were asymptomatic while on the ship. Among SARS-CoV-2-positive Americans, 10 (9%) required intensive care, of whom 7 were ≥70 years. Our findings highlight the high risk of SARS-CoV-2 transmission on cruise ships. High rates of SARS-CoV-2 positivity in cabinmates of individuals with asymptomatic infections suggest that triage by symptom status in shared quarters is insufficient to halt transmission. A high rate of intensive care unit admission among older individuals complicates the prospect of future cruise travel during the pandemic, given typical cruise passenger demographics. The magnitude and severe outcomes of this outbreak were major factors contributing to the Centers for Disease Control and Prevention's decision to halt cruise ship travel in US waters in March 2020.",COVID-19; Diamond; Disease Outbreaks; Humans; Quarantine; SARS-CoV-2; Ships; Travel; United States,Journal Article,yes
32782043,An Experience of the Ibaraki Disaster Psychiatric Assistance Team on the Diamond Princess Cruise Ship: Mental Health Issues Induced by COVID-19.,Takahashi S; Manaka K; Hori T; Arai T; Tachikawa H,Disaster medicine and public health preparedness,2020-Aug,2020,10.1017/dmp.2020.305,,COVID-19; Humans; Japan; Mental Health Services; Quarantine; Ships,Letter,yes
32777227,Minimizing disease spread on a quarantined cruise ship: A model of COVID-19 with asymptomatic infections.,Batista B; Dickenson D; Gurski K; Kebe M; Rankin N,Mathematical biosciences,2020-Nov,2020,10.1016/j.mbs.2020.108442,"On February 5 the Japanese government ordered the passengers and crew on the Diamond Princess to start a two week quarantine after a former passenger tested positive for COVID-19. During the quarantine the virus spread rapidly throughout the ship. By February 20, there were 651 cases. We model this quarantine with a SEIR model including asymptomatic infections with differentiated shipboard roles for crew and passengers. The study includes the derivation of the basic reproduction number and simulation studies showing the effect of quarantine with COVID-19 or influenza on the total infection numbers. We show that quarantine on a ship with COVID-19 will lead to significant disease spread if asymptomatic infections are not identified. However, if the majority of the crew and passengers are immune or vaccinated to COVID-19, then quarantine would slow the spread. We also show that a disease similar to influenza, even with a ship with a fully susceptible crew and passengers, could be contained through quarantine measures.","Asymptomatic Infections; Basic Reproduction Number; Betacoronavirus; COVID-19; COVID-19 Testing; Clinical Laboratory Techniques; Communicable Diseases, Imported; Computer Simulation; Coronavirus Infections; Humans; Influenza, Human; Japan; Mathematical Computing; Models, Biological; Pandemics; Pneumonia, Viral; Quarantine; SARS-CoV-2; Ships; Travel; Travel Medicine; Travel-Related Illness","Journal Article; Research Support, U.S. Gov't, Non-P.H.S.",yes
32771638,"Quarantine measures for coronavirus disease 2019 on a cruise ship, Taiwan, February 2020.",Lin YC; Chen MY; Liu MC; Lin YJ; Lin YH et al.,International journal of infectious diseases : IJID : official publication of the International Society for Infectious Diseases,2020-Oct,2020,10.1016/j.ijid.2020.08.011,"To early detect coronavirus disease 2019 on an international cruise ship and prevent its spread, Taiwan's Central Epidemic Command Center implemented on-board quarantine measures on a cruise ship docked at the Port of Keelung, Taiwan, on February 8, 2020. Quarantine officers, medical professionals, and administrative staff from competent authorities conducted fever screening and investigated the present illness and travel history of 1738 passengers and 776 crew members on the ship. Throat swabs were collected from 128 (5.1%) passengers and crew members with fever or respiratory symptoms during the past 14 days or travel history to China, Hong Kong, or Macao within 30 days. All swabs tested negative for severe acute respiratory syndrome coronavirus 2 at the national reference laboratory. The whole process, from on-board preparation to the completion of testing, took 9 h. All passengers and crew were permitted to disembark and were required to take 14-day self-health management measures. No cases were reported by the end of the self-health management period.","Betacoronavirus; COVID-19; China; Coronavirus Infections; Hong Kong; Humans; Macau; Pandemics; Pneumonia, Viral; Quarantine; SARS-CoV-2; Ships; Taiwan; Travel",Journal Article,yes
32742897,COVID-19 outbreak on the Diamond Princess Cruise Ship in February 2020.,Tokuda Y; Sakihama T; Aoki M; Taniguchi K; Deshpande GA et al.,Journal of general and family medicine,2020-Jul,2020,10.1002/jgf2.326,,,Editorial,yes
32723824,Haplotype networks of SARS-CoV-2 infections in the Diamond Princess cruise ship outbreak.,Sekizuka T; Itokawa K; Kageyama T; Saito S; Takayama I et al.,Proceedings of the National Academy of Sciences of the United States of America,2020-Aug,2020,10.1073/pnas.2006824117,"The Diamond Princess cruise ship was put under quarantine offshore Yokohama, Japan, after a passenger who disembarked in Hong Kong was confirmed as a coronavirus disease 2019 case. We performed whole-genome sequencing of severe acute respiratory syndrome coronavirus 2 (SARS-CoV-2) directly from PCR+ clinical specimens and conducted a phylogenetic analysis of the outbreak. All tested isolates exhibited a transversion at G11083T, suggesting that SARS-CoV-2 dissemination on the Diamond Princess originated from a single introduction event before the quarantine started. Although further spreading might have been prevented by quarantine, some progeny clusters could be linked to transmission through mass-gathering events in the recreational areas and direct transmission among passengers who shared cabins during the quarantine. This study demonstrates the usefulness of haplotype network/phylogeny analysis in identifying potential infection routes.","Betacoronavirus; COVID-19; Coronavirus Infections; Genome, Viral; Haplotypes; Humans; Pandemics; Phylogeny; Pneumonia, Viral; Quarantine; SARS-CoV-2; Ships; Whole Genome Sequencing","Journal Article; Research Support, Non-U.S. Gov't",yes
32691828,Environmental Sampling for Severe Acute Respiratory Syndrome Coronavirus 2 During a COVID-19 Outbreak on the Diamond Princess Cruise Ship.,Yamagishi T; Ohnishi M; Matsunaga N; Kakimoto K; Kamiya H et al.,The Journal of infectious diseases,2020-Sep,2020,10.1093/infdis/jiaa437,"During a COVID-19 outbreak on the Diamond Princess cruise ship we sampled environmental surfaces after passengers and crew vacated cabins. SARS-CoV-2 RNA was detected in 58 of 601 samples (10%) from case cabins 1-17 days after cabins were vacated but not from noncase cabins. There was no difference in detection proportion between cabins of symptomatic (15%, 28/189; cycle quantification [Cq], 29.79-38.86) and asymptomatic cases (21%, 28/131; Cq, 26.21-38.99). No SARS-CoV-2 virus was isolated from any of the samples. Transmission risk of SARS-CoV-2 from symptomatic and asymptomatic patients may be similar and surfaces could be involved in transmission.","Betacoronavirus; COVID-19; Coronavirus Infections; Disease Outbreaks; Environmental Monitoring; Humans; Pandemics; Pneumonia, Viral; RNA, Viral; SARS-CoV-2; Sampling Studies; Ships; Specimen Handling","Journal Article; Research Support, Non-U.S. Gov't",yes
32684225,[Retrospective analysis of the on-site treatment of the coronavirus disease 2019 epidemic on the Costa Crociere cruise].,Yang W; Li C; Wang F; Dou K; Cheng Y et al.,Zhonghua wei zhong bing ji jiu yi xue,2020-Jun,2020,10.3760/cma.j.cn121430-20200223-00162,"Coronavirus disease 2019 (COVID-19) epidemic is the most widespread global pandemic in the past 100 years. Person-to-person transmission of COVID-19 infection leads to the major threat of human safety and health. At 00:00 on January 24th, 2020, Tianjin City launched the first-level response to the COVID-19 epidemic. At 18:00 on the same day, Management Committee of Dongjiang Free Trade Port Zone of Tianjin received areport that there were 15 people who had fever on the Costa Crociere carrying 4 806 people from Japan back to the home port of Tianjin Dongjiang Cruise. At the same time, there are more than 140 Chinese Hubei tourists. Tianjin Municipal Committee and Government, Tianjin Customs, Binhai New Area District Committee Government, Tianjin Health Commission, Tianjin Binhai New Area Health Commission formed an emergency command center immediately to deal with the epidemic comprehensively. At 06:40 on January 25th, 2020, the medical investigation team made up by Tianjin Binhai New Area Health Commission and Tianjin East Administration of Customs boarded the cruise ship. With reference to the customs inspection and quarantine regulations, in accordance with the Diagnosis and treatment of pneumonia caused by novel coronavirus (trial version 3) for mulated by the National Health Commission of the People's Republic of China and the Novel coronavirus infected pneumonia port control and technology plan (first version) formulated by the General Administration of Customs, combined with the actual situation of cruise ships, the medical investigation team developed the inspection standards, including door-to-door inspections, temperature measurement and epidemiological investigations on all persons on board of the cruise ship. A total of 4 806 person-times were investigated in the affected area, including 3 706 tourists and 1 100 crew members. Seventeen people at high risk of COVID-19 were identified, including three Wuhan tourists. The reports of 2019 novel coronavirus (2019-nCoV) nucleic acid detection on throat swab samples for those who were identified as high risk were returned as all negative at 14:54 on the same day. At 19:30, the medical investigation team completed the investigation and evacuated the cruise ship. The temperature measurement, medical observation and resettlement of passenger were handed over to relevant personnel. After 2 weeks, the follow-up result of 2019-nCoV nucleic acid of 17 high risk people were all negative. The overall command and comprehensive coordination of the onshore command center together with the rigid principles and excellent responds ability of the on-site epidemic investigation team ensured the successful completion of the epidemic investigation work, and also provided reference for further improving the management and disposal capacity of public health emergencies at sea.","Betacoronavirus; COVID-19; China; Coronavirus Infections; Epidemics; Humans; Pandemics; Pneumonia, Viral; Retrospective Studies; SARS-CoV-2",Journal Article,yes
32674828,"Cruise Ships, Nursing Homes, and Prisons as COVID-19 Epicenters: A ""Wicked Problem"" With Breakthrough Solutions?",Sloane PD,Journal of the American Medical Directors Association,2020-Jul,2020,10.1016/j.jamda.2020.04.020,,"Betacoronavirus; COVID-19; Coronavirus Infections; Disease Outbreaks; Humans; Nursing Homes; Pandemics; Pneumonia, Viral; Prisons; Risk Factors; SARS-CoV-2; Ships; United States",Editorial,yes
32662867,Detection of SARS-CoV-2 RNA in commercial passenger aircraft and cruise ship wastewater: a surveillance tool for assessing the presence of COVID-19 infected travellers.,Ahmed W; Bertsch PM; Angel N; Bibby K; Bivins A et al.,Journal of travel medicine,2020-Aug,2020,10.1093/jtm/taaa116,"Wastewater-based epidemiology (WBE) for severe acute respiratory syndrome coronavirus 2 (SARS-CoV-2) can be an important source of information for coronavirus disease 2019 (COVID-19) management during and after the pandemic. Currently, governments and transportation industries around the world are developing strategies to minimize SARS-CoV-2 transmission associated with resuming activity. This study investigated the possible use of SARS-CoV-2 RNA wastewater surveillance from airline and cruise ship sanitation systems and its potential use as a COVID-19 public health management tool. Aircraft and cruise ship wastewater samples (n = 21) were tested for SARS-CoV-2 using two virus concentration methods, adsorption-extraction by electronegative membrane (n = 13) and ultrafiltration by Amicon (n = 8), and five assays using reverse-transcription quantitative polymerase chain reaction (RT-qPCR) and RT-droplet digital PCR (RT-ddPCR). Representative qPCR amplicons from positive samples were sequenced to confirm assay specificity. SARS-CoV-2 RNA was detected in samples from both aircraft and cruise ship wastewater; however concentrations were near the assay limit of detection. The analysis of multiple replicate samples and use of multiple RT-qPCR and/or RT-ddPCR assays increased detection sensitivity and minimized false-negative results. Representative qPCR amplicons were confirmed for the correct PCR product by sequencing. However, differences in sensitivity were observed among molecular assays and concentration methods. The study indicates that surveillance of wastewater from large transport vessels with their own sanitation systems has potential as a complementary data source to prioritize clinical testing and contact tracing among disembarking passengers. Importantly, sampling methods and molecular assays must be further optimized to maximize detection sensitivity. The potential for false negatives by both wastewater testing and clinical swab testing suggests that the two strategies could be employed together to maximize the probability of detecting SARS-CoV-2 infections amongst passengers.","Aircraft; Betacoronavirus; COVID-19; Coronavirus Infections; Humans; Pandemics; Pneumonia, Viral; RNA, Viral; Real-Time Polymerase Chain Reaction; SARS-CoV-2; Sensitivity and Specificity; Ships; Travel; Wastewater",Journal Article,yes
32640950,Asymptomatic COVID-19 or are we missing something?,Daniells JK; MacCallum HL; Durrheim DN,Communicable diseases intelligence (2018),2020-Jul,2020,10.33321/cdi.2020.44.55,"The Northern Territory (NT) Centre for Disease Control (CDC) undertook contact tracing of all notified cases of coronavirus disease 2019 (COVID-19) within the Territory. There were 28 cases of COVID-19 notified in the NT between 1 March and 30 April 2020. In total 527 people were identified as close contacts over the same period; 493 were successfully contacted; 445 were located in the NT and were subsequently quarantined and monitored for disease symptoms daily for 14 days after contact with a confirmed COVID-19 case. Of these 445 close contacts, 4 tested positive for COVID-19 after developing symptoms; 2/46 contacts who were cruise ship passengers (4.3%, 95% CI 0.5-14.8%) and 2/51 household contacts (3.9%, 95% CI 0.5-13.5%). None of the 326 aircraft passengers or 4 healthcare workers who were being monitored in the NT as close contacts became cases.","Adolescent; Adult; Aged; Betacoronavirus; COVID-19; Child; Contact Tracing; Coronavirus Infections; Female; Humans; Male; Middle Aged; Northern Territory; Pandemics; Pneumonia, Viral; Risk Factors; SARS-CoV-2; Virus Shedding; Young Adult",Journal Article,yes
32615916,"The first 2 months of COVID-19 contact tracing in the Northern Territory of Australia, March-April 2020.",Draper AD; Dempsey KE; Boyd RH; Childs EM; Black HM et al.,Communicable diseases intelligence (2018),2020-Jul,2020,10.33321/cdi.2020.44.53,"The Northern Territory (NT) Centre for Disease Control (CDC) undertook contact tracing of all notified cases of coronavirus disease 2019 (COVID-19) within the Territory. There were 28 cases of COVID-19 notified in the NT between 1 March and 30 April 2020. In total 527 people were identified as close contacts over the same period; 493 were successfully contacted; 445 were located in the NT and were subsequently quarantined and monitored for disease symptoms daily for 14 days after contact with a confirmed COVID-19 case. Of these 445 close contacts, 4 tested positive for COVID-19 after developing symptoms; 2/46 contacts who were cruise ship passengers (4.3%, 95% CI 0.5-14.8%) and 2/51 household contacts (3.9%, 95% CI 0.5-13.5%). None of the 326 aircraft passengers or 4 healthcare workers who were being monitored in the NT as close contacts became cases.","Betacoronavirus; COVID-19; Contact Tracing; Coronavirus Infections; Family Characteristics; Humans; Northern Territory; Pandemics; Pneumonia, Viral; Public Health; Risk Factors; SARS-CoV-2; Time Factors; Travel",Journal Article,yes
32610818,Underperformance of Reverse-Transcriptase Polymerase Chain Reaction in Japan and Potential Implications From Diamond Princess Cruise Ship and Other Countries During the Ongoing COVID-19 Pandemic.,Yamamoto K; Ozaki A; Senoo Y; Sawano T; Tanimoto T et al.,International journal of health policy and management,2020-Nov,2020,10.34172/ijhpm.2020.109,,COVID-19; COVID-19 Nucleic Acid Testing; Diagnostic Errors; Disease Outbreaks; Humans; Japan; Pandemics; SARS-CoV-2; Ships,Letter,yes
32582136,SARS-CoV-2 Genome Analysis of Japanese Travelers in Nile River Cruise.,Sekizuka T; Kuramoto S; Nariai E; Taira M; Hachisu Y et al.,Frontiers in microbiology,2020,2020,10.3389/fmicb.2020.01316,"Japan has reported 26 cases of coronavirus disease 2019 (COVID-19) linked to cruise tours on the River Nile in Egypt between March 5 and 15, 2020. Here, we characterized the severe acute respiratory syndrome coronavirus 2 (SARS-CoV-2) genome of isolates from 10 travelers who returned from Egypt and from patients possibly associated with these travelers. We performed haplotype network analysis of SARS-CoV-2 isolates using genome-wide single-nucleotide variations. Our analysis identified two potential Egypt-related clusters from these imported cases, and these clusters were related to globally detected viruses in different countries.",,Journal Article,no
32574332,Three Novel COVID-19 Pneumonia Cases Successfully Treated With Lopinavir/Ritonavir.,Wada T; Shimode K; Hoshiyama T; Takayama Y; Yamaoka K,Frontiers in medicine,2020,2020,10.3389/fmed.2020.00241,"Following the first case of Coronavirus Disease 2019 (COVID-19), caused by Severe Acute Respiratory Syndrome Coronavirus-2 (SARS-Cov-2), in Wuhan, China, in December 2019, it has spread worldwide. An outbreak in Japan occurred on a cruise ship, and this was followed by community-acquired COVID-19. Herein, we report three cases of COVID-19 that presented pneumonia following admission to Kitasato University Hospital. Patients were admitted based on the positive result of real-time reverse transcriptase-polymerase chain reaction (RT-PCR) tests for COVID-19 nucleic acid. All patients were diagnosed as suffering from non-severe COVID-19 pneumonia and were successfully treated with Lopinavir/Ritonavir (LPV/r). LPV/r could be an option for treating non-severe COVID-19 pneumonia in general and even in elderly patients.",,Case Reports; Journal Article,yes
32565152,Clinical characteristics of the coronavirus disease 2019 (COVID-19) outbreak on a cruise ship.,Yoshimura Y; Sasaki H; Horiuchi H; Miyata N; Tachikawa N,Journal of infection and chemotherapy : official journal of the Japan Society of Chemotherapy,2020-Nov,2020,10.1016/j.jiac.2020.06.010,"A large COVID-19 outbreak occurred on the cruise ship Diamond Princess in February 2020. Little information has been reported about the clinical characteristics of the patients. This single-center, retrospective, observational study was conducted in Yokohama, Japan. We included symptomatic patients who were infected on the ship and admitted to our hospital between 5 and 19 February 2020. All the cases were confirmed with SARS-CoV-2 infection by polymerase chain reaction (PCR). We confirmed 17 cases. The average age was 69 years; 10 patients were Asian and 7 were Caucasian. Eleven patients had one or more chronic diseases. The major symptoms were cough and fever. Chest computed tomography (CT) scans found bilateral ground-glass opacities predominantly in the peripheral area, which were similar to reports from cases in China. C-reactive protein (CRP) levels were higher in severe and critical cases than in mild to moderate cases. The moderate to severe cases reached symptomatic resolution; one of the three critical cases resulted in death due to multiple organ failure. SARS-CoV-2 was detected by PCR at an average of 7 days after symptomatic resolution. Cough and fever, increased blood CRP levels, and CT findings of bilateral ground-glass opacities predominantly in the peripheral lung were characteristic of the COVID-19 cases in this study. These findings were compatible with those of previous reports.","Aged; Betacoronavirus; COVID-19; COVID-19 Testing; Clinical Laboratory Techniques; Coronavirus Infections; Disease Outbreaks; Female; Humans; Japan; Male; Middle Aged; Pandemics; Pneumonia, Viral; Polymerase Chain Reaction; RNA, Viral; Retrospective Studies; SARS-CoV-2; Ships; Travel-Related Illness",Journal Article; Observational Study,yes
32556649,Clinical course of a critically ill patient with severe acute respiratory syndrome coronavirus 2 (SARS-CoV-2).,Takahashi N; Abe R; Hattori N; Matsumura Y; Oshima T et al.,Journal of artificial organs : the official journal of the Japanese Society for Artificial Organs,2020-Dec,2020,10.1007/s10047-020-01183-y,"Although several studies have reported on the clinical and epidemiological characteristics of the patient with severe acute respiratory syndrome coronavirus 2 (SARS-CoV-2), clinical course of the most severe cases requiring treatment in ICU have been insufficiently reported. A 73-year-old man traveling on a cruise ship with history of hypertension and dyslipidemia developed high fever, dyspnea and cough after 7 days of steroid treatment for sudden sensorineural hearing loss, and tested positive for SARS-CoV-2 in sputa polymerase chain reaction (PCR) examination. His respiratory function deteriorated despite treatments with lopinavir/ritonavir, oseltamivir, azithromycin and meropenem at a regional hospital. He was intubated and transferred to the ICU in the tertiary university hospital on day 10 (ICU day 1). Interferon beta-1b subcutaneous injection was initiated immediately to enhance anti-viral therapy, and favipiravir on ICU day 10 upon availability. Progression of organ dysfunctions necessitated inhalation of nitrogen oxide for respiratory dysfunction, noradrenaline for cardiovascular dysfunction and continuous renal replacement therapy for renal dysfunction. His blood samples PCR also tested positive for SARS-CoV-2, indicating viremia, concomitantly with elevated IL-6 levels. VV-ECMO was initiated after sudden exacerbation of respiratory dysfunction on ICU day 7 to maintain oxygenation. The sustained excessive inflammatory cytokines in the present case might have led to the exacerbation of the disease, requiring vigorous organ support therapies to allow for survival and recovery from the rapid progression of multiple organ dysfunctions and severe respiratory failure.","Aged; Betacoronavirus; COVID-19; Coronavirus Infections; Critical Illness; Disease Progression; Humans; Male; Pandemics; Pneumonia, Viral; SARS-CoV-2",Case Reports; Journal Article,yes
32553062,"Descriptive study of COVID-19 outbreak among passengers and crew on Diamond Princess cruise ship, Yokohama Port, Japan, 20 January to 9 February 2020.",Yamagishi T; Kamiya H; Kakimoto K; Suzuki M; Wakita T,Euro surveillance : bulletin Europeen sur les maladies transmissibles = European communicable disease bulletin,2020-Jun,2020,10.2807/1560-7917.ES.2020.25.23.2000272,"An outbreak of coronavirus disease (COVID-19) occurred on the Diamond Princess cruise ship making an international journey, which led to quarantine of the ship at Yokohama Port, Japan. A suspected COVID-19 case was defined as a passenger or crew member who developed a fever or respiratory symptoms, and a confirmed COVID-19 case had laboratory-confirmation of severe acute respiratory syndrome coronavirus 2 (SARS-CoV-2) infection. Between 3 and 9 February 2020, 490 individuals were tested for SARS-CoV-2 and 172 were positive (152 passengers (median age: 70 years; interquartile range (IQR): 64-75; males: 45%) and 20 crew (median age: 40 years; IQR: 35-48.5; males: 80%). Other than the Hong Kong-related index case, symptom onset for the earliest confirmed case was 22 January, 2 days after the cruise ship left port. Attack rates among passengers were similar across the decks, while beverage (3.3%, 2/61) and food service staff (5.7%, 14/245) were most affected. Attack rates tended to increase with age. A comprehensive outbreak response was implemented, including surveillance, provision of essential medical care, food and medicine delivery, isolation, infection prevention and control, sampling and disembarkation.","Aged; Betacoronavirus; COVID-19; China; Coronavirus; Coronavirus Infections; Diamond; Disease Outbreaks; Hong Kong; Humans; Japan; Male; Middle Aged; Pandemics; Pneumonia, Viral; SARS-CoV-2; Ships",Journal Article; Comment,yes
32539988,Clinical characteristics of COVID-19 in 104 people with SARS-CoV-2 infection on the Diamond Princess cruise ship: a retrospective analysis.,Tabata S; Imai K; Kawano S; Ikeda M; Kodama T et al.,The Lancet. Infectious diseases,2020-Sep,2020,10.1016/S1473-3099(20)30482-5,"The ongoing COVID-19 pandemic is a global threat. Identification of markers for symptom onset and disease progression is a pressing issue. We described the clinical features of people infected on board the Diamond Princess cruise ship who were diagnosed with asymptomatic severe acute respiratory syndrome coronavirus 2 (SARS-CoV-2) infection or mild or severe COVID-19, on admission to the Self-Defense Forces Central Hospital (Tokyo, Japan) and at the end of observation. This retrospective, single-centre study included participants with laboratory-detected SARS-CoV-2 infection who were admitted to the Self-Defense Forces Central Hospital from Feb 11 to Feb 25, 2020. Clinical records, laboratory data, and radiological findings were analysed. Clinical outcomes were followed up until discharge or Feb 26, 2020, whichever came first. We defined asymptomatic infection as SARS-CoV-2 infection with no history of clinical signs and symptoms, severe COVID-19 as clinical symptoms of pneumonia (dyspnoea, tachypnoea, peripheral capillary oxygen saturation <93%, and need for oxygen therapy), and mild COVID-19 as all other symptoms. Clinical features on admission were compared among patients with different disease severity, including asymptomatic infection, at the end of observation. We used univariable analysis to identify factors associated with symptomatic illness among asymptomatic people infected with SARS-CoV-2 and disease progression in patients with COVID-19. Among the 104 participants included in the final analysis, the median age was 68 years (IQR 47-75) and 54 (52%) were male. On admission, 43 (41%) participants were classified as asymptomatic, 41 (39%) as having mild COVID-10, and 20 (19%) as having severe COVID-19. At the end of observation, 33 (32%) participants were confirmed as being asymptomatic, 43 (41%) as having mild COVID-19, and 28 (27%) as having severe COVID-19. Serum lactate hydrogenase concentrations were significantly higher in the ten participants who were asymptomatic on admission but developed symptomatic COVID-19 compared with the 33 participants who remained asymptomatic throughout the observation period (five [50%] vs four [12%] participants; odds ratio 7·25, 95% CI 1·43-36·70; p=0·020). Compared with patients with mild disease at the end of observation, patients with severe COVID-19 were older (median age 73 years [IQR 55-77] vs 60 years [40-71]; p=0·028) and had more frequent consolidation on chest CT (13 [46%] of 28 vs nine [21%] of 43; p=0·035) and lymphopenia (16 [57%] vs ten [23%]; p=0·0055) on admission. Older age, consolidation on chest CT images, and lymphopenia might be risk factors for disease progression of COVID-19 and contribute to improved clinical management. None.","Adult; Aged; Betacoronavirus; COVID-19; Coronavirus Infections; Disease Progression; Female; Hospitals; Humans; Japan; Lung; Lymphopenia; Male; Middle Aged; Pandemics; Pneumonia, Viral; Retrospective Studies; Risk Factors; SARS-CoV-2; Severe Acute Respiratory Syndrome; Ships; Tomography, X-Ray Computed",Journal Article,yes
32539986,SARS-CoV-2 shedding and seroconversion among passengers quarantined after disembarking a cruise ship: a case series.,Hung IF; Cheng VC; Li X; Tam AR; Hung DL et al.,The Lancet. Infectious diseases,2020-Sep,2020,10.1016/S1473-3099(20)30364-9,"A cruise ship is a closed-off environment that simulates the basic functioning of a city in terms of living conditions and interpersonal interactions. Thus, the Diamond Princess cruise ship, which was quarantined because of an onboard outbreak of COVID-19 in February, 2020, provides an opportunity to define the shedding pattern of severe acute respiratory syndrome coronavirus 2 (SARS-CoV-2) and patient antibody responses before and after the onset of symptoms. We recruited adult (≥18 years) passengers from Hong Kong who had been on board the Diamond Princess cruise ship docked in Yokohama, Japan in February, 2020. All participants had been found to be negative for SARS-CoV-2 by RT-PCR 4 days before disembarking and were transferred to further quarantine in a public estate in Hong Kong, where they were recruited. Participants were prospectively screened by quantitative RT-PCR (RT-qPCR) of nasopharyngeal and throat swabs, and serum IgG and IgM against internal nucleoprotein and the surface spike receptor-binding protein (RBD) of SARS-CoV-2 at baseline (upon entering quarantine) and on days 4, 8, and 12 of quarantine. On Feb 22, 2020, 215 adults were recruited, of whom nine (4%; 95% CI 2-8) were positive for SARS-CoV-2 by RT-qPCR or serology and were hospitalised. Of these nine patients, nasopharyngeal swab RT-qPCR was positive in eight patients (89%; 57-99) at baseline. All nine patients were positive for anti-RBD IgG by day 8. Eight (89%; 57-99) were simultaneously positive for nasopharyngeal swab RT-PCR and anti-RBD IgG. One patient who was positive for anti-RBD IgG and had a negative viral load had multifocal peripheral ground-glass changes on high-resolution CT that were typical of COVID-19. Five patients (56%; 27-81) with ground-glass changes on high-resolution CT were found to have higher anti-nucleoprotein-IgG OD values on day 8 and 12 and anti-RBD IgG OD value on day 12 than patients without ground-glass changes. Six (67%; 35-88) patients remained asymptomatic throughout the 14-day quarantine period. Patients with COVID-19 can develop asymptomatic lung infection with viral shedding and those with evidence of pneumonia on imaging tend to have an increased antibody response. Positive IgG or IgM confirmed infection of COVID-19 in both symptomatic and asymptomatic patients. A combination of RT-PCR and serology should be implemented for case finding and contact tracing to facilitate early diagnosis, prompt isolation, and treatment. Shaw Foundation Hong Kong; Sanming-Project of Medicine (Shenzhen); High Level-Hospital Program (Guangdong Health Commission).","Adult; Aged; Betacoronavirus; COVID-19; Contact Tracing; Coronavirus Infections; Disease Outbreaks; Female; Hong Kong; Humans; Japan; Male; Middle Aged; Pandemics; Pneumonia, Viral; Quarantine; SARS-CoV-2; Seroconversion; Ships; Thorax; Viral Load; Virus Shedding; Young Adult","Journal Article; Research Support, Non-U.S. Gov't",yes
32535295,"Duration of viral shedding in asymptomatic or mild cases of novel coronavirus disease 2019 (COVID-19) from a cruise ship: A single-hospital experience in Tokyo, Japan.",Miyamae Y; Hayashi T; Yonezawa H; Fujihara J; Matsumoto Y et al.,International journal of infectious diseases : IJID : official publication of the International Society for Infectious Diseases,2020-Aug,2020,10.1016/j.ijid.2020.06.020,"Severe acute respiratory syndrome coronavirus 2 (SARS-CoV-2), which is the cause of novel coronavirus disease 2019 (COVID-19), was first reported in Wuhan, China, and now has spread across the world as a global pandemic. The propagation from asymptomatic polymerase chain reaction (PCR)-positive individuals represents a complicating factor in the efforts to control the COVID-19 pandemic. We examined the course of PCR assays and the duration of viral shedding in 23 asymptomatic or mild COVID-19 patients from the cruise ship who were admitted to our hospital. Among these 23 cases, the median duration of viral shedding was 19 days (range, 6-37 days) from initial viral detection. Eight cases (35%) had another positive PCR result after testing negative once. Although the duration of viral shedding was approximately three weeks, the infectivity and transmissibility period from asymptomatic and mild COVID-19 cases is unclear. Further studies are needed to determine how long such asymptomatic and mild COVID-19 cases have infectivity.","Adult; Aged; Betacoronavirus; COVID-19; Coronavirus Infections; Female; Hospitalization; Humans; Male; Middle Aged; Pandemics; Pneumonia, Viral; SARS-CoV-2; Ships; Time; Tokyo; Virus Shedding",Journal Article,yes
32525881,Japanese citizens' behavioral changes and preparedness against COVID-19: An online survey during the early phase of the pandemic.,Muto K; Yamamoto I; Nagasu M; Tanaka M; Wada K,PloS one,2020,2020,10.1371/journal.pone.0234292,"The Japanese government instituted countermeasures against COVID-19, a pneumonia caused by the new coronavirus, in January 2020. Seeking ""people's behavioral changes,"" in which the government called on the public to take precautionary measures or exercise self-restraint, was one of the important strategies. The purpose of this study is to investigate how and from when Japanese citizens have changed their precautionary behavior under circumstances in which the government has only requested their cooperation. This study uses micro data from a cross-sectional survey conducted on an online platform of an online research company, based on quota sampling that is representative of the Japanese population. By the end of March 2020, a total of 11,342 respondents, aged from 20 to 64 years, were recruited. About 85 percent reported practising the social distancing measures recommended by the government including more females than males and more older than younger participants. Frequent handwashing is conducted by 86 percent of all participants, 92 percent of female, and 87.9 percent of over-40 participants. The most important event influencing these precautionary actions was the infection aboard the Diamond Princess cruise ship, which occurred in early February 2020 (23 percent). Information from the central and local governments, received by 60 percent of the participants, was deemed trustworthy by 50 percent. However, the results also showed that about 20 percent of the participants were reluctant to implement proper prevention measures. The statistical analysis indicated that the typical characteristics of those people were male, younger (under 30 years old), unmarried, from lower-income households, a drinking or smoking habit, and a higher extraversion score. To prevent the spread of infection in Japan, it is imperative to address these individuals and encourage their behavioural changes using various means to reach and influence them.","Adult; Behavior; Betacoronavirus; COVID-19; Communicable Disease Control; Coronavirus Infections; Cross-Sectional Studies; Female; Government; Guideline Adherence; Hand Disinfection; Humans; Japan; Male; Middle Aged; Pandemics; Pneumonia, Viral; SARS-CoV-2; Surveys and Questionnaires; Young Adult","Journal Article; Research Support, Non-U.S. Gov't",yes
32513865,Genomic surveillance reveals multiple introductions of SARS-CoV-2 into Northern California.,Deng X; Gu W; Federman S; du Plessis L; Pybus OG et al.,"Science (New York, N.Y.)",2020-Jul,2020,10.1126/science.abb9263,"The coronavirus disease 2019 (COVID-19) pandemic caused by severe acute respiratory syndrome coronavirus 2 (SARS-CoV-2) has spread globally, with >365,000 cases in California as of 17 July 2020. We investigated the genomic epidemiology of SARS-CoV-2 in Northern California from late January to mid-March 2020, using samples from 36 patients spanning nine counties and the Grand Princess cruise ship. Phylogenetic analyses revealed the cryptic introduction of at least seven different SARS-CoV-2 lineages into California, including epidemic WA1 strains associated with Washington state, with lack of a predominant lineage and limited transmission among communities. Lineages associated with outbreak clusters in two counties were defined by a single base substitution in the viral genome. These findings support contact tracing, social distancing, and travel restrictions to contain the spread of SARS-CoV-2 in California and other states.","Betacoronavirus; COVID-19; California; Coronavirus Infections; Epidemiological Monitoring; Genome, Viral; Humans; Pandemics; Phylogeny; Pneumonia, Viral; SARS-CoV-2; Sequence Alignment; Ships; Travel; Washington","Journal Article; Research Support, N.I.H., Extramural; Research Support, Non-U.S. Gov't",yes
32511579,A Genomic Survey of SARS-CoV-2 Reveals Multiple Introductions into Northern California without a Predominant Lineage.,Deng X; Gu W; Federman S; du Plessis L; Pybus OG et al.,medRxiv : the preprint server for health sciences,2020-Mar,2020,10.1101/2020.03.27.20044925,"The COVID-19 pandemic caused by the novel coronavirus SARS-CoV-2 has spread globally, resulting in >300,000 reported cases worldwide as of March 21st, 2020. Here we investigate the genetic diversity and genomic epidemiology of SARS-CoV-2 in Northern California using samples from returning travelers, cruise ship passengers, and cases of community transmission with unclear infection sources. Virus genomes were sampled from 29 patients diagnosed with COVID-19 infection from Feb 3rd through Mar 15th. Phylogenetic analyses revealed at least 8 different SARS-CoV-2 lineages, suggesting multiple independent introductions of the virus into the state. Virus genomes from passengers on two consecutive excursions of the Grand Princess cruise ship clustered with those from an established epidemic in Washington State, including the WA1 genome representing the first reported case in the United States on January 19th. We also detected evidence for presumptive transmission of SARS-CoV-2 lineages from one community to another. These findings suggest that cryptic transmission of SARS-CoV-2 in Northern California to date is characterized by multiple transmission chains that originate via distinct introductions from international and interstate travel, rather than widespread community transmission of a single predominant lineage. Rapid testing and contact tracing, social distancing, and travel restrictions are measures that will help to slow SARS-CoV-2 spread in California and other regions of the USA.",,Preprint; Journal Article,yes
32511090,CrAssphage as a Novel Tool to Detect Human Fecal Contamination on Environmental Surfaces and Hands.,Park GW; Ng TFF; Freeland AL; Marconi VC; Boom JA et al.,Emerging infectious diseases,2020-Aug,2020,10.3201/eid2608.200346,"CrAssphage is a recently discovered human gut-associated bacteriophage. To validate the potential use of crAssphage for detecting human fecal contamination on environmental surfaces and hands, we tested stool samples (n = 60), hand samples (n = 30), and environmental swab samples (n = 201) from 17 norovirus outbreaks for crAssphage by real-time PCR. In addition, we tested stool samples from healthy persons (n = 173), respiratory samples (n = 113), and animal fecal specimens (n = 68) and further sequenced positive samples. Overall, we detected crAssphage in 71.4% of outbreak stool samples, 48%-68.5% of stool samples from healthy persons, 56.2% of environmental swabs, and 60% of hand rinse samples, but not in human respiratory samples or animal fecal samples. CrAssphage sequences could be grouped into 2 major genetic clusters. Our data suggest that crAssphage could be used to detect human fecal contamination on environmental surfaces and hands.",Animals; Bacteriophages; Caliciviridae Infections; Disease Outbreaks; Feces; Humans; Norovirus; Real-Time Polymerase Chain Reaction,Journal Article,no
32498735,Medical Transport for 769 COVID-19 Patients on a Cruise Ship by Japan Disaster Medical Assistance Team.,Anan H; Kondo H; Takeuchi I; Nakamori T; Ikeda Y et al.,Disaster medicine and public health preparedness,2020-Dec,2020,10.1017/dmp.2020.187,"The Diamond Princess cruise ship, carrying 3711 passengers and crew members, docked at Yokohama Port in Japan on February 3, 2020. A quarantine was immediately instituted because 1 passenger who had disembarked in Hong Kong was confirmed to have tested positive for coronavirus disease 2019 (COVID-19). After the quarantine began, all passengers and crew were tested using the severe acute respiratory syndrome coronavirus-2 (SARS-CoV-2) polymerase chain reaction assay on the ship, 696 of whom tested positive. In total, 769 patients, including 696 with COVID-19, required transport to a hospital. The Japan Disaster Medical Assistance Team (DMAT) successfully picked up and safely transported the COVID-19 patients using a novel classification system to prioritize patients. The Japan DMAT transported 203 patients to hospitals in Kanagawa and another 566 patients to hospitals in 15 different prefectures.",COVID-19; Health Care Rationing; Humans; Japan; Polymerase Chain Reaction; Quarantine; SARS-CoV-2; Ships; Transportation of Patients,"Journal Article; Research Support, Non-U.S. Gov't",yes
32497028,"Evidence for Limited Early Spread of COVID-19 Within the United States, January-February 2020.",Jorden MA; Rudman SL; Villarino E; Hoferka S; Patel MT et al.,MMWR. Morbidity and mortality weekly report,2020-Jun,2020,10.15585/mmwr.mm6922e1,"From January 21 through February 23, 2020, public health agencies detected 14 U.S. cases of coronavirus disease 2019 (COVID-19), all related to travel from China (1,2). The first nontravel-related U.S. case was confirmed on February 26 in a California resident who had become ill on February 13 (3). Two days later, on February 28, a second nontravel-related case was confirmed in the state of Washington (4,5). Examination of four lines of evidence provides insight into the timing of introduction and early transmission of SARS-CoV-2, the virus that causes COVID-19, into the United States before the detection of these two cases. First, syndromic surveillance based on emergency department records from counties affected early by the pandemic did not show an increase in visits for COVID-19-like illness before February 28. Second, retrospective SARS-CoV-2 testing of approximately 11,000 respiratory specimens from several U.S. locations beginning January 1 identified no positive results before February 20. Third, analysis of viral RNA sequences from early cases suggested that a single lineage of virus imported directly or indirectly from China began circulating in the United States between January 18 and February 9, followed by several SARS-CoV-2 importations from Europe. Finally, the occurrence of three cases, one in a California resident who died on February 6, a second in another resident of the same county who died February 17, and a third in an unidentified passenger or crew member aboard a Pacific cruise ship that left San Francisco on February 11, confirms cryptic circulation of the virus by early February. These data indicate that sustained, community transmission had begun before detection of the first two nontravel-related U.S. cases, likely resulting from the importation of a single lineage of virus from China in late January or early February, followed by several importations from Europe. The widespread emergence of COVID-19 throughout the United States after February highlights the importance of robust public health systems to respond rapidly to emerging infectious threats.","Betacoronavirus; COVID-19; Coronavirus Infections; Humans; Pandemics; Phylogeny; Pneumonia, Viral; SARS-CoV-2; Sentinel Surveillance; Travel; United States",Journal Article,yes
32461231,COVID-19: in the footsteps of Ernest Shackleton.,Ing AJ; Cocks C; Green JP,Thorax,2020-Aug,2020,10.1136/thoraxjnl-2020-215091,"We describe what we believe is the first instance of complete COVID-19 testing of all passengers and crew on an isolated cruise ship during the current COVID-19 pandemic. Of the 217 passengers and crew on board, 128 tested positive for COVID-19 on reverse transcription-PCR (59%). Of the COVID-19-positive patients, 19% (24) were symptomatic; 6.2% (8) required medical evacuation; 3.1% (4) were intubated and ventilated; and the mortality was 0.8% (1). The majority of COVID-19-positive patients were asymptomatic (81%, 104 patients). We conclude that the prevalence of COVID-19 on affected cruise ships is likely to be significantly underestimated, and strategies are needed to assess and monitor all passengers to prevent community transmission after disembarkation.","Aged; Asymptomatic Infections; Betacoronavirus; COVID-19; COVID-19 Testing; Clinical Laboratory Techniques; Coronavirus Infections; Female; Holidays; Humans; Male; Naval Medicine; Pandemics; Pneumonia, Viral; Prevalence; SARS-CoV-2; Ships; Travel",Journal Article; Observational Study,yes
32455807,The COVID-19 Infection in Italy: A Statistical Study of an Abnormally Severe Disease.,De Natale G; Ricciardi V; De Luca G; De Natale D; Di Meglio G et al.,Journal of clinical medicine,2020-May,2020,10.3390/jcm9051564,"We statistically investigate the Coronavirus Disease 19 (COVID-19) pandemic, which became particularly invasive in Italy in March 2020. We show that the high apparent lethality or case fatality ratio (CFR) observed in Italy, as compared with other countries, is likely biased by a strong underestimation of the number of infection cases. To give a more realistic estimate of the lethality of COVID-19, we use the actual (March 2020) estimates of the infection fatality ratio (IFR) of the pandemic based on the minimum observed CFR and analyze data obtained from the Diamond Princess cruise ship, a good representation of a ""laboratory"" case-study from an isolated system in which all the people have been tested. From such analyses, we derive more realistic estimates of the real extent of the infection as well as more accurate indicators of how fast the infection propagates. We then isolate the dominant factors causing the abnormal severity of the disease in Italy. Finally, we use the death count-the only data estimated to be reliable enough-to predict the total number of people infected and the interval of time when the infection in Italy could end.",,Journal Article,yes
32405245,Clinical course of 2019 novel coronavirus disease (COVID-19) in individuals present during the outbreak on the Diamond Princess cruise ship.,Kato H; Shimizu H; Shibue Y; Hosoda T; Iwabuchi K et al.,Journal of infection and chemotherapy : official journal of the Japan Society of Chemotherapy,2020-Aug,2020,10.1016/j.jiac.2020.05.005,"We investigated the clinical course of individuals with 2019 novel coronavirus disease (COVID-19) who were transferred from the Diamond Princess cruise ship to 12 local hospitals. The conditions and clinical courses of patients with pneumonia were compared with those of patients without pneumonia. Among 70 patients (median age: 67 years) analyzed, the major symptoms were fever (64.3%), cough (54.3%), and general fatigue (24.3%). Forty-three patients (61.4%) had pneumonia. Higher body temperature, heart rate, and respiratory rate as well as higher of lactate dehydrogenase (LDH), aspartate aminotransferase (AST), and C-reactive protein (CRP) levels and lower serum albumin level and lymphocyte count were associated with the presence of pneumonia. Ground-glass opacity was found in 97.7% of the patients with pneumonia. Patients were administered neuraminidase inhibitors (20%), lopinavir/ritonavir (32.9%), and ciclesonide inhalation (11.4%). Mechanical ventilation and veno-venous extracorporeal membrane oxygenation was performed on 14 (20%) and 2 (2.9%) patients, respectively; two patients died. The median duration of intubation was 12 days. The patients with COVID-19 transferred to local hospitals during the outbreak had severe conditions and needed close monitoring. The severity of COVID-19 depends on the presence of pneumonia. High serum LDH, AST and CRP levels and low serum albumin level and lymphocyte count were found to be predictors of pneumonia. It was challenging for local hospitals to admit and treat these patients during the outbreak of COVID-19. Assessment of severity was crucial to manage a large number of patients.","Aged; Betacoronavirus; COVID-19; Coronavirus Infections; Diabetes Complications; Disease Outbreaks; Female; Humans; Hypertension; Japan; Male; Middle Aged; Pandemics; Patient Acuity; Pneumonia, Viral; Prognosis; SARS-CoV-2; Ships",Journal Article,yes
32396628,Presumed COVID-19 index case on diamond princess cruise ship and evacuees to Hong Kong.,Leung WS; Chan JMC; Chik TSH; Lau DPL; Choi CYC et al.,Journal of travel medicine,2020-Aug,2020,10.1093/jtm/taaa073,,"Aged, 80 and over; Betacoronavirus; COVID-19; Coronavirus Infections; Hong Kong; Humans; Japan; Lopinavir; Male; Pandemics; Pneumonia, Viral; Ribavirin; Ritonavir; SARS-CoV-2; Ships; Travel",Case Reports; Letter,yes
32391908,From plague to coronavirus: vessel trajectory data from ship automatic identification systems for epidemic modeling.,Hoffmann Pham KE; Luengo-Oroz M,Journal of travel medicine,2020-Sep,2020,10.1093/jtm/taaa072,"In addition to moving people and goods, ships can spread disease. Vessel trajectory data from ship Automatic Identification Systems (AIS) is available online and can be extracted and analyzed, as we illustrate in the case of the current coronavirus epidemic. This data should be included in epidemiological models of disease transmission to complement air traffic data and inform operational responses.","COVID-19; Communicable Diseases, Emerging; Coronavirus Infections; Geographic Information Systems; Global Health; Humans; Pandemics; Plague; Pneumonia, Viral; Risk Factors; Ships; Travel",Journal Article,no
32373394,"Using the contact network model and Metropolis-Hastings sampling to reconstruct the COVID-19 spread on the ""Diamond Princess"".",Liu F; Li X; Zhu G,Science bulletin,2020-Aug,2020,10.1016/j.scib.2020.04.043,"Traditional compartmental models such as SIR (susceptible, infected, recovered) assume that the epidemic transmits in a homogeneous population, but the real contact patterns in epidemics are heterogeneous. Employing a more realistic model that considers heterogeneous contact is consequently necessary. Here, we use a contact network to reconstruct unprotected, protected contact, and airborne spread to simulate the two-stages outbreak of COVID-19 (coronavirus disease 2019) on the ""Diamond Princess"" cruise ship. We employ Bayesian inference and Metropolis-Hastings sampling to estimate the model parameters and quantify the uncertainties by the ensemble simulation technique. During the early epidemic with intensive social contacts, the results reveal that the average transmissibility t  was 0.026 and the basic reproductive number  R 0   was 6.94, triple that in the WHO report, indicating that all people would be infected in one month. The t  and  R 0   decreased to 0.0007 and 0.2 when quarantine was implemented. The reconstruction suggests that diluting the airborne virus concentration in closed settings is useful in addition to isolation, and high-risk susceptible should follow rigorous prevention measures in case exposed. This study can provide useful implications for control and prevention measures for the other cruise ships and closed settings.",,Journal Article,yes
32365046,Preparation for Quarantine on the Cruise Ship Diamond Princess in Japan due to COVID-19.,Yamahata Y; Shibata A,JMIR public health and surveillance,2020-May,2020,10.2196/18821,"Japan implemented a large-scale quarantine on the Diamond Princess cruise ship in an attempt to control the spread of the novel coronavirus severe acute respiratory syndrome coronavirus 2 (SARS-CoV-2) in February 2020. We aim to describe the medical activities initiated and difficulties in implementing quarantine on a cruise ship. Reverse transcription-polymerase chain reaction (RT-PCR) tests for SARS-CoV-2 were performed for all 3711 people (2666 passengers and 1045 crew) on board. Of those tested, 696 (18.8%) tested positive for coronavirus disease (COVID-19), of which 410 (58.9%) were asymptomatic. We also confirmed that 54% of the asymptomatic patients with a positive RT-PCR result had lung opacities on chest computed tomography. There were many difficulties in implementing quarantine, such as creating a dividing traffic line between infectious and noninfectious passengers, finding hospitals and transportation providers willing to accept these patients, transporting individuals, language barriers, and supporting daily life. As of March 8, 2020, 31 patients (4.5% of patients with positive RT-PCR results) were hospitalized and required ventilator support or intensive care, and 7 patients (1.0% of patients with positive RT-PCR results) had died. There were several difficulties in implementing large-scale quarantine and obtaining medical support on the cruise ship. In the future, we need to prepare for patients' transfer and the admitting hospitals when disembarking the passengers. We recommend treating the crew the same way as the passengers to control the infection. We must also draw a plan for the future, to protect travelers and passengers from emerging infectious diseases on cruise ships.","Adolescent; Betacoronavirus; COVID-19; COVID-19 Testing; Clinical Laboratory Techniques; Coronavirus; Coronavirus Infections; Disease Outbreaks; Female; Humans; Japan; Male; Pandemics; Pneumonia, Viral; Public Health; Quarantine; Reverse Transcriptase Polymerase Chain Reaction; SARS-CoV-2; Ships; Travel",Journal Article,yes
32362642,The 2019 novel coronavirus disease (COVID-19) pandemic: A review of the current evidence.,Chatterjee P; Nagi N; Agarwal A; Das B; Banerjee S et al.,The Indian journal of medical research,,,10.4103/ijmr.IJMR_519_20,"A novel coronavirus (nCoV) spillover event, with its epicenter in Wuhan, People's Republic of China, has emerged as a public health emergency of international concern. This began as an outbreak in December 2019, and till February 28, 2020, there have been 83,704 confirmed cases of novel coronavirus disease 2019 (COVID-19) globally, with 2,859 deaths, resulting in an overall case fatality rate of 3.41 per cent (95% confidence interval 3.29-3.54%). By this time (February 28, 2020) 58 countries or territories and one international conveyance (Diamond Princess Cruise Ship) were affected. As a part of the global response to manage and contain the pandemic, major emphasis was placed on generating research intelligence to guide evidence-based responses to contain the virus, which was named severe acute respiratory syndrome coronavirus 2 (SARS-CoV-2), owing to its genetic similarities with the SARS virus. This review summarizes the emerging evidence which can help guide the public health response, particularly in India. Key areas have been identified in which research needs to be conducted to generate critical intelligence for advising prevention and control efforts. The emergence of SARS-CoV-2 has once again exposed the weaknesses of global health systems preparedness, ability to respond to an infectious threat, the rapidity of transmission of infections across international borders and the ineffectiveness of knee-jerk policy responses to emerging/re-emerging infectious disease threats. The review concludes with the key learning points from the ongoing efforts to prevent and contain COVID-19 and identifies the need to invest in health systems, community-led response mechanisms and the need for preparedness and global health security.","Betacoronavirus; COVID-19; Communicable Disease Control; Coronavirus Infections; Delivery of Health Care; Humans; India; Pandemics; Pneumonia, Viral; Public Health; SARS-CoV-2",Journal Article; Review,yes
32361528,Airborne route and bad use of ventilation systems as non-negligible factors in SARS-CoV-2 transmission.,Correia G; Rodrigues L; Gameiro da Silva M; Gonçalves T,Medical hypotheses,2020-Aug,2020,10.1016/j.mehy.2020.109781,"The world is facing a pandemic of unseen proportions caused by a corona virus named SARS-CoV-2 with unprecedent worldwide measures being taken to tackle its contagion. Person-to-person transmission is accepted but WHO only considers aerosol transmission when procedures or support treatments that produce aerosol are performed. Transmission mechanisms are not fully understood and there is evidence for an airborne route to be considered, as the virus remains viable in aerosols for at least 3 h and that mask usage was the best intervention to prevent infection. Heating, Ventilation and Air Conditioning Systems (HVAC) are used as a primary infection disease control measure. However, if not correctly used, they may contribute to the transmission/spreading of airborne diseases as proposed in the past for SARS. The authors believe that airborne transmission is possible and that HVAC systems when not adequately used may contribute to the transmission of the virus, as suggested by descriptions from Japan, Germany, and the Diamond Princess Cruise Ship. Previous SARS outbreaks reported at Amoy Gardens, Emergency Rooms and Hotels, also suggested an airborne transmission. Further studies are warranted to confirm our hypotheses but the assumption of such way of transmission would cause a major shift in measures recommended to prevent infection such as the disseminated use of masks and structural changes to hospital and other facilities with HVAC systems.","Aerosols; Air Conditioning; Air Microbiology; Air Pollution, Indoor; Betacoronavirus; COVID-19; Coronavirus Infections; Cross Infection; Environment, Controlled; Equipment Contamination; Equipment Design; Equipment Failure; Fomites; Heating; Humans; Legionnaires' Disease; Models, Biological; Pandemics; Pneumonia, Viral; SARS-CoV-2; Sanitary Engineering; Severe Acute Respiratory Syndrome; Sewage; Ventilation",Journal Article,yes
32353827,"Containing COVID-19 Among 627,386 Persons in Contact With the Diamond Princess Cruise Ship Passengers Who Disembarked in Taiwan: Big Data Analytics.",Chen CM; Jyan HW; Chien SC; Jen HH; Hsu CY et al.,Journal of medical Internet research,2020-May,2020,10.2196/19540,"Low infection and case-fatality rates have been thus far observed in Taiwan. One of the reasons for this major success is better use of big data analytics in efficient contact tracing and management and surveillance of those who require quarantine and isolation. We present here a unique application of big data analytics among Taiwanese people who had contact with more than 3000 passengers that disembarked at Keelung harbor in Taiwan for a 1-day tour on January 31, 2020, 5 days before the outbreak of coronavirus disease (COVID-19) on the Diamond Princess cruise ship on February 5, 2020, after an index case was identified on January 20, 2020. The smart contact tracing-based mobile sensor data, cross-validated by other big sensor surveillance data, were analyzed by the mobile geopositioning method and rapid analysis to identify 627,386 potential contact-persons. Information on self-monitoring and self-quarantine was provided via SMS, and severe acute respiratory syndrome coronavirus 2 (SARS-CoV-2) tests were offered for symptomatic contacts. National Health Insurance claims big data were linked, to follow-up on the outcome related to COVID-19 among those who were hospitalized due to pneumonia and advised to undergo screening for SARS-CoV-2. As of February 29, a total of 67 contacts who were tested by reverse transcription-polymerase chain reaction were all negative and no confirmed COVID-19 cases were found. Less cases of respiratory syndrome and pneumonia were found after the follow-up of the contact population compared with the general population until March 10, 2020. Big data analytics with smart contact tracing, automated alert messaging for self-restriction, and follow-up of the outcome related to COVID-19 using health insurance data could curtail the resources required for conventional epidemiological contact tracing.","Betacoronavirus; Big Data; COVID-19; Communicable Disease Control; Contact Tracing; Coronavirus Infections; Disease Outbreaks; Geographic Information Systems; Humans; Pandemics; Pneumonia, Viral; Public Health Surveillance; Quarantine; Retrospective Studies; SARS-CoV-2; Ships; Taiwan","Journal Article; Research Support, Non-U.S. Gov't",yes
32324722,"Notes from the Field: Multiple Cruise Ship Outbreaks of Norovirus Associated with Frozen Fruits and Berries - United States, 2019.",Rispens JR; Freeland A; Wittry B; Kramer A; Barclay L et al.,MMWR. Morbidity and mortality weekly report,2020-Apr,2020,10.15585/mmwr.mm6916a3,,,Journal Article,yes
32313662,Veno-venous extracorporeal membrane oxygenation for severe pneumonia: COVID-19 case in Japan.,Taniguchi H; Ogawa F; Honzawa H; Yamaguchi K; Niida S et al.,Acute medicine & surgery,2020,2020,10.1002/ams2.509,"Veno-venous extracorporeal membrane oxygenation (VV-ECMO) is one of the ultimate treatments for acute respiratory failure. However, the effectiveness of ECMO in patients with novel coronavirus disease (COVID-19) is unknown. A 72-year-old woman who was a passenger of a cruise ship tested positive for the severe acute respiratory syndrome coronavirus 2 (SARS-CoV-2) while in quarantine on board using throat swab. Three days after admission, her condition deteriorated, and she was subsequently intubated. On day 6, VV-ECMO was introduced. Lopinavir/ritonavir was given; continuous renal replacement therapy was also introduced. On day 10, her chest radiography and lung compliance improved. She was weaned off ECMO on day 12. Treatment of severe pneumonia in COVID-19 by ECMO should recognize lung plasticity considering time to ECMO introduction and interstitial biomarkers. In Japan, centralization of ECMO patients has not been sufficient. Thus, we suggest nationwide centralization and further research to respond to the crisis caused by COVID-19.",,Case Reports; Journal Article,yes
32313661,COVID-19 first stage in Japan - how we treat 'Diamond Princess Cruise Ship' with 3700 passengers?,Takeuchi I,Acute medicine & surgery,2020,2020,10.1002/ams2.506,,,Journal Article,yes
32299521,Environmental cleaning is effective for the eradication of severe acute respiratory syndrome coronavirus 2 (SARS-CoV-2) virus in contaminated hospital rooms: A patient from the Diamond Princess cruise ship.,Hirotsu Y; Maejima M; Nakajima M; Mochizuki H; Omata M,Infection control and hospital epidemiology,2020-Sep,2020,10.1017/ice.2020.144,,"Aged; Betacoronavirus; COVID-19; COVID-19 Testing; Clinical Laboratory Techniques; Coronavirus Infections; Cross Infection; Decontamination; Disinfection; Humans; Japan; Male; Pandemics; Patients' Rooms; Pneumonia, Viral; Quarantine; SARS-CoV-2; Ships","Case Reports; Letter; Research Support, Non-U.S. Gov't",yes
32297939,SARS-CoV-2 and Legionella co-infection in a person returning from a Nile cruise.,Arashiro T; Nakamura S; Asami T; Mikuni H; Fujiwara E et al.,Journal of travel medicine,2020-May,2020,10.1093/jtm/taaa053,"We report a case of severe acute respiratory syndrome coronavirus 2 and Legionella co-infection manifesting as pneumonia with gastrointestinal symptoms. The case highlights the importance of differential diagnosis during the COVID-19 pandemic, so we do not miss the opportunity to diagnose other treatable causes of disease with similar symptoms.","Aged, 80 and over; Betacoronavirus; COVID-19; Coinfection; Coronavirus Infections; Egypt; Fatal Outcome; Humans; Japan; Legionella; Legionnaires' Disease; Male; Pandemics; Pneumonia, Viral; SARS-CoV-2; Travel",Case Reports; Journal Article,no
32241332,The Petri-Dish Effect.,Awoniyi O,Disaster medicine and public health preparedness,2020-Jun,2020,10.1017/dmp.2020.67,,"COVID-19; Coronavirus Infections; Humans; Pandemics; Pneumonia, Viral; Quarantine; Ships",Letter,no
32234121,"Estimating the infection and case fatality ratio for coronavirus disease (COVID-19) using age-adjusted data from the outbreak on the Diamond Princess cruise ship, February 2020.",Russell TW; Hellewell J; Jarvis CI; van Zandvoort K; Abbott S et al.,Euro surveillance : bulletin Europeen sur les maladies transmissibles = European communicable disease bulletin,2020-Mar,2020,10.2807/1560-7917.ES.2020.25.12.2000256,"Adjusting for delay from confirmation to death, we estimated case and infection fatality ratios (CFR, IFR) for coronavirus disease (COVID-19) on the Diamond Princess ship as 2.6% (95% confidence interval (CI): 0.89-6.7) and 1.3% (95% CI: 0.38-3.6), respectively. Comparing deaths on board with expected deaths based on naive CFR estimates from China, we estimated CFR and IFR in China to be 1.2% (95% CI: 0.3-2.7) and 0.6% (95% CI: 0.2-1.3), respectively.","Adolescent; Adult; Aged; Betacoronavirus; COVID-19; COVID-19 Testing; Child; Child, Preschool; Clinical Laboratory Techniques; Contact Tracing; Coronavirus; Coronavirus Infections; Disease Outbreaks; Female; Humans; Infant; Infant, Newborn; Male; Middle Aged; Mortality; Pandemics; Pneumonia, Viral; Point-of-Care Systems; Polymerase Chain Reaction; Risk Factors; SARS-CoV-2; Ships; Travel; Young Adult",Journal Article,yes
32218546,What the cruise-ship outbreaks reveal about COVID-19.,Mallapaty S,Nature,2020-Apr,2020,10.1038/d41586-020-00885-w,,"Betacoronavirus; COVID-19; Coronavirus Infections; Disease Outbreaks; Humans; Pandemics; Pneumonia, Viral; SARS-CoV-2; Ships; Travel",News,no
32214086,"Public Health Responses to COVID-19 Outbreaks on Cruise Ships - Worldwide, February-March 2020.",Moriarty LF; Plucinski MM; Marston BJ; Kurbatova EV; Knust B et al.,MMWR. Morbidity and mortality weekly report,2020-Mar,2020,10.15585/mmwr.mm6912e3,"An estimated 30 million passengers are transported on 272 cruise ships worldwide each year* (1). Cruise ships bring diverse populations into proximity for many days, facilitating transmission of respiratory illness (2). SARS-CoV-2, the virus that causes coronavirus disease (COVID-19) was first identified in Wuhan, China, in December 2019 and has since spread worldwide to at least 187 countries and territories. Widespread COVID-19 transmission on cruise ships has been reported as well (3). Passengers on certain cruise ship voyages might be aged ≥65 years, which places them at greater risk for severe consequences of SARS-CoV-2 infection (4). During February-March 2020, COVID-19 outbreaks associated with three cruise ship voyages have caused more than 800 laboratory-confirmed cases among passengers and crew, including 10 deaths. Transmission occurred across multiple voyages of several ships. This report describes public health responses to COVID-19 outbreaks on these ships. COVID-19 on cruise ships poses a risk for rapid spread of disease, causing outbreaks in a vulnerable population, and aggressive efforts are required to contain spread. All persons should defer all cruise travel worldwide during the COVID-19 pandemic.","Adult; Aged; Betacoronavirus; COVID-19; Coronavirus Infections; Disease Outbreaks; Female; Global Health; Humans; Male; Middle Aged; Pneumonia, Viral; Public Health Practice; Risk Factors; SARS-CoV-2; Ships; Travel-Related Illness; United States",Journal Article,yes
32212140,Coronavirus (Covid-19) outbreak on the cruise ship Diamond Princess.,Dahl E,International maritime health,2020,2020,10.5603/MH.2020.0003,Not applicable for Editorials.,"Betacoronavirus; COVID-19; Coronavirus; Coronavirus Infections; Disease Outbreaks; Humans; Japan; Pandemics; Pneumonia, Viral; Quarantine; SARS-CoV-2; Ships; Thailand; Travel",Editorial,yes
32207674,Chronology of COVID-19 Cases on the Diamond Princess Cruise Ship and Ethical Considerations: A Report From Japan.,Nakazawa E; Ino H; Akabayashi A,Disaster medicine and public health preparedness,2020-Aug,2020,10.1017/dmp.2020.50,"The Diamond Princess cruise ship has been anchored at the Yokohama port in Japan since February 3, 2020. A total of 691 cases of the coronavirus disease 2019 (COVID-19) infection had been confirmed as of February 23. The government initially assumed that the infection was not spreading aboard and therefore indicated that any persons who either tested negative for the virus or were asymptomatic should immediately disembark. However, on February 5, the government set a 14-day health observation period because of the severity of the infection. Passengers confirmed to be free from infection began disembarking on Day 15 (February 19) of the quarantine. The effectiveness and validity of infection control, justification for the timing of inspections, and even the nature of COVID-19 itself now are all in question. The ethical considerations related to cruise ship infection control include the reasonable justification for isolation, the psychological fragility and quality of life of the isolated passengers and crew members, the procedural justice inherent in a forced quarantine, and the optimization of control measures.The international coordination framework and the global ramifications of such outbreaks should be reevaluated by the international community. Denying a ship's entry based on local politics is incompatible with global justice. Events such as these require an international response and global regulations that seek to reduce disparities.",COVID-19; Humans; Japan; Pandemics; Quarantine; Ships,Journal Article,yes
32191689,"Initial Investigation of Transmission of COVID-19 Among Crew Members During Quarantine of a Cruise Ship - Yokohama, Japan, February 2020.",Kakimoto K; Kamiya H; Yamagishi T; Matsui T; Suzuki M et al.,MMWR. Morbidity and mortality weekly report,2020-Mar,2020,10.15585/mmwr.mm6911e2,"An outbreak of coronavirus disease 2019 (COVID-19) among passengers and crew on a cruise ship led to quarantine of approximately 3,700 passengers and crew that began on February 3, 2020, and lasted for nearly 4 weeks at the Port of Yokohama, Japan (1). By February 9, 20 cases had occurred among the ship's crew members. By the end of quarantine, approximately 700 cases of COVID-19 had been laboratory-confirmed among passengers and crew. This report describes findings from the initial phase of the cruise ship investigation into COVID-19 cases among crew members during February 4-12, 2020.","COVID-19; Coronavirus Infections; Disease Outbreaks; Humans; Japan; Pneumonia, Viral; Quarantine; Ships",Journal Article,yes
32183930,"Estimating the asymptomatic proportion of coronavirus disease 2019 (COVID-19) cases on board the Diamond Princess cruise ship, Yokohama, Japan, 2020.",Mizumoto K; Kagaya K; Zarebski A; Chowell G,Euro surveillance : bulletin Europeen sur les maladies transmissibles = European communicable disease bulletin,2020-Mar,2020,10.2807/1560-7917.ES.2020.25.10.2000180,"On 5 February 2020, in Yokohama, Japan, a cruise ship hosting 3,711 people underwent a 2-week quarantine after a former passenger was found with COVID-19 post-disembarking. As at 20 February, 634 persons on board tested positive for the causative virus. We conducted statistical modelling to derive the delay-adjusted asymptomatic proportion of infections, along with the infections' timeline. The estimated asymptomatic proportion was 17.9% (95% credible interval (CrI): 15.5-20.2%). Most infections occurred before the quarantine start.","Adolescent; Adult; Age Distribution; Aged; Aged, 80 and over; Asymptomatic Infections; Betacoronavirus; COVID-19; Child; Child, Preschool; Coronavirus Infections; Disease Outbreaks; Female; Humans; Infant; Infant, Newborn; Male; Middle Aged; Models, Statistical; Pneumonia, Viral; Quarantine; SARS-CoV-2; Sex Distribution; Ships; Travel; Young Adult",Journal Article,yes
32168463,Case-Fatality Risk Estimates for COVID-19 Calculated by Using a Lag Time for Fatality.,Wilson N; Kvalsvig A; Barnard LT; Baker MG,Emerging infectious diseases,2020-Jun,2020,10.3201/eid2606.200320,"We estimated the case-fatality risk for coronavirus disease cases in China (3.5%); China, excluding Hubei Province (0.8%); 82 countries, territories, and areas (4.2%); and on a cruise ship (0.6%). Lower estimates might be closest to the true value, but a broad range of 0.25%-3.0% probably should be considered.","Betacoronavirus; COVID-19; China; Coronavirus Infections; Humans; Pandemics; Pneumonia, Viral; Risk Assessment; SARS-CoV-2; Survival Rate","Journal Article; Research Support, Non-U.S. Gov't",yes
32121356,Backcalculating the Incidence of Infection with COVID-19 on the Diamond Princess.,Nishiura H,Journal of clinical medicine,2020-Feb,2020,10.3390/jcm9030657,"To understand the time-dependent risk of infection on a cruise ship, the Diamond Princess, I estimated the incidence of infection with novel coronavirus (COVID-19). The epidemic curve of a total of 199 confirmed cases was drawn, classifying individuals into passengers with and without close contact and crew members. A backcalculation method was employed to estimate the incidence of infection. The peak time of infection was seen for the time period from 2 to 4 February 2020, and the incidence has abruptly declined afterwards. The estimated number of new infections among passengers without close contact was very small from 5 February on which a movement restriction policy was imposed. Without the intervention from 5 February, it was predicted that the cumulative incidence with and without close contact would have been as large as 1373 (95% CI: 570, 2176) and 766 (95% CI: 587, 946) cases, respectively, while these were kept to be 102 and 47 cases, respectively. Based on an analysis of illness onset data on board, the risk of infection among passengers without close contact was considered to be very limited. Movement restriction greatly reduced the number of infections from 5 February onwards.",,Editorial,yes
32118533,"COVID-19 in 2 Persons with Mild Upper Respiratory Tract Symptoms on a Cruise Ship, Japan.",Arashiro T; Furukawa K; Nakamura A,Emerging infectious diseases,2020-Jun,2020,10.3201/eid2606.200452,"We describe 2 cases of coronavirus disease in patients with mild upper respiratory symptoms. Both patients worked on a cruise ship quarantined off the coast of Japan. One patient had persistent, low-grade upper respiratory tract symptoms without fever. The other patient had rapid symptom cessation but persistent viral RNA detection.","Adult; Betacoronavirus; COVID-19; Coronavirus Infections; Female; Humans; Japan; Male; Pandemics; Pneumonia, Viral; Respiratory Tract Infections; SARS-CoV-2; Ships",Case Reports; Journal Article,yes
32109273,COVID-19 outbreak on the Diamond Princess cruise ship: estimating the epidemic potential and effectiveness of public health countermeasures.,Rocklöv J; Sjödin H; Wilder-Smith A,Journal of travel medicine,2020-May,2020,10.1093/jtm/taaa030,"Cruise ships carry a large number of people in confined spaces with relative homogeneous mixing. On 3 February, 2020, an outbreak of COVID-19 on cruise ship Diamond Princess was reported with 10 initial cases, following an index case on board around 21-25th January. By 4th February, public health measures such as removal and isolation of ill passengers and quarantine of non-ill passengers were implemented. By 20th February, 619 of 3700 passengers and crew (17%) were tested positive. We estimated the basic reproduction number from the initial period of the outbreak using SEIR models. We calibrated the models with transient functions of countermeasures to incidence data. We additionally estimated a counterfactual scenario in absence of countermeasures, and established a model stratified by crew and guests to study the impact of differential contact rates among the groups. We also compared scenarios of an earlier versus later evacuation of the ship. The basic reproduction rate was initially 4 times higher on-board compared to the ${R}_0$ in the epicentre in Wuhan, but the countermeasures lowered it substantially. Based on the modeled initial ${R}_0$ of 14.8, we estimated that without any interventions within the time period of 21 January to 19 February, 2920 out of the 3700 (79%) would have been infected. Isolation and quarantine therefore prevented 2307 cases, and lowered the ${R}_0$ to 1.78. We showed that an early evacuation of all passengers on 3 February would have been associated with 76 infected persons in their incubation time. The cruise ship conditions clearly amplified an already highly transmissible disease. The public health measures prevented more than 2000 additional cases compared to no interventions. However, evacuating all passengers and crew early on in the outbreak would have prevented many more passengers and crew from infection.","Basic Reproduction Number; Betacoronavirus; COVID-19; Communicable Disease Control; Coronavirus Infections; Humans; Incidence; Models, Statistical; Pandemics; Pneumonia, Viral; Quarantine; SARS-CoV-2; Ships",Journal Article,yes
32097725,Estimation of the reproductive number of novel coronavirus (COVID-19) and the probable outbreak size on the Diamond Princess cruise ship: A data-driven analysis.,Zhang S; Diao M; Yu W; Pei L; Lin Z et al.,International journal of infectious diseases : IJID : official publication of the International Society for Infectious Diseases,2020-Apr,2020,10.1016/j.ijid.2020.02.033,"Up to February 16, 2020, 355 cases have been confirmed as having COVID-19 infection on the Diamond Princess cruise ship. It is of crucial importance to estimate the reproductive number (R0) of the novel virus in the early stage of outbreak and make a prediction of daily new cases on the ship. We fitted the reported serial interval (mean and standard deviation) with a gamma distribution and applied ""earlyR"" package in R to estimate the R0 in the early stage of COVID-19 outbreak. We applied ""projections"" package in R to simulate the plausible cumulative epidemic trajectories and future daily incidence by fitting the data of existing daily incidence, a serial interval distribution, and the estimated R0 into a model based on the assumption that daily incidence obeys approximately Poisson distribution determined by daily infectiousness. The Maximum-Likelihood (ML) value of R0 was 2.28 for COVID-19 outbreak at the early stage on the ship. The median with 95% confidence interval (CI) of R0 values was 2.28 (2.06-2.52) estimated by the bootstrap resampling method. The probable number of new cases for the next ten days would gradually increase, and the estimated cumulative cases would reach 1514 (1384-1656) at the tenth day in the future. However, if R0 value was reduced by 25% and 50%, the estimated total number of cumulative cases would be reduced to 1081 (981-1177) and 758 (697-817), respectively. The median with 95% CI of R0 of COVID-19 was about 2.28 (2.06-2.52) during the early stage experienced on the Diamond Princess cruise ship. The future daily incidence and probable outbreak size is largely dependent on the change of R0. Unless strict infection management and control are taken, our findings indicate the potential of COVID-19 to cause greater outbreak on the ship.","Betacoronavirus; COVID-19; Computer Simulation; Coronavirus; Coronavirus Infections; Disease Outbreaks; Humans; Incidence; Models, Biological; Pandemics; Pneumonia, Viral; Probability; SARS-CoV-2; Ships",Journal Article,yes
31911875,Norovirus-induced Gastroparesis.,Sawin-Johnson KN; Packer CD,Cureus,2019-Dec,2019,10.7759/cureus.6283,"Postviral gastroparesis can result from a variety of viral infections and may cause severe, persistent gastrointestinal symptoms. We report the case of an 85-year-old man with one year of persistent nausea, epigastric pain, early satiety, and 25-pound weight loss after an episode of viral gastroenteritis contracted on a cruise ship. The patient reported that he had tested positive for norovirus shortly after the onset of symptoms. Esophagogastroduodenoscopy revealed no abnormalities, and his symptoms persisted despite treatment for a positive serum H. pylori IgG antibody. Lab workup, including hemoglobin A1c, was otherwise normal, and computed tomography (CT) angiography was unremarkable. A gastric emptying study performed one year after the onset of illness revealed moderate gastroparesis. While most cases of postviral gastroparesis resolve within a year or less, there are a few reports of gastroparetic symptoms lasting two to three years or longer. The pathophysiology might involve a slowly reversible injury to gut neuromodulator cells. Antiviral treatment has not been shown to be effective; symptomatic treatment with antiemetic and prokinetic drugs may be helpful in some cases.",,Case Reports; Journal Article,yes
31314725,Help Your Patients Stay Healthy on Their Cruise Vacation: Suggestions for Primary Care Physicians from a Cruise Ship Physician.,Jacobs L,The Permanente journal,2019,2019,10.7812/TPP/18-303,,"Documentation; Formularies as Topic; Humans; Infection Control; Leisure Activities; Motion Sickness; Patient Transfer; Physicians, Primary Care; Ships",Journal Article,no
30666275,Subcutaneous Sparganosis of the Breast.,Kazemi A; Awosika O; Burgess C,The Journal of clinical and aesthetic dermatology,2018-Dec,2018,,"A 77-year-old African American woman presented to the dermatologist with two pruritic lumps in her right breast. She reported traveling to Mexico on a cruise ship two years prior to the onset of her lesions, but denied a history of previous breast masses or malignancy. Despite former radiographic evaluation by her internist revealing benign growths, and despite dermatologic treatment with intralesional steroid injections, a third new, firm nodule developed in her right breast. One such nodule eventually formed into an ulcer, and a punch biopsy revealed thin-walled vascular channels in loose inflamed stroma, coarse fibrosis, calcareous corpuscles, and an elongated parasite. Further review confirmed the parasite to be Sparganum, which is the larval stage of cestodes in the genus Spirometra. Sparganosis is a rare parasitic infection caused by the plerocercoid larva of the diphyllobothroid tapeworm. Though subcutaneous sparganosis of the breast is exceedingly rare, clinicians should consider this infection in their differential of nodular breast masses.",,Case Reports; Journal Article,yes
30589063,Patterns of injury amongst cruise ship passengers requiring hospitalisation.,Isom WJ; Accilien YD; Chery SB; Mederos-Rodriguez D; Berne JD,International maritime health,2018,2018,10.5603/IMH.2018.0039,"The number of commercial cruise ship passengers continues to rise and is projected to reach 27.2 million passengers worldwide in 2018. Accidental injury aboard these ships can result in serious morbidity and mortality. This study examines the injury mechanisms, patterns, demographics, and outcomes of these injuries which are serious enough to require hospitalisation in order to facilitate administrative, financial, and medical decision making to aid in injury prevention and treatment. This is a cross-sectional, retrospective, registry-based study of adult patients sustaining injury while on a cruise ship admitted to a Level I Trauma Centre in the United States over a 2-year period. Data on demographics, injury type and severity, surgical management, hospital charges, length of stay, mortality, and discharge disposition were recorded. Sixty seven patients were identified and included in the analysis. 70.1% of patients were 65 or older and a majority were female (59.7%). The most common mechanism of injury was a ground level fall (79.1%), and the most common injury encountered was a femur fracture (52.2%) which involved the acetabulo-femoral joint in 85.7% of cases. Traumatic brain injuries were uncommon occurring in 7.5% of cases. There were no fatalities in this series. The most common injuries aboard cruise ships requiring hospitalisation occur in the geriatric population as a result of a ground level fall. Most commonly, the injuries are long bone fractures, with femur fractures occurring most frequently and accounting for over half of all injuries sustained. Resources and protocols for pre-hospital management of cruise ship injuries should prioritise these patients, and fall prevention measures for this demographic should be mandatory aboard all cruise ships.","Accidental Falls; Adolescent; Adult; Aged; Brain Injuries, Traumatic; Cross-Sectional Studies; Female; Femoral Fractures; Florida; Hospitalization; Humans; Male; Middle Aged; Retrospective Studies; Ships; Trauma Centers; Travel; Wounds and Injuries",Journal Article,no
30589061,Gastroenteritis outbreaks on cruise ships: are sanitation inspection scores a true index of risk?,Taylor CJ,International maritime health,2018,2018,10.5603/IMH.2018.0037,"The utility of cruise ship sanitation scores as indicators of future gastroenteritis outbreak was investigated by means of a 5-year review of inspection scores and outbreaks of gastroenteritis as reported under the Vessel Sanitation Programme of the United States Public Health Centers for Disease Control. Between 2012 and 2017 a total of 1197 inspections were published online, with a mean score of 95.7 out of 100. During the same interval there were 50 separate outbreaks of acute gastroenteritis. No significant difference was found between pre-outbreak inspection scores, mean 96.4, and inspections that were not followed by an outbreak, mean 95.1 (z = 0.81, p = 0.42). This study shows that the current format of the inspection audits carried out under the Vessel Sanitation Programme generates scores that have no prognostic value with regard to future outbreaks of gastroenteritis on board cruise ships.","Centers for Disease Control and Prevention, U.S.; Disease Outbreaks; Environmental Monitoring; Gastroenteritis; Humans; Naval Medicine; Sanitation; Ships; United States",Journal Article,yes
30544983,"Outbreak of Acute Gastroenteritis Caused by Norovirus Genogroup II Attributed to Contaminated Cold Dishes on a Cruise Ship in Chongqing, China, 2017.",Qi L; Xiang X; Xiong Y; Ling H; Shen H et al.,International journal of environmental research and public health,2018-Dec,2018,10.3390/ijerph15122823,"In April 2017, several travelers with acute gastroenteritis on a cruise ship were reported. We conducted an investigation to identify the pathogen, mode of transmission, and risk factors. We searched and classified case-patient according to structured case definition, and collect date of the onset, clinical manifestations, and demographic information of cases. A case-control study was implemented to compare foods consumption between cases and asymptomatic travelers. Samples such as feces, rectal swab, vomitus, and environment swab were collected for testing. The attack rate was 18.2% (101/555), four cold dishes served on 11th, April were independently associated with an increased risk of disease: cold potherb (odds ratio (OR): 14.4; 95% confidence interval (CI): 2.2⁻93.3) and cold garlic sprout (OR: 26.1; 95% CI: 4.9⁻138.0) served at lunch, cold broad bean (OR: 5.8; 95% CI: 1.3⁻26.2), and cold cucumber (OR: 13.9; 95% CI: 2.3⁻84.2) served at dinner. A total of 15 samples were positive for norovirus genogroup II (GII) by using reverse transcription polymerase chain reaction (RT-PCR). This outbreak that occurred on the cruise ship was caused by norovirus GII. The evidence indicated that norovirus was mainly transmitted through consumption of cold dishes on 11th, April, which might be contaminated by asymptomatic cold dish cook.","Acute Disease; Adolescent; Adult; Aged; Caliciviridae Infections; Case-Control Studies; Child; Child, Preschool; China; Disease Outbreaks; Female; Food Contamination; Gastroenteritis; Humans; Male; Middle Aged; Norovirus; Risk Factors; Ships; Young Adult","Journal Article; Research Support, Non-U.S. Gov't",yes
30509202,Estimating the incidence of norovirus acute gastroenteritis among US and European international travelers to areas of moderate to high risk of traveler's diarrhea: a prospective cohort study protocol.,Lindsay L; DuPont HL; Moe CL; Alberer M; Hatz C et al.,BMC infectious diseases,2018-Dec,2018,10.1186/s12879-018-3461-6,"Acute gastroenteritis (AGE) is the leading cause of illness among returning travelers seeking medical care. Multiple types of enteric pathogens can cause travel-acquired AGE and, while bacterial pathogens have a predominant role, the importance of viruses, such as norovirus, is increasingly recognized. There is a lack of information on travel-acquired norovirus incidence among symptomatic and asymptomatic individuals irrespective of healthcare-seeking behavior. Our aim is to estimate the incidence of travel-acquired AGE due to norovirus and to characterize the burden of disease among international travelers from the United States and Europe. We describe a prospective cohort study implemented in five US and European sites to estimate the role of AGE due to norovirus among adult international travelers. We enrolled individuals aged 18 years and older who are traveling to regions of moderate-high risk of AGE, or via cruise ship with an international port stop, with a trip duration of 3-15 days. The study will generate a wide range of health and travel-related data for pre-, during, and up to 6-months post-travel. We will identify laboratory-confirmed travel-acquired norovirus infections among both symptomatic and asymptomatic individuals from self-collected whole stool samples tested via quantitative RT-PCR. Coinfections will be identified in a subset of travelers with AGE using a multiplex molecular-based assay. This study is unique in design and breadth of data collected. The prospective collection of health and behavioral data, as well as biologic samples from travelers irrespective of symptoms, will provide useful data to better understand the importance of norovirus AGE among international travelers. This study will provide data to estimate the incidence of norovirus infections and AGE and the risk of post-infectious sequelae in the 6-month post-travel period serving as a baseline for future norovirus AGE vaccination studies. This study will contribute valuable information to better understand the role of norovirus in travel-acquired AGE risk and the impact of these infections on a broad set of outcomes.","Acute Disease; Adolescent; Adult; Aged; Aged, 80 and over; Caliciviridae Infections; Cohort Studies; Diarrhea; Dysentery; Europe; Female; Gastroenteritis; Humans; Incidence; Internationality; Male; Middle Aged; Norovirus; Risk Factors; Travel; Travel-Related Illness; United States; Young Adult",Journal Article,yes
29939383,Cruise ship pathologies in remote regions.,Carron M; Emeyriat N; Levraut J; Blondeau N,International maritime health,2018,2018,10.5603/IMH.2018.0012,"Navigations on cruise ships are rising and tend to spread to remote areas like polar regions. Our aim was to assess the prevalence of pathologies encountered on a cruise ship navigating in remote areas including Polar Seas. A prospective observational, descriptive and cross-sectional study was conducted aboard a cruise ship with an overall capacity of 200-264 passengers and 140 crewmembers, sailing in remote areas as the Arctic Ocean and the Antarctic Peninsula over a period of 205 days. The database was built on all first consultations for passengers and crewmembers done by the onboard physician. Each symptom and diagnosis was coded according to the ""International Classification of Primary Care, 2nd edition"". For statistical analysis, the quantitative data were expressed as mean ± standard deviation and qualitative data as percentages. The percentages were compared using a c2 test corrected according to the Yates' method or by a Fisher test when appropriate. A total of 446 diagnoses were studied on the 910 consultations originally included (13.7% of the people on board). The median age for the passengers and the crewmembers was respectively 68 (age ranging from 12 to 90) years and 31 (18-62) years. Likewise, the sex ratio (male/female) was 0.98 and 3.23. Infectious diseases were predominant (prevalence of 43.7%). Among them, respiratory infections were the most common and gastroenteritis seemed to be more frequent in passengers (prevalence of 11.5% vs. 5%, p = 0.10). Cutaneous pathologies were more frequent in crewmembers (prevalence of 26.6% vs. 18.7%, p = 0.04) and allergic dermatitis was the second most frequent in this group of patients (prevalence of 7.2%). Cardiovascular diseases, more common in passengers (p = 0.05), represented 4% of all diagnoses. Two cases of phlebitis, one stroke and one subacute heart failure were diagnosed. Among traumatic injuries, cutaneous traumas were the commonest (prevalence of 76.5%). Musculoskeletal traumas were more common in passengers (p = 0.04). An acute gastrointestinal haemorrhage required a medical evacuation from the Antarctic Peninsula. The physician should be prepared to face emergency cases by developing personal expertise specific to maritime medicine in remote areas. Highlighting the particularity of cases handled in remote areas, our results should also pave the way of the development of medical protocols for ships lacking physician.","Adolescent; Adult; Aged; Aged, 80 and over; Antarctic Regions; Arctic Regions; Cardiovascular Diseases; Child; Communicable Diseases; Cross-Sectional Studies; Emergency Medical Services; Female; Humans; Incidence; Male; Middle Aged; Naval Medicine; Prospective Studies; Ships; Travel; Wounds and Injuries",Journal Article,yes
29761039,Fine grained compositional analysis of Port Everglades Inlet microbiome using high throughput DNA sequencing.,O'Connell L; Gao S; McCorquodale D; Fleisher J; Lopez JV,PeerJ,2018,2018,10.7717/peerj.4671,"Similar to natural rivers, manmade inlets connect inland runoff to the ocean. Port Everglades Inlet (PEI) is a busy cargo and cruise ship port in South Florida, which can act as a source of pollution to surrounding beaches and offshore coral reefs. Understanding the composition and fluctuations of bacterioplankton communities (""microbiomes"") in major port inlets is important due to potential impacts on surrounding environments. We hypothesize seasonal microbial fluctuations, which were profiled by high throughput 16S rRNA amplicon sequencing and analysis. Surface water samples were collected every week for one year. A total of four samples per month, two from each sampling location, were used for statistical analysis creating a high sampling frequency and finer sampling scale than previous inlet microbiome studies. We observed significant differences in community alpha diversity between months and seasons. Analysis of composition of microbiomes (ANCOM) tests were run in QIIME 2 at genus level taxonomic classification to determine which genera were differentially abundant between seasons and months. Beta diversity results yielded significant differences in PEI community composition in regard to month, season, water temperature, and salinity. Analysis of potentially pathogenic genera showed presence of Staphylococcus and Streptococcus. However, statistical analysis indicated that these organisms were not present in significantly high abundances throughout the year or between seasons. Significant differences in alpha diversity were observed when comparing microbial communities with respect to time. This observation stems from the high community evenness and low community richness in August. This indicates that only a few organisms dominated the community during this month. August had lower than average rainfall levels for a wet season, which may have contributed to less runoff, and fewer bacterial groups introduced into the port surface waters. Bacterioplankton beta diversity differed significantly by month, season, water temperature, and salinity. The 2013-2014 dry season (October-April), was warmer and wetter than historical averages. This may have driven significant differences in beta diversity. Increased nitrogen and phosphorous concentrations were observed in these dry season months, possibly creating favorable bacterial growth conditions. Potentially pathogenic genera were present in the PEI. However their relatively low, non-significant abundance levels highlight their relatively low risk for public health concerns. This study represents the first to sample a large port at this sampling scale and sequencing depth. These data can help establish the inlet microbial community baseline and supplement the vital monitoring of local marine and recreational environments, all the more poignant in context of local reef disease outbreaks and worldwide coral reef collapse in wake of a harsh 2014-16 El Niño event.",,Journal Article,yes
29657742,Quantifying the relative effects of environmental and direct transmission of norovirus.,Towers S; Chen J; Cruz C; Melendez J; Rodriguez J et al.,Royal Society open science,2018-Mar,2018,10.1098/rsos.170602,"Norovirus is a common cause of outbreaks of acute gastroenteritis in health- and child-care settings, with serial outbreaks also frequently observed aboard cruise ships. The relative contributions of environmental and direct person-to-person transmission of norovirus have hitherto not been quantified. We employ a novel mathematical model of norovirus transmission, and fit the model to daily incidence data from a major norovirus outbreak on a cruise ship, and examine the relative efficacy of potential control strategies aimed at reducing environmental and/or direct transmission. The reproduction number for environmental and direct transmission combined is [Formula: see text] [6.1,9.5], and of environmental transmission alone is [Formula: see text] [0.9,2.6]. Direct transmission is overwhelmingly due to passenger-to-passenger contacts, but crew can act as a reservoir of infection from cruise to cruise. This is the first quantification of the relative roles of environmental and direct transmission of norovirus. While environmental transmission has the potential to maintain a sustained series of outbreaks aboard a cruise ship in the absence of strict sanitation practices, direct transmission dominates. We find that intensive promotion of good hand washing practices may prevent outbreaks. Isolation of ill passengers and cleaning are beneficial, but appear to be less efficacious at outbreak control.",,Journal Article,yes
29621623,"Maritime varicella illness and death reporting, U.S., 2010-2015.",Rice ME; Bannerman M; Marin M; Lopez AS; Lewis MM et al.,Travel medicine and infectious disease,2018,2018,10.1016/j.tmaid.2018.04.001,"Ships destined for, or departing from, U.S. ports of entry must report certain signs and symptoms of potentially communicable diseases of public health interest among travelers to the Division of Global Migration and Quarantine (DGMQ) at the Centers for Disease Control and Prevention. We reviewed ships' varicella case and outbreak reports from January 2010 through December 2015. DGMQ received 967 reports of varicella and 13 reports of herpes zoster. Most varicella case-patients were 20-49 years of age (84.7%, 472/557) and were cruise ship crew members (78.4%, 758/967). Most often, cruise ship crew member case-patients were born in or held passports from Indonesia (21.7%, 80/369), Philippines (17.6%, 65/369), or India (17.3%, 64/369). Ninety-nine varicella outbreaks were reported, including 439 varicella cases and one herpes zoster case; 97 (98.0%) outbreaks occurred on cruise ships, and 90.2% of associated cases were among crew members (397/440). Most varicella cases were in crew members, who are adults often from tropical regions where varicella immunity is acquired later in childhood or young adulthood or without varicella vaccination programs. Varicella vaccination as appropriate for susceptible travelers, particularly crew members, before maritime travel may decrease risk of varicella infection and prevent outbreaks on ships.","Adolescent; Adult; Chickenpox; Child; Child, Preschool; Disease Notification; Female; Humans; Infant; Male; Middle Aged; Public Health; Quarantine; Ships; Travel; United States; Young Adult",Journal Article,yes
29460744,"Increase in Hospital Admissions for Severe Influenza A/B among Travelers on Cruise Ships to Alaska, 2015.",Payne M; Skowronski D; Sabaiduc S; Merrick L; Lowe C,Emerging infectious diseases,2018-Mar,2018,10.3201/eid2403.171378,"An increase in hospital admissions for influenza occurred during the summer of 2015 at an acute care facility in Vancouver, British Columbia, Canada. Investigation identified 25 patients with recent history of cruise ship travel to Alaska. All characterized influenza A viruses were A(H3N2). We describe patient treatment regimens and outcomes.","Aged; Aged, 80 and over; Alaska; British Columbia; Female; History, 21st Century; Humans; Influenza A virus; Influenza, Human; Betainfluenzavirus; Male; Middle Aged; Travel; Travel-Related Illness",Historical Article; Journal Article,yes
29366715,Diarrhea and related factors among passengers on world cruises departing from Japan.,Yamakawa M; Sasai M; Kasai Y; Tsuda T; Suzuki E,Travel medicine and infectious disease,2018,2018,10.1016/j.tmaid.2018.01.004,"Despite growth in the number of cruises worldwide, evidence about diarrhea experienced by cruise ship passengers remains sparse. We investigated rates of diarrhea and related factors among passengers on world cruises departing from Japan. Targeting passengers on five world cruises (n = 4180) from 2012 to 2013 (85-103 travel days), we calculated rates of health seeking behavior for diarrhea by sex, age group, and number of roommates for each cruise. We estimated rate ratios and 95% confidence intervals, using the group aged 20-39 years, women, and 2-4 roommates as referent categories. We found 5.04-6.00 cases per 10,000 person-days in the five cruises, with an elevated number after calling at ports. Older passengers (>60 years) and passengers with fewer roommates had an elevated risk of health seeking behavior for diarrhea, although passengers aged <20 years had an elevated risk on one cruise. After controlling for covariates (including cruise), significant associations remained for passengers aged >60 years and without roommates. Older passengers and passengers with fewer roommates may be more likely to seek medical treatment for diarrhea during travel on a world cruise, and should take preventive measures.",Adult; Aged; Diarrhea; Disease Outbreaks; Female; Humans; Japan; Male; Middle Aged; Retrospective Studies; Ships; Travel; Travel Medicine; Young Adult,Journal Article,no
29326203,High-Quality Whole-Genome Sequences for 21 Enterotoxigenic Escherichia coli Strains Generated with PacBio Sequencing.,Smith P; Lindsey RL; Rowe LA; Batra D; Stripling D et al.,Genome announcements,2018-Jan,2018,10.1128/genomeA.01311-17,"Enterotoxigenic Escherichia coli (ETEC) is an important diarrheagenic pathogen. We report here the high-quality whole-genome sequences of 21 ETEC strains isolated from patients in the United States, international diarrheal surveillance studies, and cruise ship outbreaks.",,Journal Article,yes
34428878,Practicing medicine on the high seas: a review of South African doctors' careers in cruise ship medicine.,Lewis CM; Skinner DL; Maharaj R,International maritime health,2018,2018,10.5603/IMH.2018.0027,"There has been an increase in the number of South African doctors working in the field of maritime medicine on board cruise ships. Despite this, there is a paucity of literature available addressing the epidemiology, level of expertise and continued medical education (CME) activities of cruise ship medicine. We aim to describe the demographics, qualifications and level of experience of South African doctors embarking on a career as a cruise ship doctor and assess ongoing CME and the future careers of doctors post cruise ship medicine. A survey was distributed to doctors either currently employed or previously employed as a cruise ship doctor from July 2012 to June 2017. The data obtained was used to describe the characteristics of South African doctors working in the field of cruise ship medicine. Of the 65 respondents, 61.5% were female. The majority of doctors were aged between 25 and 40 years. All South African doctors held a Bachelor of Medicine and Bachelor of Surgery degree, or equivalent, as a primary medical qualification and 46% held a Diploma in Primary Emergency Care prior to working at sea. The majority of doctors obtained certification in Basic Life Support, Advanced Cardiac Life Support, Paediatric Advanced Life Support and Advanced Trauma Life Support prior to joining cruise ship medicine. A wide range of courses and diplomas were undertaken by these doctors whilst working at sea. The majority of doctors opted for short to medium term contracts before returning to South Africa to pursue a land-based career, often by enrolling in postgraduate specialist training programmes. Maritime medicine is an emerging field of emergency medicine in South Africa and requires a high standard of competence. A robust CME programme exists whilst working at sea. Most South African doctors return to South Africa to pursue a land based career, alleviating the potential concern that South Africa is permanently losing doctors to cruise ship medicine.",,Journal Article,no
29162205,Gastroenteritis outbreaks on cruise ships: contributing factors and thresholds for early outbreak detection.,Mouchtouri VA; Verykouki E; Zamfir D; Hadjipetris C; Lewis HC et al.,Euro surveillance : bulletin Europeen sur les maladies transmissibles = European communicable disease bulletin,2017-Nov,2017,10.2807/1560-7917.ES.2017.22.45.16-00576,"When an increased number of acute gastroenteritis (AG) cases is detected among tourists staying at the same accommodation, outbreak management plans must be activated in a timely manner to prevent large outbreaks. Syndromic surveillance data collected between 1 January 2010 and 31 December 2013 by five seagoing cruise ships were analysed to identify attack rate thresholds for early outbreak detection. The overall incidence rate of AG was 2.81 cases per 10,000 traveller-days (95% confidence interval (CI): 0.00-17.60), while the attack rate was 19.37 cases per 10,000 travellers (95% CI: 0.00-127.69). The probability of an outbreak occurring was 11% if 4 per 1,000 passengers reported symptoms within the first 2 days of the voyage, and this increased to 23 % if 5 per 1,000 passengers reported such within the first 3 days. The risk ratio (RR) for outbreak occurrence was 2.35, 5.66 and 8.63 for 1, 2 and 3 days' delay of symptoms reporting respectively, suggesting a dose-response relationship. Shipping companies' policies and health authorities' efforts may consider these thresholds for initiating outbreak response measures based on the number of cases according to day of cruise. Efforts should focus on ensuring travellers report symptoms immediately and comply with isolation measures.",Adult; Diarrhea; Disease Notification; Disease Outbreaks; Early Diagnosis; Female; Gastroenteritis; Humans; Incidence; Middle Aged; Sentinel Surveillance; Ships; Travel,Journal Article,yes
29088487,"Laboratory-based respiratory virus surveillance pilot project on select cruise ships in Alaska, 2013-15.",Rogers KB; Roohi S; Uyeki TM; Montgomery D; Parker J et al.,Journal of travel medicine,2017-Sep,2017,10.1093/jtm/tax069,"Influenza outbreaks can occur among passengers and crews during the Alaska summertime cruise season. Ill travellers represent a potential source for introduction of novel or antigenically drifted influenza virus strains to the United States. From May to September 2013-2015, the Alaska Division of Public Health, the Centers for Disease Control and Prevention (CDC), and two cruise lines implemented a laboratory-based public health surveillance project to detect influenza and other respiratory viruses among ill crew members and passengers on select cruise ships in Alaska. Cruise ship medical staff collected 2-3 nasopharyngeal swab specimens per week from passengers and crew members presenting to the ship infirmary with acute respiratory illness (ARI). Specimens were tested for respiratory viruses at the Alaska State Virology Laboratory (ASVL); a subset of specimens positive for influenza virus were sent to CDC for further antigenic characterization. Of 410 nasopharyngeal specimens, 83% tested positive for at least one respiratory virus; 71% tested positive for influenza A or B virus. Antigenic characterization of pilot project specimens identified strains matching predominant circulating seasonal influenza virus strains, which were included in the northern or southern hemisphere influenza vaccines during those years. Results were relatively consistent across age groups, recent travel history, and influenza vaccination status. Onset dates of illness relative to date of boarding differed between northbound (occurring later in the voyage) and southbound (occurring within the first days of the voyage) cruises. The high yield of positive results indicated that influenza was common among passengers and crews sampled with ARI. This finding reinforces the need to bolster influenza prevention and control activities on cruise ships. Laboratory-based influenza surveillance on cruise ships may augment inland influenza surveillance and inform control activities. However, these benefits should be weighed against the costs and operational limitations of instituting laboratory-based surveillance programs on ships.","Adolescent; Adult; Aged; Alaska; Child; Child, Preschool; Disease Outbreaks; Female; Humans; Infant; Influenza A virus; Influenza B virus; Influenza, Human; Male; Middle Aged; Nose; Pilot Projects; Population Surveillance; Ships; Travel; Young Adult",Journal Article,yes
28914224,"Rapid Risk Assessment Report for Schistosomiasis Epidemic in Jianli County Caused by the Sunk ""Oriental Star"" Cruise Ship.",Ni Z; Tan X; Liu B; Ying Z; Gao X et al.,Disaster medicine and public health preparedness,2018-Feb,2018,10.1017/dmp.2017.28,"At 9:28 pm on June 1, 2015, the cruise ship ""Oriental Star"" sank into Yangtze River in Jianli County, with 422 people killed. When the accident occurred, the Chinese government took immediate action and dispatched more than 9000 rescuers. The risk for outbreak of schistosomiasis was increased because of the shipwreck. Obviously it is critical to carry out risk assessment as soon as possible. By means of the Delphi method, the situation was analyzed so that the government could fathom the severity of the accident. Then, through matrix and sigma-plotting (3-dimensional graphics) methods, related authorities performed risk assessment after site investigation. The latest news reported that more than 9000 people were involved in the rescue. The affected river was analyzed and mapped using SigmaPlot software, according to which the possibility, harmfulness, and controllability of the accident were determined to be medium (6), medium (6), and poor (7), respectively. The site of the accident where the cruise ship sank and rescue operations were carried out is a schistosomiasis epidemic area with high mortality and morbidity. The chance of an outbreak of the schistosomiasis epidemic in Jianli County is quite high. To protect people in this county from the epidemic, relevant logistic services should be arranged and all remains should be cleared up carefully. (Disaster Med Public Health Preparedness. 2018;12:147-153).",China; Delphi Technique; Disaster Planning; Disease Outbreaks; Humans; Rescue Work; Risk Assessment; Rivers; Schistosomiasis; Ships; Survivors,Journal Article,yes
28408676,Complete Genome Sequence of Human Norovirus GII.Pe-GII.4 Sydney from the United States.,Yang Z; Vinjé J; Kulka M,Genome announcements,2017-Apr,2017,10.1128/genomeA.00159-17,"We report here the first near-complete genome sequence (7,551 nucleotides) of a human norovirus GII.Pe-GII.4 Sydney variant, detected in a stool sample from an outbreak on a cruise ship in 2013.",,Journal Article,yes
28077609,Travellers and influenza: risks and prevention.,Goeijenbier M; van Genderen P; Ward BJ; Wilder-Smith A; Steffen R et al.,Journal of travel medicine,2017-Jan,2017,10.1093/jtm/taw078,"Influenza viruses are among the major causes of serious human respiratory tract infection worldwide. In line with the high disease burden attributable to influenza, these viruses play an important, but often neglected, role in travel medicine. Guidelines and recommendations regarding prevention and management of influenza in travellers are scarce. Of special interest for travel medicine are risk populations and also circumstances that facilitate influenza virus transmission and spread, like travel by airplane or cruise ship and mass gatherings. We conducted a PUBMED/MEDLINE search for a combination of the MeSH terms Influenza virus, travel, mass gathering, large scale events and cruise ship. In addition we gathered guidelines and recommendations from selected countries and regarding influenza prevention and management in travellers. By reviewing these search results in the light of published knowledge in the fields of influenza prevention and management, we present best practice advice for the prevention and management of influenza in travel medicine. Seasonal influenza is among the most prevalent infectious diseases in travellers. Known host-associated risk factors include extremes of age and being immune-compromised, while the most relevant environmental factors are associated with holiday cruises and mass gatherings. Pre-travel advice should address influenza and its prevention for travellers, whenever appropriate on the basis of the epidemiological situation concerned. Preventative measures should be strongly recommended for travellers at high-risk for developing complications. In addition, seasonal influenza vaccination should be considered for any traveller wishing to reduce the risk of incapacitation, particularly cruise ship crew and passengers, as well as those participating in mass gatherings. Besides advice concerning preventive measures and vaccination, advice on the use of antivirals may be considered for some travellers.","Antiviral Agents; Communicable Disease Control; Humans; Influenza, Human; Risk Factors; Seasons; Travel; Travel Medicine; Vaccination",Journal Article; Review,yes
28009388,Acute gastrointestinal haemorrhage on board a cruise ship in the Antarctic Peninsula.,Carron M; Globokar P; Sicard BA,International maritime health,2016,2016,10.5603/IMH.2016.0040,"Antarctic tourism on board cruise ships has expanded since the 1990s, essentially in the Antarctic Peninsula. Due to remoteness, medical cases may evolve into life threatening conditions as emergency medical evacuations are challenging. We discuss the case of a young crew member who suddenly fainted with an epigastric pain and abundant rectal bleeding while on board a cruise ship heading to the Deception Island (62°57.6 South, 60°29.5 West), 44 h away from Ushuaia by sea. A medical evacuation was necessary to save the patient whose haemoglobin level rapidly decreased from 11 g/dL to 8.7 g/dL over an 8 h period due to uncontrolled gastrointestinal bleeding. Following discussions between the French, Chilean and Argentinean Medical Top Side Support and Maritime Rescue Authorities and despite poor weather conditions, an emergency medical evacuation by air to Chile was made possible. The evacuation, which was 2 days shorter compared to an evacuation by sea, allowed the patient to reach a hospital facility in time to save his life whereas he decompensated in haemorrhagic shock. As passengers on cruise ships are typically elderly and often following anticoagulant therapies, the risk of bleeding is most important. Facing a gastric haemorrhage, a transfusion is often required. In remote areas, transfusion of fresh whole blood to stabilize a critical patient until he reaches a hospital must be considered.",Adult; Antarctic Regions; Antifibrinolytic Agents; Gastrointestinal Hemorrhage; Humans; Male; Mauritius; Naval Medicine; Tranexamic Acid; Transportation of Patients,Case Reports; Journal Article,no
27933493,"Norovirus GII.Pe Genotype: Tracking a Foodborne Outbreak on a Cruise Ship Through Molecular Epidemiology, Brazil, 2014.",Morillo SG; Luchs A; Cilli A; Ribeiro CD; de Cássia Compagnoli Carmona R et al.,Food and environmental virology,2017-Jun,2017,10.1007/s12560-016-9272-2,"Norovirus (NoV) is recognized as the most common cause of foodborne outbreaks. In 2014, an outbreak of acute gastroenteritis occurred on a cruise ship in Brazil, and NoV became the suspected etiology. Here we present the molecular identification of the NoV strains and the use of sequence analysis to determine modes of virus transmission. Food (cream cheese, tuna salad, grilled fish, orange mousse, and vegetables soup) and clinical samples were analyzed by ELISA, conventional RT-PCR, qRT-PCR, and sequencing. Genogroup GII NoV was identified by ELISA and conventional RT-PCR in fecal samples from 5 of 12 patients tested (41.7%), and in the orange mousse food sample by conventional RT-PCR and qRT-PCR. Two fecal GII NoV samples and the orange mousse GII NoV sample were successfully genotyped as GII.Pe (ORF 1), revealed 98.0-98.8% identities among them, and shared phylogenetically distinct cluster. Establishing the source of a NoV outbreak can be a challenging task. In this report, the molecular analysis of the partial RdRp NoV gene provided a powerful tool for genotyping (GII.Pe) and tracking of outbreak-related samples. In addition, the same fast and simple extraction methods applied to clinical samples could be successfully used for complex food matrices, and have the potential to be introduced in routine laboratories for screening foods for presence of NoV.","Adolescent; Adult; Aged; Aged, 80 and over; Brazil; Caliciviridae Infections; Child; Child, Preschool; Female; Food Contamination; Foodborne Diseases; Gastroenteritis; Genotype; Humans; Male; Middle Aged; Molecular Epidemiology; Norovirus; Ships; Travel; Young Adult",Journal Article,yes
27929141,Contact infection of infectious disease onboard a cruise ship.,Zhang N; Miao R; Huang H; Chan EY,Scientific reports,2016-Dec,2016,10.1038/srep38790,"Cruise tourism has become more popular. Long-term personal contact, complex population flows, a lack of medical care facilities, and defective infrastructure aboard most cruise ships is likely to result in the ship becoming an incubator for infectious diseases. In this paper, we use a cruise ship as a research scenario. Taking into consideration personal behavior, the nature and transfer route of the virus across different surfaces, virus reproduction, and disinfection, we studied contact infection of infectious disease on a cruise ship. Using gastroenteritis caused by the norovirus as an example, we analyzed the characteristics of infectious disease propagation based on simulation results under different conditions. We found hand washing are the most important factors affecting virus propagation and passenger infection. It also decides either the total number of virus microorganisms or the virus distribution in different functional areas. The transfer rate between different surfaces is a key factor influencing the concentricity of the virus. A high transfer rate leads to high concentricity. In addition, the risk of getting infected is effectively reduced when the disinfection frequency is above a certain threshold. The efficiency of disinfection of functional areas is determined by total virus number and total contact times of surfaces.","Gastroenteritis; Hand Disinfection; Humans; Models, Biological; Ships; Virus Diseases","Journal Article; Research Support, Non-U.S. Gov't",yes
27747297,Development of a Nanobody-Based Lateral Flow Immunoassay for Detection of Human Norovirus.,Doerflinger SY; Tabatabai J; Schnitzler P; Farah C; Rameil S et al.,mSphere,2016,2016,10.1128/mSphere.00219-16,"Human noroviruses are the dominant cause of outbreaks of acute gastroenteritis. These viruses are usually detected by molecular methods, including reverse transcriptase PCR (RT-PCR) and enzyme-linked immunosorbent assay (ELISA). Human noroviruses are genetically and antigenically diverse, with two main genogroups that are further subdivided into over 40 different genotypes. During the past decade, genogroup 2 genotype 4 (GII.4) has dominated in most countries, but recently, viruses belonging to GII.17 have increased in prevalence in a number of countries. A number of commercially available ELISAs and lateral flow immunoassays were found to have lower sensitivities to the GII.17 viruses, indicating that the antibodies used in these methods may not have a high level of cross-reactivity. In this study, we developed a rapid Nanobody-based lateral flow immunoassay (Nano-immunochromatography [Nano-IC]) for the detection of human norovirus in clinical specimens. The Nano-IC assay detected virions from two GII.4 norovirus clusters, which included the current dominant strain and a novel variant strain. The Nano-IC method had a sensitivity of 80% and specificity of 86% for outbreak specimens. Norovirus virus-like particles (VLPs) representing four genotypes (GII.4, GII.10, GII.12, and GII.17) could be detected by this method, demonstrating the potential in clinical screening. However, further modifications to the Nano-IC method are needed in order to improve this sensitivity, which may be achieved by the addition of other broadly reactive Nanobodies to the system. IMPORTANCE We previously identified a Nanobody (termed Nano-85) that bound to a highly conserved region on the norovirus capsid. In this study, the Nanobody was biotinylated and gold conjugated for a lateral flow immunoassay (termed Nano-IC). We showed that the Nano-IC assay was capable of detecting at least four antigenically distinct GII genotypes, including the newly emerging GII.17. In the clinical setting, the Nano-IC assay had sensitivities equivalent to other commercially available lateral flow systems. The Nano-IC method was capable of producing results in ~5 min, which makes this method useful in settings that require rapid diagnosis, such as cruise ship outbreaks and elder care facilities. The Nano-IC assay has several advantages over antibody-based IC methods: for example, Nanobodies can be readily produced in large quantities, they are generally more stable than conventional antibodies, and the Nanobody binding sites can be easily obtained by X-ray crystallography.",,Journal Article,yes
27727034,Understanding the Outcome in the Chinese Changjiang Disaster in 2015: A Retrospective Study.,Yang C; Gao J; Du J; Wang H; Jiang J et al.,The Journal of emergency medicine,2017-Feb,2017,10.1016/j.jemermed.2016.08.013,"Rescue after a maritime disaster remains a great challenge in emergency medicine. We performed an overview of rescue efforts among the victims in the sunken cruise ship Eastern Star in the 2015 Changjiang River marine disaster, as well as possible preventive measures in maritime transport situations. The rescue records of 454 victims of the sunken ship were analyzed retrospectively. Their demographic data, rescue effects, accident inducement, and injury disposition were reviewed. A thorough analysis from the point of view of maritime traffic safety was also performed. Of the 454 victims, 442 (97.36%) were killed and only 12 (2.64%) survived. The survivors were classified based on their gender, rescue type, and rescue spot as follows: male (91.67%), female (8.33%); tourists (50.00%), and ship staff (50.00%), after the breakdown of the rescue spot in Jianli, Hubei province, China. The survivors were saved only during the initial 17 h after the disaster. The survivors suffering from somato- and psychotrauma were urgently treated for limb injuries, infections of the upper respiratory tract and lungs, fluid and electrolyte imbalance, and acute traumatic stress. This incident was the most severe maritime disaster since the establishment of the People's Republic of China on October 1, 1949, due to the large number of elderly victims, fast overturning speed, and severe weather. Emergency rescue requires more automated and intelligent systems for maritime safety. An increased focus must be placed on public welfare and ethics, with the goal of influencing more prosocial behavior rather than the pursuit of profit.","Accidents; Adolescent; Adult; Aged; Aged, 80 and over; Child; Child, Preschool; China; Earthquakes; Female; Humans; Infant; Male; Middle Aged; Rescue Work; Retrospective Studies; Ships; Survival Analysis; Survivors; Workforce",Journal Article,yes
27364170,Air travel-related symptomatic deep venous thrombosis in cruise ship passengers.,Pietrzyk WS,International maritime health,2016,2016,10.5603/IMH.2016.0014,"Long air travel is a risk factor for deep venous thrombosis (DVT). The aim of the study was to report the occurrence of symptomatic DVT cases in cruise ship passengers after long haul flights and to discuss applied diagnostic methods. A retrospective analysis of medical records of adult patients diagnosed with DVT in medical facility of the passenger ship was performed. On the basis of clinical examinations, B-mode ultrasound scans of the lower extremity venous systems, international normalised ratio (INR) tests, working diagnoses of DVT were established. The Wells score was used for stratification. Within 4-48 h of the diagnosis, D-dimer tests in blood, ultrasound Duplex examinations and specialists' consultations of DVT suspected patients were performed ashore. A study showed 3 (0.15%) patients suspected of DVT of a total number of 2,007 passengers who have completed a flight > 8 h in the analysed period. The medial time from the embarkation to the onset of symptoms was 68.7 h. Based on the Wells DVT score, in 2 (0.1%) patients the probability of DVT was determined to be likely. Both the ultrasound examinations and D-dimer tests were positive. Those patients were diagnosed by shore specialists as DVT. One (0.05%) patient determined as DVT unlikely according to the Wells scale, her INR indicated hypercoagulable state, but Duplex scan as well D-dimer test were negative and DVT suspicion was excluded. A clinical suspicion of DVT among passengers who joined the ship after their long haul flights could be an important diagnostic problem for ship's doctors. The Wells scale allows to stratify the risk, but to rule out suspicion of DVT, a negative result of D-dimer test must be demonstrated. A portable ultrasound device helps in onboard clinical evaluation of DVT suspected patients. Due to possible fatal complications of DVT which can lead to pulmonary embolism and cause medico-legal issues, a definitive diagnosis should only be obtained in cooperation with land-based health care providers.",Adult; Air Travel; Fibrin Fibrinogen Degradation Products; Humans; International Normalized Ratio; Leg; Naval Medicine; Retrospective Studies; Ships; Travel; Ultrasonography; Venous Thrombosis,Journal Article,no
27344547,"Burn Care on Cruise Ships-Epidemiology, international regulations, risk situation, disaster management and qualification of the ship's doctor.",Ottomann C; Hartmann B; Antonic V,Burns : journal of the International Society for Burn Injuries,2016-Sep,2016,10.1016/j.burns.2016.01.032,"With the increasing numbers of passengers and crew on board vessels that are becoming larger and larger, the demand for ship's doctors who can adequately treat burns on board has also increased. In the cruise ship industry it is usually those doctor's with internal and general medical training who are recruited from an epidemiological point of view. Training content or recommendations for the treatment of thermal lesions with the limited options available in ship's hospitals and where doctors with no surgical training operate do not yet exist. The guidelines recommended by the Cruise Lines International Association (CLIA) regarding medical staff have only included physicians with minor surgical skills until now. With the introduction of the ATLS(®) course developed by the American College of Surgeons, the requirements for the qualification of the ship's doctor on board cruise ships shall change from January 2017. The article discusses the question of whether having completed the ATLS(®) course, the ship's doctor is trained to adequately treat thermal lesions or severe burns persons on-board, and presents the current discussion on the training content for ship's doctors within the International Maritime Health Association (IMHA). It also provides an overview of existing international regulatory frameworks, the risks presented by a fire on board, the problem of treating burns victims out of reach of coastal rescue services, and alternative training concepts for ship's doctors regarding the therapy of thermal lesions on-board.",Burns; Clinical Competence; Disasters; Fires; Health Facilities; Humans; Medical Staff; Pharmaceutical Preparations; Physicians; Risk; Ships; Surgical Equipment,Journal Article,no
27320130,Respiratory infections and gastrointestinal illness on a cruise ship: A three-year prospective study.,Pavli A; Maltezou HC; Papadakis A; Katerelos P; Saroglou G et al.,Travel medicine and infectious disease,2016,2016,10.1016/j.tmaid.2016.05.019,"Cruise ships carry a large number of people in confined spaces providing an environment for transmission of infections. The aim of this study is to estimate the incidence of and describe the spectrum of respiratory infections and gastrointestinal illness among passengers and crew of cruise Ship A. The study was carried out from January 2011 to December 2013 on cruise Ship A, including passengers and crew who presented with symptoms suggestive of acute respiratory infection (ARI), influenza-like illness (ILI) and gastrointestinal illness (GI). Advice about preventive measures of respiratory and gastrointestinal infections and influenza vaccination was given to passengers and crew. Data were collected by using one standardized form per patient. The most common destination was Northern Europe (90.7%). The mean duration of cruise was 10.6 days; 440 passengers and 421 crew members who sought medical attention were studied (mean age 72.6 ± 9.5 and 33 ± 7 years, respectively). ILI, ARI and GI were diagnosed in 32.7%, 15.9%, 17% and 10.9%, 80%, 0.2% of ill passengers and crew, respectively. The association of ARI, ILI and GI incidence in passengers was statistically significant with season, destination and duration of travel; the incidence for all illnesses was higher during winter, for travel to South America and for >14 days (p-value<0.001). ARI, ILI and GI continue to pose a burden on cruise travel; therefore pre-travel advice is crucial for passengers and crew regarding respiratory and gastrointestinal infections. Surveillance and implementation of control measures are important for outbreak prevention.","Acute Disease; Adult; Aged; Aged, 80 and over; Disease Outbreaks; Europe; Female; Gastrointestinal Diseases; Humans; Incidence; Influenza, Human; Male; Middle Aged; Prospective Studies; Respiratory Tract Infections; Ships; South America; Time Factors; Travel; Vaccination",Journal Article,yes
27067392,An epidemiological study of rates of illness in passengers and crew at a busy Caribbean cruise port.,Marshall CA; Morris E; Unwin N,BMC public health,2016-Apr,2016,10.1186/s12889-016-2991-3,"The Caribbean has one of the largest cruise ship industries in the world, with close to 20 million visitors per year. The potential for communicable disease outbreaks on vessels and the transmission by ship between countries is high. Barbados has one of the busiest ports in the Caribbean. Our aim was to describe and analyse the epidemiology of illnesses experienced by passengers and crew arriving at the Bridgetown Port, Barbados between 2009 and 2013. Data on the illnesses recorded were extracted from the passenger and crew arrival registers and passenger and crew illness logs for all ships and maritime vessels arriving at Barbados' Ports and passing through its territorial waters between January 2009 and December 2013. Data were entered into an Epi Info database and most of the analysis undertaken using Epi Info Version 7. Rates per 100,000 visits were calculated, and confidence intervals on these were derived using the software Openepi. There were 1031 cases of illness from over 3 million passenger visits and 1 million crew visits during this period. The overall event rate for communicable illnesses was 15.7 (95 % CI 14.4-17.1) per 100,000 passengers, and for crew was 24.0 (21.6-26.6) per 100, 000 crew. Gastroenteritis was the predominant illness experienced by passengers and crew followed by influenza. The event rate for gastroenteritis among passengers was 13.7 (12.5-15.0) per 100,000 and 14.4 (12.6, 16.5) for crew. The event rate for non-communicable illnesses was 3.4 per 100,000 passengers with myocardial infarction being the main diagnosis. The event rate for non-communicable illnesses among crew was 2.1 per 100,000, the leading cause being injuries. The predominant illnesses reported were gastroenteritis and influenza similar to previous published reports from around the world. This study is the first of its type in the Caribbean and the data provide a baseline for future surveillance and for comparison with other countries and regions.","Adult; Aged; Barbados; Disease Outbreaks; Epidemiologic Studies; Female; Gastroenteritis; Humans; Influenza, Human; Male; Middle Aged; Myocardial Infarction; Ships; Travel; Wounds and Injuries",Journal Article,yes
26782123,Mortality of German travellers on passenger vessels.,Oldenburg M; Herzog J; Püschel K; Harth V,Journal of travel medicine,2016-Jan,2016,10.1093/jtm/tav003,"In the past two decades, more and more Germans decided to spend their holidays on a passenger vessel. This study examined the frequencies and causes of deaths of German travellers aboard passenger vessels of all flags. The shipboard deaths of all German travellers within the time period from 1998 to 2008 were counted using the German civil central register in Berlin. The available documentation in this register provides information on frequencies, circumstances and causes of deaths on ships. In the above-mentioned period of time, the total cohort of German travellers on cruise ships is estimated to be 5.97 million persons. During the 11-year examination period, 135 shipboard deaths of German passengers [102 males (75.6%) and 33 females (24.4%)] were recorded. Out of these travellers, 110 died on cruise ships. When considering only the passengers on cruise ships (without those on ferries) an average crude mortality rate of 1.8 per 100,000 German passengers was calculated. The crude mortality rate of shipboard death for males and females was 2.5 and 0.8 per 100,000 German passengers with a mean age of 71.2 years [standard deviation (SD) 16.0 years] and 73.3 years (SD 16.0 years), respectively. Significantly, more deceased travellers older than 70 years were observed on traditional cruise ships and resort vessels than on passenger ferries (P = 0.001). The causes of death were documented in 85 cases (63.0%). Out of these documented deaths, 82 (96.5%) cases were regarded to be natural causes (particularly circulatory diseases) and 3 (3.5%) as unnatural causes (twice drowning and once an accidental fall). In spite of the large proportion of unknown causes of death, this study argues for a high significance of internal causes of deaths among German passengers. Thus, ship's doctors-particularly those on traditional cruise ships-should be well experienced in internal and geriatric medicines.","Adult; Aged; Aged, 80 and over; Cardiovascular Diseases; Female; Germany; Humans; Male; Middle Aged; Mortality; Registries; Ships; Travel",Journal Article,no
26766396,"Acute Gastroenteritis on Cruise Ships - United States, 2008-2014.",Freeland AL; Vaughan GH; Banerjee SN,MMWR. Morbidity and mortality weekly report,2016-Jan,2016,10.15585/mmwr.mm6501a1,"From 1990 to 2004, the reported rates of diarrheal disease (three or more loose stools or a greater than normal frequency in a 24-hour period) on cruise ships decreased 2.4%, from 29.2 cases per 100,000 travel days to 28.5 cases (1,2). Increased rates of acute gastroenteritis illness (diarrhea or vomiting that is associated with loose stools, bloody stools, abdominal cramps, headache, muscle aches, or fever) occurred in years that novel strains of norovirus, the most common etiologic agent in cruise ship outbreaks, emerged (3). To determine recent rates of acute gastroenteritis on cruise ships, CDC analyzed combined data for the period 2008-2014 that were submitted by cruise ships sailing in U.S. jurisdiction (defined as passenger vessels carrying ≥13 passengers and within 15 days of arriving in the United States) (4). CDC also reviewed laboratory data to ascertain the causes of acute gastroenteritis outbreaks and examined trends over time. During the study period, the rates of acute gastroenteritis per 100,000 travel days decreased among passengers from 27.2 cases in 2008 to 22.3 in 2014. Rates for crew members remained essentially unchanged (21.3 cases in 2008 and 21.6 in 2014). However, the rate of acute gastroenteritis was significantly higher in 2012 than in 2011 or 2013 for both passengers and crew members, likely related to the emergence of a novel strain of norovirus, GII.4 Sydney (5). During 2008-2014, a total of 133 cruise ship acute gastroenteritis outbreaks were reported, 95 (71%) of which had specimens available for testing. Among these, 92 (97%) were caused by norovirus, and among 80 norovirus specimens for which a genotype was identified, 59 (73.8%) were GII.4 strains. Cruise ship travelers experiencing diarrhea or vomiting should report to the ship medical center promptly so that symptoms can be assessed, proper treatment provided, and control measures implemented.",Acute Disease; Disease Outbreaks; Gastroenteritis; Humans; Ships; Travel; United States,Journal Article,yes
26612476,A three-year follow-up on injuries sustained by cruise ship passengers and crew treated at the Orthopaedic and Traumatology Department at Dubrovnik County Hospital.,Bekic M; Mikolaucic M; Golubovic M; Kojic N; Lenz R et al.,Injury,2015-Nov,2015,10.1016/j.injury.2015.10.039,"Dubrovnik is one of the most popular destinations in the world for cruise ships. Several cruise ship passengers and crew members who have suffered different injuries have been treated at our department. This was a retrospective study to analyse injuries that occurred to crew members and passengers on cruise ships that docked in Dubrovnik over a three-year period from December 2010 to December 2013. During this period, a total of 370 patients suffered trauma that needed medical treatment. A total of 119 of these patients required hospitalisation and received medical help based on the nature of the trauma they suffered. The remaining 251 patients were treated at our outpatient clinic. Female patients in this study were exposed to osteoporotic trauma. Male patients presented mostly with injuries sustained during physical activities or because of the nature of their job on board. The leading cause of trauma accidents in the present study was falls on the same level.","Accidental Falls; Accidents, Occupational; Age Distribution; Brain Concussion; Croatia; Emergency Service, Hospital; Female; Follow-Up Studies; Humans; Joint Dislocations; Male; Occupational Diseases; Occupational Health; Osteoporotic Fractures; Retrospective Studies; Sex Distribution; Ships; Travel; Wounds and Injuries",Journal Article,no
26481457,"An outbreak of multiple norovirus strains on a cruise ship in China, 2014.",Wang X; Yong W; Shi L; Qiao M; He M et al.,Journal of applied microbiology,2016-Jan,2016,10.1111/jam.12978,"To determine the cause of an outbreak of acute gastroenteritis that occurred on a cruise ship sailing along the Yangzi River from Chongqing to Nanjing, China. Noroviruses were identified by reverse transcription-PCR (RT-PCR) in rectal swabs from 34 of 54 subjects tested (63·0%). Sequencing and genotyping showed that noroviruses of up to seven different genotypes circulated in this outbreak: noroviruses GI.1, GI.2, GI.3, GI.4, GI.8, GI.9 and an uncommon strain GII.17. Common genotypes were not identified in this event. None of the food or water samples were tested positive for noroviruses. We suspected that it was a point-source infection due to contaminated water or food harvested from contaminated water, taking account of the co-existence of diverse norovirus genotypes. In this study, we presented the molecular investigation of a norovirus outbreak on a cruise in China. We revealed that the outbreak was caused by several different norovirus genotypes and analysed the possible source of infection as well, thus facilitating the evaluation of epidemiological issues regarding noroviruses in this area.",Adolescent; Adult; Caliciviridae Infections; China; Disease Outbreaks; Female; Gastroenteritis; Genotype; Humans; Male; Norovirus; Ships; Travel; Young Adult,"Journal Article; Research Support, Non-U.S. Gov't",yes
26350312,Infections on Cruise Ships.,Kak V,Microbiology spectrum,2015-Aug,2015,10.1128/microbiolspec.IOL5-0007-2015,"The modern cruise ship is a small city on the seas, with populations as large as 5,000 seen on large ships. The growth of the cruise ship industry has continued in the twenty-first century, and it was estimated that nearly 21.3 million passengers traveled on cruise ships in 2013, with the majority of these sailing from North America. The presence of large numbers of individuals in close proximity to each other facilitates transmission of infectious diseases, often through person-to-person spread or via contaminated food or water. An infectious agent introduced into the environment of a cruise ship has the potential to be distributed widely across the ship and to cause significant morbidity. The median cruise ship passenger is over 45 years old and often has chronic medical problems, so it is important that, to have a safe cruise ship experience, any potential for the introduction of an infecting agent as well as its transmission be minimized. The majority of cruise ship infections involve respiratory and gastrointestinal infections. This article discusses infectious outbreaks on cruise ships and suggests preventative measures for passengers who plan to travel on cruise ships.",Disease Outbreaks; Humans; Infections; Ships; Travel; Workforce,Journal Article; Review,yes
26196266,"Extensive Nosocomial Transmission of Measles Originating in Cruise Ship Passenger, Sardinia, Italy, 2014.",Filia A; Bella A; Cadeddu G; Milia MR; Del Manso M et al.,Emerging infectious diseases,2015-Aug,2015,10.3201/eid2108.141105,"We report a measles outbreak in Sardinia, Italy, that originated in a cruise ship passenger. The outbreak showed extensive nosocomial transmission (44 of 80 cases). To minimize nosocomial transmission, health care facilities should ensure that susceptible health care workers are vaccinated against measles and should implement effective infection control procedures.","Adolescent; Adult; Child; Child, Preschool; Cross Infection; Disease Outbreaks; Female; Humans; Infant; Italy; Male; Measles; Middle Aged; Recreation; Ships; Travel","Journal Article; Research Support, Non-U.S. Gov't",yes
26116675,Evaluation of a New Environmental Sampling Protocol for Detection of Human Norovirus on Inanimate Surfaces.,Park GW; Lee D; Treffiletti A; Hrsak M; Shugart J et al.,Applied and environmental microbiology,2015-Sep,2015,10.1128/AEM.01657-15,"Inanimate surfaces are regarded as key vehicles for the spread of human norovirus during outbreaks. ISO method 15216 involves the use of cotton swabs for environmental sampling from food surfaces and fomites for the detection of norovirus genogroup I (GI) and GII. We evaluated the effects of the virus drying time (1, 8, 24, or 48 h), swab material (cotton, polyester, rayon, macrofoam, or an antistatic wipe), surface (stainless steel or a toilet seat), and area of the swabbed surface (25.8 cm(2) to 645.0 cm(2)) on the recovery of human norovirus. Macrofoam swabs produced the highest rate of recovery of norovirus from surfaces as large as 645 cm(2). The rates of recovery ranged from 2.2 to 36.0% for virus seeded on stainless-steel coupons (645.0 cm(2)) to 1.2 to 33.6% for toilet seat surfaces (700 cm(2)), with detection limits of 3.5 log10 and 4.0 log10 RNA copies. We used macrofoam swabs to collect environmental samples from several case cabins and common areas of a cruise ship where passengers had reported viral gastroenteritis symptoms. Seventeen (18.5%) of 92 samples tested positive for norovirus GII, and 4 samples could be sequenced and had identical GII.1 sequences. The viral loads of the swab samples from the cabins of the sick passengers ranged from 80 to 31,217 RNA copies, compared with 16 to 113 RNA copies for swab samples from public spaces. In conclusion, our swab protocol for norovirus may be a useful tool for outbreak investigations when no clinical samples are available to confirm the etiology.","Caliciviridae Infections; Equipment Contamination; Fomites; Humans; Norovirus; RNA, Viral; Stainless Steel; Virology",Evaluation Study; Journal Article,yes
26070017,Determinants of injuries in passenger vessel accidents.,Yip TL; Jin D; Talley WK,Accident; analysis and prevention,2015-Sep,2015,10.1016/j.aap.2015.05.025,"This paper investigates determinants of crew and passenger injuries in passenger vessel accidents. Crew and passenger injury equations are estimated for ferry, ocean cruise, and river cruise vessel accidents, utilizing detailed data of individual vessel accidents that were investigated by the U.S. Coast Guard during the time period 2001-2008. The estimation results provide empirical evidence (for the first time in the literature) that crew injuries are determinants of passenger injuries in passenger vessel accidents.",Accidents; Humans; Regression Analysis; Risk Factors; Ships; United States; Wounds and Injuries,"Journal Article; Research Support, Non-U.S. Gov't",no
26031322,Influenza Outbreaks Among Passengers and Crew on Two Cruise Ships: A Recent Account of Preparedness and Response to an Ever-Present Challenge.,Millman AJ; Kornylo Duong K; Lafond K; Green NM; Lippold SA et al.,Journal of travel medicine,2015,2015,10.1111/jtm.12215,"During spring 2014, two large influenza outbreaks occurred among cruise ship passengers and crew on trans-hemispheric itineraries. Passenger and crew information for both ships was obtained from components of the ship medical records. Data included demographics, diagnosis of influenza-like illness (ILI) or acute respiratory illness (ARI), illness onset date, passenger cabin number, crew occupation, influenza vaccination history, and rapid influenza diagnostic test (RIDT) result, if performed. In total, 3.7% of passengers and 3.1% of crew on Ship A had medically attended acute respiratory illness (MAARI). On Ship B, 6.2% of passengers and 4.7% of crew had MAARI. In both outbreaks, passengers reported illness prior to the ship's departure. Influenza activity was low in the places of origin of the majority of passengers and both ships' ports of call. The median age of affected passengers on both ships was 70 years. Diagnostic testing revealed three different co-circulating influenza viruses [influenza A(H1N1)pdm09, influenza A(H3N2), and influenza B] on Ship A and one circulating influenza virus (influenza B) on Ship B. Both ships voluntarily reported the outbreaks to the Centers for Disease Control and Prevention (CDC) and implemented outbreak response plans including isolation of sick individuals and antiviral treatment and prophylaxis. Influenza activity can become widespread during cruise ship outbreaks and can occur outside of traditional influenza seasons. Comprehensive outbreak prevention and control plans, including prompt antiviral treatment and prophylaxis, may mitigate the impact of influenza outbreaks on cruise ships.","Disease Outbreaks; Humans; Influenza, Human; Primary Prevention; Quarantine; Sanitation; Ships; Travel; United States",Journal Article,yes
25792164,Penile ulceration caused by a foreign body reaction in a crew member on board a cruise ship.,Garcia-Castaneda J; Harb-De la Rosa A,International maritime health,2015,2015,10.5603/IMH.2015.0008,"A crew member had a foreign body implanted subcutaneously on his dorsum penis stealthily 6 years earlier by a fellow crew member without any medical training. He presented to the ship's medical centre after a week of pain, erythema and oedema over the foreign body, which was eventually removed by the patient, leaving behind a penile ulceration. He was treated conservatively initially with intravenous and then with oral antibiotics until complete secondary wound closure was achieved.","Adult; Body Modification, Non-Therapeutic; Foreign-Body Reaction; Humans; Male; Naval Medicine; Penile Diseases; Philippines; Ulcer",Case Reports; Journal Article,no
25719870,Consumer education needed on norovirus prevention and control: findings from a nationally representative survey of U.S. adults.,Cates SC; Kosa KM; Brophy JE; Hall AJ; Fraser A,Journal of food protection,2015-Mar,2015,10.4315/0362-028X.JFP-14-313,"Noroviruses (NoVs) are the leading cause of foodborne disease in the United States; however, little is known about consumers' knowledge of NoV infection and their understanding of how to prevent and control associated illness. A nationally representative Web-enabled panel survey of U.S. adults (n = 1,051) was conducted to collect information on consumers' awareness and knowledge of NoVs. Respondents who had heard of NoVs were asked 22 true-and-false questions on the transmission, prevention, and control of NoVs. Forty-seven percent of respondents reported awareness of NoVs, and 85% of respondents had heard of the terms ""cruise ship virus,"" ""the stomach bug,"" or ""the stomach flu,"" which are commonly used to describe NoVs. Of those respondents who had previously heard of NoV or other terms used by consumers to describe NoV (n = 948), 36% correctly answered 11 or more of the 22 true-and-false questions, suggesting that consumers have limited knowledge on how to prevent and control NoV infection. Most consumers do not understand that the primary mode of transmission for NoV infection is fecal to oral, and many have the misperception that meat and poultry are sources of NoV infection. There is the need to educate consumers about how to prevent and control NoV infection. Although there is a proliferation of food safety education materials available, most focus on foodborne bacteria rather than viruses. The survey results will be used to revise existing consumer food safety educational materials to include information on NoV prevention and control.","Adolescent; Adult; Biomedical Research; Caliciviridae Infections; Data Collection; Female; Food Safety; Foodborne Diseases; Gastroenteritis; Health Education; Health Knowledge, Attitudes, Practice; Humans; Infection Control; Male; Meat; Middle Aged; Norovirus; United States; Young Adult","Journal Article; Research Support, Non-U.S. Gov't",yes
27147885,Treatment and prevention of infection following bites of the Antarctic fur seal (Arctocephalus gazella).,Kouliev T; Cui V,Open access emergency medicine : OAEM,2015,2015,10.2147/OAEM.S75442,"In recent decades, an increasing number of people have traveled to sub-Antarctic and Antarctic regions each year for research, tourism, and resource exploitation. Hunting of Antarctic fur seals (Arctocephalus gazella) almost pushed the species to extinction in the early 1900s, but populations have since shown rapid and substantial recovery. The species' range has re-expanded to include several islands south of the Antarctic Convergence, most notably South Georgia, and now overlaps with many popular Antarctic travel destinations. Both male and female fur seals can become extremely aggressive when provoked, and their bites, if not properly treated, pose a significant risk of infection by microorganisms not usually encountered in cases of animal bites. In this report, we present the case of a patient treated for a fur seal bite during an Antarctic expedition cruise, review the literature concerning seal bites, and suggest the use of antibiotic prophylaxis to prevent complications.",,Case Reports; Journal Article,yes
25522700,Qualification of ship doctors: a German approach.,Seidenstuecker KH; Neidhardt S,International maritime health,2014,2014,10.5603/IMH.2014.0035,While a steady growth of cruise tourism since the 1970s created an increasing demand for ship doctors medical postgraduate specialty training did not sufficiently reflect the scope of skills and knowledge required from a physician being left to himself at sea. The German Maritime Health Association therefore tasked a working group with analysing the situation and coming up with suggestions for an adequate postgraduate training for ship doctors. The working group consisted of 19 experts with various backgrounds in maritime medicine. A literature review was done on cruise ship epidemiology as well as an assessment of tasks and environmental factors influencing medical care on board of cruise ships. Necessary knowledge and skills were derived and compared with those imparted by standard German medical education. Mandatory knowledge and skills were identified as well as elements of standard medical education contributing to these goals. Those aspects that would or could not be adequately covered by German standard education were catalogued and summarised in a course curriculum. In 2013 after approval by its board of directors the German Maritime Health Association published a qualification and training recommendation addressing colleagues planning to muster as ship doctors.,"Clinical Competence; Curriculum; Education, Medical, Graduate; Germany; Humans; Naval Medicine",Journal Article,no
25477415,"Draft Genome Sequence of C:P1.5-1,10-8:F3-6:ST-11 Meningococcal Clinical Isolate Associated with a Cluster on a Cruise Ship.",Neri A; Fazio C; Ciammaruconi A; Anselmo A; Fortunato A et al.,Genome announcements,2014-Dec,2014,10.1128/genomeA.01263-14,"Meningococcal serogroup C strains, in particular those belonging to the ST-11 clonal complex, are known to cause invasive diseases worldwide. We report the genome sequence of a Neisseria meningitidis strain linked to a cluster of cases of invasive meningococcal disease on a cruise ship that was described in 2012.",,Journal Article,yes
25468523,"Measles associated with international travel in the region of the Americas, Australia and Europe, 2001-2013: a systematic review.",Jost M; Luzi D; Metzler S; Miran B; Mutsch M,Travel medicine and infectious disease,2015,2015,10.1016/j.tmaid.2014.10.022,"Travel volumes are still increasing resulting in a more interconnected world and fostering the spread of infectious diseases. We aimed to evaluate the relevance of travel-related measles, a highly transmissible and vaccine-preventable disease. Between 2001 and 2013, surveillance and travel-related measles data were systematically reviewed according to the PRISMA guidelines with extraction of relevant articles from Medline, Embase, GoogleScholar and from public health authorities in the Region of the Americas, Europe and Australia. From a total of 960 records 44 articles were included and they comprised 2128 imported measles cases between 2001 and 2011. The proportion of imported cases in Europe was low at 1-2%, which reflects the situation in a measles-endemic region. In contrast, imported and import-related measles accounted for up to 100% of all cases in regions with interrupted endemic measles transmission. Eleven air-travel related reports described 132 measles index cases leading to 47 secondary cases. Secondary transmission was significantly more likely to occur if the index case was younger or when there were multiple infectious cases on board. Further spread to health care settings was found. Measles cases associated with cruise ship travel or mass gatherings were sporadically observed. Within both, endemic and non-endemic home countries, pretravel health advice should assess MMR immunity routinely to avoid measles spread by nonimmune travelers. To identify measles spread as well as to increase and sustain high vaccination coverages joint efforts of public health specialists, health care practitioners and travel medicine providers are needed.",Air Travel; Americas; Australia; Europe; Humans; Internationality; Measles; Measles Vaccine; Ships; Travel; Vaccination,Journal Article; Systematic Review,yes
25231334,"Acute gastroenteritis, video camera and cruise ship.",Wiwanitkit V,International maritime health,2014,2014,10.5603/IMH.2014.0021,,Diarrhea; Disease Outbreaks; Female; Gastroenteritis; Humans; Patient Isolation; Ships,Letter; Comment,yes
25163840,Identification of proteolytic bacteria from the Arctic Chukchi Sea expedition cruise and characterization of cold-active proteases.,Park HJ; Lee YM; Kim S; Wi AR; Han SJ et al.,"Journal of microbiology (Seoul, Korea)",2014-Oct,2014,10.1007/s12275-014-4226-6,"Following collection of seawater samples during an Arctic Chukchi Sea expedition cruise of the Korean icebreaker Araon in 2012, a total of 15,696 bacteria were randomly isolated from Marine Broth 2216 agar plates. Of these, 2,526 (16%) showed proteolytic activity and were identified as mainly Alteromonas (31%), Staphylococcus (27%), and Pseudoalteromonas (14%). Among the proteolytic strains, seven were selected based on their significant ability to grow and produce a halo on skim milk plates at low temperatures (<5°C) owing to cold-active proteases. These strains were affiliated with the genus Pseudoalteromonas and were divided into three groups based on phylogenetic analysis of the 16S rRNA genes. Profiling cell membrane fatty acids confirmed the 16S rRNA-based differentiation and revealed the accordance between the two analyses. Seven genes for serine protease precursors were amplified from the corresponding strains, and based on sequence similarities, these genes were divided into three groups that were identical to those identified by the 16S rRNA phylogenetic analysis. Three protease genes from the representative strains of each group were composed of 2,127-2,130 bp, encoding 708-709 amino acids, and these genes yielded products with calculated molecular weights of approximately 72.3-72.8 kDa. Amino acid sequence analysis suggested that the precursors are members of the subtilase serine endo- and exo-peptidase clan and contain four domains (signal peptide, N-terminal prosequence, catalytic domain, and two pre-peptidase C-terminal domains). Upon expression in E. coli, each recombinant protease exhibited proteolytic activity on zymogram gels.","Amino Acid Sequence; Arctic Regions; Cell Membrane; Cluster Analysis; Cold Temperature; DNA, Bacterial; DNA, Ribosomal; Escherichia coli; Expeditions; Fatty Acids; Gene Expression; Korea; Molecular Sequence Data; Molecular Weight; Peptide Hydrolases; Phylogeny; Protein Structure, Tertiary; Pseudoalteromonas; RNA, Ribosomal, 16S; Recombinant Proteins; Seawater; Sequence Alignment; Sequence Analysis, DNA","Journal Article; Research Support, Non-U.S. Gov't",no
24889210,"Influenza B outbreak on a cruise ship off the São Paulo Coast, Brazil.",Fernandes EG; de Souza PB; de Oliveira ME; Lima GD; Pellini AC et al.,Journal of travel medicine,2014,2014,10.1111/jtm.12132,"In February 2012, crew and passengers of a cruise ship sailing off the coast of São Paulo, Brazil, were hospitalized for acute respiratory illness (ARI). A field investigation was performed to identify the disease involved and factors associated. Information on passengers and crew with ARI was obtained from the medical records of hospitalized individuals. Active case finding was performed onboard the ship. ARI was defined as the presence of one nonspecific symptom (fever, chills, myalgia, arthralgia, headache, or malaise) and one respiratory symptom (cough, nasal congestion, sore throat, or dyspnea). A case-control study was conducted among the crew. The cases were crew members with symptoms of influenza-like illness (ILI) (fever and one of the following symptoms: cough, sore throat, and dyspnea) in February 2012. The controls were asymptomatic crew members. The study identified 104 ARI cases: 54 (51.9%) crew members and 50 (49.1%) passengers. Among 11 ARI hospitalized cases, 6 had influenza B virus isolated in nasopharyngeal swab. One mortality among these patients was caused by postinfluenza Staphylococcus aureus pneumonia. The crew members housed in the two lower decks and those belonging to the 18- to 32-year-old age group were more likely to develop ILI [odds ratio (OR) = 2.39, 95% confidence interval (CI) 1.09-5.25 and OR = 3.72, CI 1.25-11.16, respectively]. In February 2012, an influenza B outbreak occurred onboard a cruise ship. Among crew members, ILI was associated with lower cabin location and younger age group. This was the first influenza outbreak detected by Brazilian public health authorities in a vessel cruising in South American waters.","Adolescent; Adult; Age Factors; Brazil; Case-Control Studies; Disease Outbreaks; Female; Humans; Infection Control; Influenza B virus; Influenza, Human; Male; Middle Aged; Ships; Travel",Journal Article,yes
24878994,Molecular characterization of influenza B virus outbreak on a cruise ship in Brazil 2012.,Borborema SE; Silva DB; Silva KC; Pinho MA; Curti SP et al.,Revista do Instituto de Medicina Tropical de Sao Paulo,2014,2014,10.1590/s0036-46652014000300001,"In February 2012, an outbreak of respiratory illness occurred on the cruise ship MSC Armonia in Brazil. A 31-year-old female crew member was hospitalized with respiratory failure and subsequently died. To study the etiology of the respiratory illness, tissue taken at necropsy from the deceased woman and respiratory specimens from thirteen passengers and crew members with respiratory symptoms were analyzed. Influenza real-time RT-PCR assays were performed, and the full-length hemagglutinin (HA) gene of influenza-positive samples was sequenced. Influenza B virus was detected in samples from seven of the individuals, suggesting that it was the cause of this respiratory illness outbreak. The sequence analysis of the HA gene indicated that the virus was closely related to the B/Brisbane/60/2008-like virus, Victoria lineage, a virus contained in the 2011-12 influenza vaccine for the Southern Hemisphere. Since the recommended composition of the influenza vaccine for use during the 2013 season changed, an intensive surveillance of viruses circulating worldwide is crucial. Molecular analysis is an important tool to characterize the pathogen responsible for an outbreak such as this. In addition, laboratory disease surveillance contributes to the control measures for vaccine-preventable influenza. Em fevereiro de 2012, durante a temporada de verão no Brasil, um surto de doença respiratória ocorreu no navio de cruzeiro MSC Armonia. Mulher de 31 anos, membro da tripulação, foi internada com insuficiência respiratória e morreu. Com o objetivo de estudar a etiologia da doença foram investigadas necrópsia de tecido do caso fatal e secreções respiratórias de 13 passageiros e membros da tripulação com sintomas respiratórios. O teste de influenza por RT-PCR em tempo real foi realizado e o gene completo da hemaglutinina (HA) das amostras positivas foi sequenciado. O vírus influenza B foi detectado em sete indivíduos, sugerindo-o como a causa do surto de doença respiratória a bordo do navio. A análise da sequência do gene da HA indicou que os vírus estão fortemente relacionados com o vírus B/Brisbane/60/2008, linhagem Victoria, componente da vacina de influenza para 2011-2012 no hemisfério sul. Uma vez que a composição da vacina foi alterada para uso na temporada de 2012-2013, é essencial a vigilância ativa dos vírus circulantes em todo o mundo. A análise molecular é uma ferramenta importante para caracterização do patógeno responsável pelo surto. Além disso, a vigilância de doenças baseada em dados laboratoriais contribui para as medidas de controle da influenza, uma doença imunoprevinível.","Adult; Brazil; Child; Disease Outbreaks; Female; Humans; Influenza B virus; Influenza, Human; Male; Phylogeny; Reverse Transcriptase Polymerase Chain Reaction; Ships; Young Adult","Journal Article; Research Support, Non-U.S. Gov't",yes
24852958,Authors reply: measles on the cruise ship: links with virus spreading into an emergency department in Southern Italy.,Lanini S; Capobianchi MR; Pompa MG; Vellucci L,Euro surveillance : bulletin Europeen sur les maladies transmissibles = European communicable disease bulletin,2014-May,2014,10.2807/1560-7917.es2014.19.19.20803,,Disease Outbreaks; Humans; Measles; Ships,Letter; Comment,yes
24852957,Letter to the editor: measles on the cruise ship: links with virus spreading into an emergency department in Southern Italy.,Cozza V; Chironna M; Leo C; Prato R,Euro surveillance : bulletin Europeen sur les maladies transmissibles = European communicable disease bulletin,2014-May,2014,10.2807/1560-7917.es2014.19.19.20800,,Disease Outbreaks; Humans; Measles; Ships,Letter; Comment,yes
24838574,Norovirus outbreaks on commercial cruise ships: a systematic review and new targets for the public health agenda.,Bert F; Scaioli G; Gualano MR; Passi S; Specchia ML et al.,Food and environmental virology,2014-Jun,2014,10.1007/s12560-014-9145-5,"Noroviruses are recognized as the leading cause of human acute viral gastroenteritis worldwide. The rate of outbreaks on cruise ships has grown significantly in recent years. Given the potentially harmful consequences of outbreaks for passengers and crewmembers and the subsequently high costs for cruise companies, disease outbreaks on cruise ships represent a serious public health issue. The aim of our study was to systematically review published studies related to Norovirus outbreaks on commercial cruise ships. We searched the PubMed and Scopus scientific databases. We included eligible studies published from January 1990 to July 2013 that were written in English and described infectious episodes involving at least two passengers and/or crewmembers on a commercial cruise ship. As a result, 15 studies and seven reviews met the inclusion criteria, describing a total of 127 outbreaks. The majority of the cases were reported in Europe and the USA, affecting <1 to 74% of the embarked passengers. In the majority of the studies, stool samples and/or serum specimens from ill passengers were collected and tested for laboratory confirmation. Twelve studies reported that an ad-hoc questionnaire was administered. Fifteen studies investigated the possible source of infection which was contaminated food in the majority of cases. Our findings suggest a strong need for the monitoring and implementation of preventive measures in semi-closed communities, such as cruise ships. It would be advisable to strengthen all relevant initiatives in order to improve the detection of, response to and control of Norovirus outbreaks on cruise ships.",Caliciviridae Infections; Disease Outbreaks; Europe; Food; Food Contamination; Humans; Norovirus; Public Health; Ships; Travel; United States,Journal Article; Systematic Review,yes
24831067,Pattern of passenger injury and illness on expedition cruise ships to Antarctica.,Schutz L; Zak D; Holmes JF,Journal of travel medicine,2014,2014,10.1111/jtm.12126,"Expedition ships to Antarctica travel to remote areas with limited medical support. This study determines the rate and patterns of passenger illness and injuries among those traveling on expedition ships to Antarctica. We hypothesize that severe medical conditions are encountered that require physicians serving on these ships to be skilled enough to care for critically ill or injured patients. We performed a retrospective analysis of the medical records of all passengers who were provided medical care on 26 Antarctica voyages from October 2010 to March 2011 (four different expedition ships). A structured system was used to categorize the diagnoses from each patient encounter. The pattern of traumatic injuries was noted, including location of occurrence. Treatments rendered including patient evacuations were documented. The population is described with incidence rates. A total of 2,366 passengers traveled on 26 trips, for a total of 34,501 person-days. In all, 680 physician visits were done, including 150 consultations for motion sickness preventive care, leaving 530 visits (15.4 visits per 1,000 person-days) for active medical care. Median age was 50 (range 10-90) years and 51% were females. Incidence rates per 1,000 person-days for the most common processes include motion sickness (4.2), infections (3.5), and injury (2.0). Injuries were more likely to occur on the ship (66%, 95% CI: 54-77%) compared to off the ship (34%, 95% CI: 23-46%). Four subjects (0.12/1,000 person-days) were evacuated (three due to traumatic conditions and one due to medical complications) and one person died (medical complication). Passengers on expedition ships to Antarctica may experience significant illness and injury. Ship physicians should be aware of the patterns of injuries and illnesses that occur on expedition ships and should have appropriate training to treat various medical and traumatic conditions including life-threatening illnesses.","Adolescent; Adult; Aged; Aged, 80 and over; Arctic Regions; Child; Emergency Treatment; Environmental Exposure; Female; Gastrointestinal Diseases; Humans; Incidence; Male; Middle Aged; Motion Sickness; Risk Factors; Ships; Travel; Wounds and Injuries; Young Adult",Journal Article,yes
24762666,Author's reply: measles on a cruise ship--links with the outbreak in the Philippines.,Lanini S; Capobianchi MR; Derrough T; Severi E; Vellucci L et al.,Euro surveillance : bulletin Europeen sur les maladies transmissibles = European communicable disease bulletin,2014-Apr,2014,10.2807/1560-7917.es2014.19.15.20773,,Disease Outbreaks; Humans; Measles; Ships,Letter; Comment,yes
24762665,Measles on a cruise ship: links with the outbreak in the Philippines.,Mandal S; Ramsay M; Brown K,Euro surveillance : bulletin Europeen sur les maladies transmissibles = European communicable disease bulletin,2014-Apr,2014,10.2807/1560-7917.es2014.19.15.20774,,Disease Outbreaks; Humans; Measles; Ships,Letter; Comment,yes
24756019,Molecular surveillance of hepatitis A virus in Argentina: first subgenotype IB detected in a traveler.,Munné MS; Altabert NR; Vladimirsky SN; Arribere MG; Ortali SF et al.,Annals of hepatology,2014,2014,,"By using molecular surveillance of hepatitis A virus, we characterized for the first time a subgenotype IB imported case in Argentina, a country with universal vaccination since 2005. The case was a crew member of a cruise ship. We consider this a case alert because of its multiple implications.",Adult; Argentina; Hepatitis A; Hepatitis A Vaccines; Hepatitis A virus; Humans; Male; Molecular Epidemiology; Reverse Transcriptase Polymerase Chain Reaction; Travel,Case Reports; Journal Article,no
24677123,Acute gastroenteritis and video camera surveillance: a cruise ship case report.,Diskin AL; Caro GM; Dahl E,International maritime health,2014,2014,10.5603/MH.2014.0005,"A 'faecal accident' was discovered in front of a passenger cabin of a cruise ship. After proper cleaning of the area the passenger was approached, but denied having any gastrointestinal symptoms. However, when confronted with surveillance camera evidence, she admitted having the accident and even bringing the towel stained with diarrhoea back to the pool towels bin. She was isolated until the next port where she was disembarked. Acute gastroenteritis (AGE) caused by Norovirus is very contagious and easily transmitted from person to person on cruise ships. The main purpose of isolation is to avoid public vomiting and faecal accidents. To quickly identify and isolate contagious passengers and crew and ensure their compliance are key elements in outbreak prevention and control, but this is difficult if ill persons deny symptoms. All passenger ships visiting US ports now have surveillance video cameras, which under certain circumstances can assist in finding potential index cases for AGE outbreaks.",Acute Disease; Caliciviridae Infections; Diarrhea; Disease Outbreaks; Female; Gastroenteritis; Health Education; Household Work; Humans; Hygiene; Norovirus; Patient Isolation; Population Surveillance; Sanitation; Security Measures; Ships; Travel; Videodisc Recording,Case Reports; Journal Article,yes
24677122,Long-lasting adverse effects after short-term low-dose treatment with metoclopramide for vomiting.,Dahl E; Diskin AL,International maritime health,2014,2014,10.5603/MH.2014.0004,"Metoclopramide is commonly used to treat vomiting caused by seasickness and acute gastroenteritis on cruise ships and serious adverse effects have not been reported from use at sea. We report severe long-lasting adverse effects in a young female seafarer following short-term, low-dose use of metoclopramide. During rough seas a 25-year-old female musician on a cruise vessel presented with nausea and vomiting. She was given intramuscular metoclopramide 10 mg and diphenhydramine 25 mg. Vomiting stopped after the injections, but she felt tired, confused and dizzy. She then had been taking metoclopramide 5-10 mg a day, but stopped after a total per oral dose of 30 mg as she developed disturbing symptoms that she related to the medication, including dizziness, anxiety, fatigue, depression and involuntary movements (twitches, jerks, ticks, and tremors of the eyelids, tongue, neck, fingers, arms and legs). Neurological examination, blood tests, electrocardiography and magnetic resonance imaging of the brain were all normal. Although gradually reduced in strength and frequency, the adverse effects were very disturbing for about 10 months, but at 13 months she was almost fully recovered. For many years numerous vomiting sea travellers have been successfully treated with a single parenteral 10 mg dose of metoclopramide. There are no obvious reasons why our previously healthy patient experienced such serious and long-lasting side effects after low-dose, short-term metoclopramide administration. Until more is known, metoclopramide should be reserved for debilitating cases - and only be given after other remedies have been tried and found ineffective.","Adult; Antiemetics; Diphenhydramine; Dyskinesias; Female; Gastroenteritis; Humans; Injections, Intramuscular; Mental Disorders; Metoclopramide; Motion Sickness; Naval Medicine; Nervous System Diseases; Ships; Vomiting",Case Reports; Journal Article,yes
24650863,"Measles outbreak on a cruise ship in the western Mediterranean, February 2014, preliminary report.",Lanini S; Capobianchi MR; Puro V; Filia A; Del Manso M et al.,Euro surveillance : bulletin Europeen sur les maladies transmissibles = European communicable disease bulletin,2014-Mar,2014,10.2807/1560-7917.es2014.19.10.20735,"A measles outbreak occurred in February 2014 on a ship cruising the western Mediterranean Sea. Overall 27 cases were reported: 21 crew members, four passengers.For two cases the status crew or passenger was unknown. Genotype B3 was identified. Because of different nationalities of cases and persons on board,the event qualified as a cross-border health threat. The Italian Ministry of Health coordinated rapid response.Alerts were posted through the Early Warning and Response System.",Disease Outbreaks; Humans; Measles; Mediterranean Sea; Sentinel Surveillance; Ships; Travel,Journal Article,yes
24427271,Self-reported stomach upset in travellers on cruise-based and land-based package holidays.,Launders NJ; Nichols GL; Cartwright R; Lawrence J; Jones J et al.,PloS one,2014,2014,10.1371/journal.pone.0083425,"International travellers are at a risk of infectious diseases not seen in their home country. Stomach upsets are common in travellers, including on cruise ships. This study compares the incidence of stomach upsets on land- and cruise-based holidays. A major British tour operator has administered a Customer Satisfaction Questionnaire (CSQ) to UK resident travellers aged 16 or more on return flights from their holiday abroad over many years. Data extracted from the CSQ was used to measure self-reported stomach upset in returning travellers. From summer 2000 through winter 2008, 6,863,092 questionnaires were completed; 6.6% were from cruise passengers. A higher percentage of land-based holiday-makers (7.2%) reported stomach upset in comparison to 4.8% of cruise passengers (RR = 1.5, p<0.0005). Reported stomach upset on cruises declined over the study period (7.1% in 2000 to 3.1% in 2008, p<0.0005). Over 25% of travellers on land-based holidays to Egypt and the Dominican Republic reported stomach upset. In comparison, the highest proportion of stomach upset in cruise ship travellers were reported following cruises departing from Egypt (14.8%) and Turkey (8.8%). In this large study of self-reported illness both demographic and holiday choice factors were shown to play a part in determining the likelihood of developing stomach upset while abroad. There is a lower cumulative incidence and declining rates of stomach upset in cruise passengers which suggest that the cruise industry has adopted operations (e.g. hygiene standards) that have reduced illness over recent years.",Adult; Age Distribution; Aged; Female; Holidays; Humans; Incidence; Male; Middle Aged; Risk Factors; Seasons; Self Report; Stomach Diseases; Surveys and Questionnaires; Travel; Travel Medicine; Young Adult,"Journal Article; Research Support, Non-U.S. Gov't",no
24298957,"Point-of-care syndrome-based, rapid diagnosis of infections on commercial ships.",Bouricha M; Samad MA; Levy PY; Raoult D; Drancourt M,Journal of travel medicine,2014,2014,10.1111/jtm.12090,"Suspicion of contagious disease on commercial ships tends to be poorly managed, as there is little capacity to confirm a case on board except for malaria. Here we implemented a point-of-care (POC) laboratory on one container ship and one cruise ship for the rapid syndrome-based diagnosis of infectious diseases on board. In 2012 we implemented a POC laboratory on board a freight ship and on board a cruise ship. The POC laboratory ran a total of six different color-coded, syndrome-based kits incorporating 10 different commercially available immunochromatographic tests. The POC tests were taught within 1-hour as part of training to staff without any previous knowledge in microbiology. Compared with terrestrial POCs, specific constraints included the necessity to secure POC devices into the motile ship, to use robust devices, to overcome difficulties in communicating with the core laboratory, and to overcome limited intimacy of patients. However, a total of 36 POC tests were easily performed and yielded contributive negative results. This first experiment indicates that it is possible to run POC laboratories by nonexpert staff after providing rapid teaching course on board commercial ships. Generalization of on-board POC laboratories is expected to help in improving the medical management of staff and passengers.","Communicable Disease Control; Communicable Diseases; Disease Outbreaks; Humans; Laboratories; Needs Assessment; Outcome Assessment, Health Care; Point-of-Care Systems; Reagent Kits, Diagnostic; Ships; Staff Development; Symptom Assessment; Travel",Journal Article,yes
24013733,First vaccines targeting 'cruise ship virus' sail into clinical trials.,Willyard C,Nature medicine,2013-Sep,2013,10.1038/nm0913-1076,,"Antibodies, Monoclonal; Antibodies, Viral; Caliciviridae Infections; Gastroenteritis; Humans; Norovirus; Ships; Travel; Viral Vaccines",News,no
23788158,Early psychological care of the French victims of the Costa Concordia shipwreck.,Toesca R; Guyon V; Marchand M; Bessereau J; Abbona F et al.,International maritime health,2013,2013,,"Most of the French passengers who survived the shipwreck of the cruise ship Costa Concordia were repatriatedfrom Italy to Marseille, one of the stopovers of the cruise. The shipwreck happened during the nightof 13th-14th January 2012 and entailed the forced evacuation of 4195 passengers and crewmembers.Thirty-two persons died and 2 others are still reported missing. The massive and unexpected inflow of402 French citizens in the port of Marseille required the quick setting up of welcome facilities, not only tosolve logistical problems, but also to address psychological and sometimes even medical problems. ThePrehospital Psychological Emergency Service (CUMP) and the Prehospital Emergency Medical Service(SAMU) of Marseille examined 196 persons in total, and were able to avoid a great number of emergencyadmissions deemed necessary because of difficult psychological situations (death, missing or lost persons,acute stress). The objective of this report is to rapidly present the emergency committee as a whole andto describe in more detail the work that the CUMP accomplished during the 36 hours necessary to takecharge of the majority of the French passengers of the Costa Concordia.","Adolescent; Adult; Aged; Aged, 80 and over; Child; Disasters; Emergency Medical Services; Female; France; Humans; Male; Mediterranean Sea; Middle Aged; Ships; Stress, Psychological; Young Adult",Journal Article,no
23787128,"Travel-associated Legionnaires' disease in Europe, 2010.",de Jong B; Payne Hallström L; Robesyn E; Ursut D; Zucs P,Euro surveillance : bulletin Europeen sur les maladies transmissibles = European communicable disease bulletin,2013-Jun,2013,10.2807/ese.18.23.20498-en,"In 2010, the European surveillance network for travel-associated Legionnaires' disease (ELDSNet, previously EWGLINET) received reports of 864 cases of travel-associated Legionnaires' disease, of whom 24 were reported to have had a fatal outcome. As in previous years, a very low proportion of clinical isolates were obtained (45 cases, 5.6%). In the 2010 dataset, male cases outnumbered female cases by 2.6:1 and had a median age of 61 years (range: 21-96), while the median age for women was 63 years (range: 12-95). The network identified 100 new clusters in 2010, of which 44 involved only one case from each reporting country and would probably not have been detected by national surveillance schemes alone. The largest cluster (having 14 cases) was associated with a cruise ship. Legionella species were detected at 61 of the 100 accommodation site clusters investigated. The names of five accommodation sites were published on the ECDC website.","Adolescent; Adult; Aged; Aged, 80 and over; Child; Cluster Analysis; Europe; Female; Humans; Legionnaires' Disease; Male; Middle Aged; Sex Factors; Travel; Young Adult",Journal Article,yes
23412839,"Rapid detection of norovirus in naturally contaminated food: foodborne gastroenteritis outbreak on a cruise ship in Brazil, 2010.",Morillo SG; Luchs A; Cilli A; do Carmo Sampaio Tavares Timenetsky M,Food and environmental virology,2012-Sep,2012,10.1007/s12560-012-9085-x,"Norovirus (NoV) is a prevalent pathogen of foodborne diseases; however, its detection in foods other than shellfish is often time consuming and unsuccessful. In 2010, an outbreak of acute gastroenteritis occurred on a cruise ship in Brazil, and NoV was the etiologic agent suspected. The objectives of this study were to report that a handy in-house methodology was suitable for NoV detection in naturally contaminated food, and perform the molecular characterization of food strains. Food samples (blue cheese, Indian sauce, herbal butter, soup, and white sauce) were analyzed by ELISA, two methods of RNA extraction, TRIzol(®) and QIAamp(®), following conventional RT-PCR. The qPCR was used in order to confirm the NoV genogroups. GI and GII NoV genogroups were identified by conventional RT-PCR after RNA extraction by means of the TRIzol(®) method. Two GII NoV samples were successfully sequenced, classified as GII.4; and they displayed a genetic relationship with strains from the Asian continent also isolated in 2010. GII and GI NoV were identified in distinct food matrices suggesting that it was not a common source of contamination. TRIzol(®) extraction followed by conventional RT-PCR was a suitable methodology in order to identify NoV in naturally contaminated food. Moreover, food samples could be processed within 8 h indicating the value of the method used for NoV detection, and its potential to identify foodborne gastroenteritis outbreaks in food products other than shellfish. This is the first description in Brazil of NoV detection in naturally contaminated food other than shellfish involved in a foodborne outbreak.","Brazil; Disease Outbreaks; Food Contamination; Food Microbiology; Foodborne Diseases; Gastroenteritis; Humans; Norovirus; RNA, Viral; Reverse Transcriptase Polymerase Chain Reaction; Sequence Analysis, DNA; Shellfish; Ships",Journal Article,yes
23241233,"Cluster of invasive Neisseria meningitidis infections on a cruise ship, Italy, October 2012.",Stefanelli P; Fazio C; Neri A; Isola P; Sani S et al.,Euro surveillance : bulletin Europeen sur les maladies transmissibles = European communicable disease bulletin,2012-Dec,2012,,We describe a cluster of four cases of invasive meningococcal disease that occurred on a cruise ship sailing along the Italian coast in October 2012. All four cases were hospitalised with severe illness and one of them died. This report illustrates the importance of rapid implementation of emergency control measures such as administration of prophylaxis to all crew members and passengers to prevent the spread of the disease in such a close environment.,"Adult; Anti-Infective Agents; Cerebrospinal Fluid; Female; Hospitalization; Humans; Italy; Male; Meningococcal Infections; Microbial Sensitivity Tests; Middle Aged; Multilocus Sequence Typing; Neisseria meningitidis, Serogroup C; Severity of Illness Index; Ships; Tandem Repeat Sequences; Travel; Treatment Outcome","Case Reports; Journal Article; Research Support, Non-U.S. Gov't",yes
22776384,"Measles, rubella, and varicella among the crew of a cruise ship sailing from Florida, United States, 2006.",Mitruka K; Felsen CB; Tomianovic D; Inman B; Street K et al.,Journal of travel medicine,2012-Jul,2012,10.1111/j.1708-8305.2012.00620.x,"Cruise ship outbreaks of vaccine-preventable diseases (VPD) such as rubella and varicella have been previously associated with introduction and spread among susceptible crew members originating from countries with endemic transmission of these diseases. During February to April 2006, we investigated a cluster of rash illnesses due to measles, rubella, or varicella on a cruise ship sailing from Florida to the Caribbean. Case-finding measures included review of medical logs, active surveillance for rash illness among crew members, and passive surveillance for rash illness in the ship's infirmary lasting two incubation periods from the last case of measles. Passengers with potential exposure to these VPD were notified by letters. All susceptible crew members with potential exposure were administered the measles, mumps, and rubella vaccine after informed consent. A total of 16 cases were identified only among crew members: 1 rubella, 3 measles (two-generation spread), 11 varicella (three-generation spread), and 1 unknown diagnosis. Of 1,197 crew members evaluated, 4 had proof of immunity to measles and rubella. Based on passive surveillance, no cases were identified among passengers, the majority of whom resided in the United States. The international makeup of the population aboard cruise ships combined with their semi-enclosed environment has the potential to facilitate introduction and spread of VPD such as measles, rubella, and varicella onboard and into communities. Cruise lines should ensure crew members have evidence of immunity to these diseases. Passengers should be up to date with all vaccinations, including those that are travel-specific, prior to embarking on cruise travel.",Adult; Caribbean Region; Chickenpox; Florida; Humans; Measles; Naval Medicine; Rubella; Ships; Travel,Journal Article,yes
22687637,An outbreak of Cyclospora infection on a cruise ship.,Gibbs RA; Nanyonjo R; Pingault NM; Combs BG; Mazzucchelli T et al.,Epidemiology and infection,2013-Mar,2013,10.1017/S0950268812001197,"In 2010, an outbreak of cyclosporiasis affected passengers and crew on two successive voyages of a cruise ship that departed from and returned to Fremantle, Australia. There were 73 laboratory-confirmed and 241 suspected cases of Cyclospora infection reported in passengers and crew from the combined cruises. A case-control study performed in crew members found that illness was associated with eating items of fresh produce served onboard the ship, but the study was unable conclusively to identify the responsible food(s). It is likely that one or more of the fresh produce items taken onboard at a south-east Asian port during the first cruise was contaminated. If fresh produce supplied to cruise ships is sourced from countries or regions where Cyclospora is endemic, robust standards of food production and hygiene should be applied to the supply chain.",Case-Control Studies; Cyclospora; Cyclosporiasis; Disease Outbreaks; Feces; Female; Fruit; Humans; Male; Ships; Travel; Vegetables,"Journal Article; Research Support, Non-U.S. Gov't",yes
22608187,Water Safety Plan on cruise ships: a promising tool to prevent waterborne diseases.,Mouchtouri VA; Bartlett CL; Diskin A; Hadjichristodoulou C,The Science of the total environment,2012-Jul,2012,10.1016/j.scitotenv.2012.04.018,"Legionella spp. and other waterborne pathogens have been isolated from various water systems on land based premises as well as on ships and cases of Legionnaires' disease have been associated with both sites. Peculiarities of cruise ships water systems make the risk management a challenging process. The World Health Organization suggests a Water Safety Plan (WSP) as the best approach to mitigate risks and hazards such as Legionella spp. and others. To develop WSP on a cruise ship and discuss challenges, perspectives and key issues to success. Hazards and hazardous events were identified and risk assessment was conducted of the ship water system. Ship company management, policies and procedures were reviewed, site visits were conducted, findings and observations were recorded and discussed with engineers and key crew members were interviewed. A total of 53 hazards and hazardous events were taken into consideration for the risk assessment and additional essential barriers were established when needed. Most of them concerned control measures for biofilm development and Legionella spp. contamination. A total of 29 operational limits were defined. Supplementary verification and supportive programs were established. Application of the WSP to ship water systems, including potable water, recreational water facilities and decorative water features and fountains, is expected to improve water management on ships. The success of a WSP depends on support from senior management, commitment of the Captain and crew members, correct execution of all steps of a risk assessment and practicality and applicability in routine operation. The WSP provides to shipping industry a new approach and a move toward evidence based water safety policy.",Humans; Legionnaires' Disease; Risk Assessment; Safety; Ships; Water Microbiology; Water Supply,"Journal Article; Research Support, Non-U.S. Gov't",yes
22558906,Pandemic planning as risk management: how fared the Australian federation?,Carney T; Bailey R; Bennett B,Journal of law and medicine,2012-Mar,2012,,"The role of law in managing public health challenges such as influenza pandemics poses special challenges. This article reviews Australian plans in the context of the H1N1 09 experience to assess whether risk management was facilitated or inhibited by the ""number"" of levels or phases of management, the degree of prescriptive detail for particular phases, the number of plans, the clarity of the relationship between them, and the role of the media. Despite differences in the content and form of the plans at the time of the H1N1 09 emerging pandemic, the article argues that in practice, the plans proved to be responsive and robust bases for managing pandemic risks. It is suggested that this was because the plans proved to be frameworks for coordination rather than prescriptive straitjackets, to be only one component of the regulatory response, and to offer the varied tool box of possible responses, as called for by the theory of responsive regulation. Consistent with the principle of subsidiarity, it is argued that the plans did not inhibit localised responses such as selective school closures or rapid responses to selected populations such as cruise ship passengers.","Australia; Disaster Planning; Humans; Influenza A Virus, H1N1 Subtype; Influenza, Human; Pandemics; Risk Assessment; World Health Organization","Journal Article; Research Support, Non-U.S. Gov't",yes
22414034,"Deaths in international travelers arriving in the United States, July 1, 2005 to June 30, 2008.",Lawson CJ; Dykewicz CA; Molinari NA; Lipman H; Alvarado-Ramy F,Journal of travel medicine,2012,2012,10.1111/j.1708-8305.2011.00586.x,"The Centers for Disease Control and Prevention's (CDC) Quarantine Activity Reporting System (QARS), which documents reports of morbidity and mortality among travelers, was analyzed to describe the epidemiology of deaths during international travel. We analyzed travel-related deaths reported to CDC from July 1, 2005 to June 30, 2008, in which international travelers died (1) on a U.S.-bound conveyance, or (2) within 72 hours after arriving in the United States, or (3) at any time after arriving in the United States from an illness possibly acquired during international travel. We analyzed age, sex, mode of travel (eg, by air, sea, land), date, and cause of death, and estimated rates using generalized linear models. We identified 213 deaths. The median age of deceased travelers was 66 years (range 1-95); 65% were male. Most deaths (62%) were associated with sea travel; of these, 111 (85%) occurred in cruise ship passengers and 20 (15%) among cargo and cruise ship crew members. Of 81 air travel-associated deaths, 77 occurred in passengers, 3 among air ambulance patients, and 1 in a stowaway. One death was associated with land travel. Deaths were categorized as cardiovascular (70%), infectious disease (12%), cancer (6%), unintentional injury (4%), intentional injury (1%), and other (7%). Of 145 cardiovascular deaths with reported ages, 62% were in persons 65 years of age and older. Nineteen (73%) of 26 persons who died from infectious diseases had chronic medical conditions. There was significant seasonal variation (lowest in July-September) in cardiovascular mortality in cruise ship passengers. Cardiovascular conditions were the major cause of death for both sexes. Travelers should seek pre-travel medical consultation, including guidance on preventing cardiovascular events, infections, and injuries. Persons with chronic medical conditions and the elderly should promptly seek medical care if they become ill during travel.","Aged; Aged, 80 and over; Cardiovascular Diseases; Cause of Death; Centers for Disease Control and Prevention, U.S.; Chronic Disease; Communicable Diseases; Comorbidity; Ethnicity; Female; Health Status Indicators; Humans; Infant; Male; Mortality; Risk Factors; Seasons; Survival Analysis; Travel; United States",Journal Article,yes
21429864,"Disease transmission and passenger behaviors during a high morbidity Norovirus outbreak on a cruise ship, January 2009.",Wikswo ME; Cortes J; Hall AJ; Vaughan G; Howard C et al.,Clinical infectious diseases : an official publication of the Infectious Diseases Society of America,2011-May,2011,10.1093/cid/cir144,"Norovirus continues to pose a significant burden on cruise ships, causing an average of 27 confirmed outbreaks annually over the past 5 years. In January 2009, the report of a suspected norovirus outbreak among passengers on a cruise ship prompted an investigation. A retrospective cohort study among passengers was conducted on board the ship. Questionnaires about health care-seeking behaviors, hygiene practices, and possible norovirus exposures were placed in every cabin. Stool samples from several ill passengers were tested for norovirus by quantitative reverse-transcriptase polymerase chain reaction (RT-qPCR) and confirmed by sequence analysis. Of 1842 passengers, 1532 (83.2%) returned questionnaires, and 236 (15.4% of participants) met the case definition. Of these, 95 (40%) did not report to the infirmary. Case passengers were significantly more likely to have an ill cabin mate (relative risk [RR] = 3.0; P < .01) and to have witnessed vomiting during boarding (RR = 2.8; P = .01). Over 90% of all passengers reported increased hand hygiene practices following the outbreak; 38% of ill passengers and 11% of well passengers decreased participation in public activities. Of 14 samples tested, 12 were positive for norovirus by RT-qPCR; 5 of these were confirmed by sequence analysis and typed as GII.4 Minerva. Person-to-person transmission, including an incident of public vomiting during boarding, likely contributed to this high morbidity outbreak. Infirmary surveillance detected only 60% of acute gastroenteritis (AGE) cases involved in this outbreak. Adjustments to outbreak reporting thresholds may be needed to account for incomplete voluntary AGE reporting and to more rapidly implement control measures.","Adolescent; Adult; Aged; Aged, 80 and over; Caliciviridae Infections; Child; Child, Preschool; Cohort Studies; Disease Outbreaks; Female; Gastroenteritis; Humans; Male; Morbidity; Norovirus; Retrospective Studies; Reverse Transcriptase Polymerase Chain Reaction; Seasons; Ships; Travel; Young Adult","Journal Article; Research Support, U.S. Gov't, P.H.S.",yes
22544501,Varicella at sea: a two-year study on cruise ships.,Acevedo F; Diskin AL; Dahl E,International maritime health,2011,2011,,"Being highly contagious by person-to-person transmission, varicella can easily spread within the multinational population of a cruise ship and into communities ashore. The aim of the study was to report the prevalence of varicella infections in a fleet of cruise ships during a two-year period and to discuss measures to prevent and contain shipboard outbreaks. All probable varicella cases among passengers and crew on 34 cruise ships were registered for 2 years by the medical facilities onboard. Patients remained isolated until 6 days after rash onset. Susceptible contacts were identified and offered post-exposure prophylaxis. Crew nationality, number of vaccinated contacts, and direct vaccination costs were registered. During two years 187 varicella cases (36 passengers, 151 crew) were registered and 2,685 varicella vaccinations were administered at an estimated direct vaccination cost of US $ 283,832. Of the 34 ships, only 3 reported no cases of varicella. There were 8 clusters ('outbreaks') of ≥ 5 varicella cases presenting less than 42 days apart, comprising a total of 89 patients. While > 130 nations were represented among the crew, the 151 crew cases came from 26 countries, and 88 (58%) of them came from 5 sub-tropical/tropical countries. All cruise vessels must expect to encounter varicella cases or outbreaks onboard every few years. Every varicella case can start an outbreak and thus trigger several time-consuming and expensive containment measures, including isolation and mass vaccination of susceptible contacts. Mandatory pre-contract evidence of varicella immunity from all seafarers or from subgroups according to position or nationality might be worth considering. Seafarers known to be immune to varicella should always carry valid documentation while traveling.",Chickenpox; Chickenpox Vaccine; Disease Outbreaks; Global Health; Humans; Occupational Health; Risk Assessment; Ships; Time Factors; Travel,Journal Article,yes
21135680,Individualizing a capstone project: a cruise ship nurse creates a brochure about the Norwalk virus.,Campbell WT; Benn S,Nurse educator,2011,2011,10.1097/NNE.0b013e3182001e42,"An MS capstone is a summative academic project where the student is expected to combine personal experience, previous nursing knowledge, and newly acquired graduate nursing skills and integrate them into practice. The authors discuss the challenges of a capstone project from the committee chair and student perspectives. This family nurse practitioner student was a cruise ship nurse who identified a need related to the Norwalk virus. The committee chair needed to direct the student through the capstone formal process while helping her to create a professional brochure to educate future travelers.","Caliciviridae Infections; Education, Nursing, Graduate; Gastroenteritis; Health Education; Humans; Mid-Atlantic Region; Naval Medicine; Norwalk virus; Nurse Practitioners; Pamphlets",Journal Article,no
21029531,Outbreaks of pandemic (H1N1) 2009 and seasonal influenza A (H3N2) on cruise ship.,Ward KA; Armstrong P; McAnulty JM; Iwasenko JM; Dwyer DE,Emerging infectious diseases,2010-Nov,2010,10.3201/eid1611.100477,"To determine the extent and pattern of influenza transmission and effectiveness of containment measures, we investigated dual outbreaks of pandemic (H1N1) 2009 and influenza A (H3N2) that had occurred on a cruise ship in May 2009. Of 1,970 passengers and 734 crew members, 82 (3.0%) were infected with pandemic (H1N1) 2009 virus, 98 (3.6%) with influenza A (H3N2) virus, and 2 (0.1%) with both. Among 45 children who visited the ship's childcare center, infection rate for pandemic (H1N1) 2009 was higher than that for influenza A (H3N2) viruses. Disembarked passengers reported a high level of compliance with isolation and quarantine recommendations. We found 4 subsequent cases epidemiologically linked to passengers but no evidence of sustained transmission to the community or passengers on the next cruise. Among this population of generally healthy passengers, children seemed more susceptible to pandemic (H1N1) 2009 than to influenza (H3N2) viruses. Intensive disease control measures successfully contained these outbreaks.","Adult; Aged; Child; Child, Preschool; Disease Outbreaks; Female; Humans; Influenza A Virus, H1N1 Subtype; Influenza A Virus, H3N2 Subtype; Influenza, Human; Male; Middle Aged; Quarantine; Ships",Journal Article,yes
20496326,Varicella among seafarers: a case study on testing and vaccination as a cost-effective method of prevention.,Idnani N,International maritime health,2010,2010,,"Many individuals together in semi-confined settings increase the risk of outbreaks of infectious diseases. A single case of varicella on a cruise ship can thus result in rapid spread and elevated costs for the cruise provider in terms of repatriation, ship diversion, law suits, and loss in current and potential future revenue. Control of varicella involves attention to good personal hygiene, safe food and water handling, and use of vaccine. To test crewmembers during their pre-employment medical examination to determine who might be susceptible to contract varicella if exposed, to vaccinate those at risk, and to see whether the benefits of testing and vaccination outweigh the costs. Tests were conducted on 121 Indian seafarers for varicella IgG and IgM antibodies during their pre-employment medical examination in Mumbai and Goa from December 1st to December 23rd 2008. Cases without IgG antibodies to varicella (IgG negative) were administered vaccine. Twenty (16.5%) seafarers who tested IgG negative and one who tested equivocally were administered the vaccine. One hundred (82.7%) tested positive for IgG antibodies and were therefore not vaccinated. None tested positive for IgM antibodies, indicating no active infection. One in six Indian seafarers tested IgG negative and was thus at risk to contract varicella if exposed. Testing for varicella IgG and IgM antibodies, followed by vaccination when necessary, is a costeffective method to prevent an expensive outbreak in the semi-confined setting of a cruise ship and is recommended as a mandatory part of the pre-employment medical examination for Indian seafarers.",Adult; Chickenpox; Cost-Benefit Analysis; Employment; Humans; Immunization; Leisure Activities; Male; Mass Screening; Occupational Health; Ships; Young Adult,Case Reports; Journal Article,yes
20496320,Passenger accidents and injuries reported during 3 years on a cruise ship.,Dahl E,International maritime health,2010,2010,,"The objective was to register and analyze data from all passenger injuries reported to the medical centre of a cruise ship with a median passenger load of 719 per day during a three-year period, and to determine high risk areas, equipment, and behaviour. All reported passenger injuries were registered at first visit. An injury was 'serious' if it led to hospitalization ashore or if full recovery was not expected within two weeks. During 3 years, 663 injuries (62.7% women) were reported aboard; 12.5% were classified as serious. The victims' median age was 72 (range: 1-97) years. The incidence rate was 0.8 injuries per 1000 passenger-days. Most victims (65.3%) suffered injuries aboard, 3.6% on tenders, and 31.1% ashore. The most common accident locations aboard were cabins (20.1%) and bathrooms (13.4), and ashore, streets (29.6%) and buses (16.1%). Slips/trips/falls caused 44.8% of injuries aboard and 69.4% ashore (p < 0.001). The most frequently injured body part was the lower extremity (43.0%), and open wounds the most common injury type (41.6%). More wounds and fractures/dislocations occurred ashore than aboard (p < 0.05). Only 2% were hospitalized in port, while 5% were referred to specialists in local ports and returned to the ship. There were no helicopter evacuations or ship diversions. Passenger injuries contribute considerably to the workload of the medical team aboard. A well-equipped, competent medical staff will effectively treat most injuries aboard and thus reduce the number of costly and inconvenient helicopter evacuations, ship diversions, port referrals, and medical disembarkations.","Accidents; Adolescent; Adult; Aged; Aged, 80 and over; Child; Child, Preschool; Female; Humans; Infant; Leisure Activities; Male; Middle Aged; Registries; Ships; Trauma Severity Indices; Wounds and Injuries; Young Adult",Journal Article,no
20359496,Norovirus outbreak in a cruise ship sailing around the British Isles: investigation and multi-agency management of an international outbreak.,Vivancos R; Keenan A; Sopwith W; Smith K; Quigley C et al.,The Journal of infection,2010-Jun,2010,10.1016/j.jinf.2010.03.018,"Managing an outbreak of gastroenteritis (GI) on board a cruise ship while minimising disruption to passengers' on board and shore visit activities is difficult. For this reason it is important to understand the complex patterns of transmission in a closed community. We describe the epidemiological investigation of an outbreak of norovirus during an international cruise. A retrospective cohort study was conducted using information from lists routinely maintained by the travel company, including the passenger manifest, and organised coach tour lists. Information on air-conditioning (AC) systems was used to assess the possible sources of exposures. Of the 1194 passengers 191 (16%) and 5 crew (<1%) became ill with GI symptoms. The attack rate was higher amongst passengers whose cabin was on the main deck (RR 3.41, 95% CI 1.47-7.94) that houses both passengers' cabins and leisure facilities including shops. Passengers who went on one of the organised coach tours where there were symptomatic passengers were at an increased risk of infection (RR 2.14, CI 1.51-3.03). Analysis of the 56 AC sections on the ship and did not detect an association with infection. Patterns of transmission of norovirus on a cruise ship are complex. Our study suggests infections are more likely among those passengers staying in areas of the ship that are highly transited or used for communal activities and more difficult to clean. Emphasis on the importance of early reporting of symptoms can help minimise transmission. Internationally agreed guidelines on the management of outbreaks on cruise ships are needed.","Adult; Aged; Caliciviridae Infections; Cluster Analysis; Disease Outbreaks; Disease Transmission, Infectious; Female; Gastroenteritis; Global Health; Humans; Male; Middle Aged; Norovirus; Risk Factors; Ships; Travel; United Kingdom",Journal Article,yes
20102910,Cardiovascular emergencies in cruise ship passengers.,Novaro GM; Bush HS; Fromkin KR; Shen MY; Helguera M et al.,The American journal of cardiology,2010-Jan,2010,10.1016/j.amjcard.2009.09.004,"More than 10 million people, many elderly and likely to harbor cardiovascular (CV) disease, embark on cruise ship travel worldwide every year. The clinical presentation and outcome of CV emergencies presenting during cruise ship travel remain largely unknown. Our department provides contracted cardiology consultations to several large cruise lines. We prospectively maintained a registry of all such consultations during a 2-year period. One hundred consecutive patients were identified (age 66 +/- 14 years, range 18 to 90, 76% men). The most common symptom was chest pain (50%). The most common diagnosis was acute coronary syndrome (58%; ST elevation in 21% and non-ST elevation in 37%). On-board mortality was 3%. Overall, 73% of patients required hospital triage. Of the 25 patients triaged to our institution, 17 underwent a revascularization procedure. One patient died. Ten percent of patients had cardiac symptoms in the days or weeks before boarding; all required hospital triage. Access to a baseline electrocardiogram would have been clinically useful in 23% of cases. In conclusion, CV emergencies, such as acute coronary syndrome and heart failure, are not uncommon on cruise ships. They are often serious, requiring hospital triage and coronary revascularization. A pretravel medical evaluation is recommended for passengers with a cardiac history or a high-risk profile. Passengers should be encouraged to bring a copy of their electrocardiogram on board if abnormal. Cruise lines should establish mechanisms for prompt consultation and triage.","Adolescent; Adult; Aged; Aged, 80 and over; Cardiovascular Diseases; Cohort Studies; Emergencies; Female; Hospital Mortality; Humans; Length of Stay; Male; Middle Aged; Needs Assessment; Retrospective Studies; Risk Factors; Ships; Travel; Young Adult",Journal Article,no
19891860,Hepatitis E outbreak on cruise ship.,Said B; Ijaz S; Kafatos G; Booth L; Thomas HL et al.,Emerging infectious diseases,2009-Nov,2009,10.3201/eid1511.091094,"In 2008, acute hepatitis E infection was confirmed in 4 passengers returning to the United Kingdom after a world cruise. Epidemiologic investigation showed that of 789 persons who provided blood samples, 195 (25%) were seropositive, 33 (4%) had immunoglobulin [Ig] M levels consistent with recent acute infection (11 of these persons were symptomatic), and 162 (21%) had IgG only, consistent with past infection. Passenger mean age was 68 years. Most (426/789, 54%) passengers were female, yet most with acute infection (25/33, 76%) were male. Sequencing of RNA from 3 case-patients identified hepatitis E virus genotype 3, closely homologous to genotype 3 viruses from Europe. Significant association with acute infection was found for being male, drinking alcohol, and consuming shellfish while on board (odds ratio 4.27, 95% confidence interval 1.23-26.94, p = 0.019). This was probably a common-source foodborne outbreak.","Adult; Aged; Aged, 80 and over; Antibodies, Viral; Disease Outbreaks; Female; Food Microbiology; Genotype; Hepatitis E; Hepatitis E virus; Humans; Immunoglobulin G; Immunoglobulin M; Male; Middle Aged; Public Health; RNA, Viral; Risk Factors; Seafood; Shellfish; Ships; Travel; United Kingdom; Young Adult",Journal Article,yes
19814610,Cruise ship environmental hygiene and the risk of norovirus infection outbreaks: an objective assessment of 56 vessels over 3 years.,Carling PC; Bruno-Murtha LA; Griffiths JK,Clinical infectious diseases : an official publication of the Infectious Diseases Society of America,2009-Nov,2009,10.1086/606058,"Norovirus infection outbreaks (NoVOs) occur frequently in closed populations, such as cruise ship passengers. Environmental contamination is believed to play an important role in NoVO propagation. Trained health care professionals covertly evaluated the thoroughness of disinfection cleaning (TDC) of 6 standardized objects (toilet seat, flush handle or button, toilet stall inner handhold, stall inner door handle, restroom inner door handle, and baby changing table surfaces) with high potential for fecal contamination in cruise ship public restrooms, by means of a previously validated novel targeting method. Fifty-six cruise ships (approximately 30% of 180 vessels operated by 9 large cruise lines) were evaluated from July 2005 through August 2008. Overall, 37% (range, 4%-100%; 95% confidence interval, 29.2%-45.4%) of 8344 objects in 273 randomly selected public restrooms were cleaned daily. The TDC did not differ by cruise line and did not correlate with the Centers for Disease Control and Prevention (CDC) Vessel Sanitation Program inspection scores (r(2), .002; P = .75). More than half the vessels had overall TDC scores <30%, although several of these low-scoring ships had near-perfect CDC sanitation scores. The mean TDC of the 3 ships evaluated within 4 months before a NoVO (10.3%) was substantially less than the mean TDC of the 40 ships that did not experience NoVOs (40.4%) (P < .004). An objective evaluation of public restroom environmental hygiene on 56 cruise ships found that only 37% of selected toilet area objects were cleaned on a daily basis. Low TDC scores may predict subsequent NoVO-prone vessels. Enhanced public restroom cleaning may prevent or moderate NoVOs on cruise ships.","Caliciviridae Infections; Centers for Disease Control and Prevention, U.S.; Communicable Disease Control; Disease Outbreaks; Gastroenteritis; Humans; Norovirus; Risk Factors; Sanitation; Ships; Time Factors; Travel; United States",Journal Article,yes
19497487,Posttraumatic appendicitis: further extending the extended Focused Assessment with Sonography in Trauma examination.,Derr C; Goldner DE,The American journal of emergency medicine,2009-Jun,2009,10.1016/j.ajem.2008.09.014,"Several cases of appendicitis after blunt abdominal trauma have been reported in the literature. A 41-year-old man on a cruise ship began to experience acute abdominal pain several hours after cliff diving from a 20-ft height and landing hard against the water on his right side. The patient's symptoms were treated and he remained on the ship until its scheduled arrival in port 2 days later. In the emergency department, a bedside extended Focused Assessment with Sonography in Trauma (eFAST) examination showed no evidence of free fluid in the abdominal cavity, pericardial effusion, or pneumothorax. Next, an ultrasound of the right lower quadrant was performed, which revealed a 1.06 cm, noncompressible appendix consistent with appendicitis. Although physical examination remains the gold standard for evaluation of the acute abdomen, the presentation of acute appendicitis is historically unreliable and delays in its diagnosis can result in significant increases in morbidity and mortality. Ultrasonography has been shown to have clear value in the evaluation of the acute abdomen. It is the authors' opinion that ultrasonography may have an unrealized potential as a diagnostic tool for traumatic appendicitis in the trauma bay and as a triage tool for the cruise ship physician who must evaluate a patient with traumatic abdominal pain and determine the need for medical evacuation.","Abdomen, Acute; Adult; Appendectomy; Appendicitis; Diagnosis, Differential; Diving; Humans; Laparoscopy; Male; Ultrasonography",Case Reports; Journal Article,no
19475614,Tracking the transmission routes of genogroup II noroviruses in suspected food-borne or environmental outbreaks of gastroenteritis through sequence analysis of the P2 domain.,Xerry J; Gallimore CI; Iturriza-Gómara M; Gray JJ,Journal of medical virology,2009-Jul,2009,10.1002/jmv.21517,"The aim of this study was to apply sequence analysis of a hyper variable region of the norovirus (NoV) genome in order to identify point source outbreaks associated with suspect food or water. The hyper-variable region of the gene encoding the P2 domain was chosen as small differences in sequence are likely to indicate virus from different sources whereas identical sequence may reveal transmission routes and the source of contamination. Strains with 100% similarity were considered as originating from a common source, whereas, strains with one or more mutations in the hyper variable region sequenced were regarded as representing unrelated transmission events. This study was able to identify a point source outbreak of a dominant strain, GII-4, on a cruise ship but also of a less common strain, GII-2, between two schools. Also identical GII-3 strains were demonstrated in food handlers amongst the same outbreak; however epidemiologically related outbreaks showed different GII-3 strains indicating multiple sources of contamination.",Caliciviridae Infections; Cluster Analysis; Disease Outbreaks; Environmental Microbiology; Foodborne Diseases; Gastroenteritis; Genotype; Humans; Molecular Epidemiology; Molecular Sequence Data; Norovirus; Sequence Analysis; Sequence Homology,Journal Article,yes
19227739,Interpopulation study of medical attendance aboard a cruise ship.,Tomaszewski R; Nahorski WL,International maritime health,2008,2008,,"The study carried out aboard a cruise ship in the years 1993-1998 involved ship passengers of various nationalities including 3872 Germans aged 23-94 years and 1281 Americans aged 25-94 years. Both nationality groups were divided into two age subgroups: till 64, and 65-94 years. The German younger age subgroup (mean age 53.2 years) consisted of 59% of the passengers, whereas the 65-94 years subgroup (mean age 72 years) was made up of 41% of the ships passengers. On the other hand, 73% of the Americans belonged to the 65-94 years subgroup (mean age 73,4 years), whereas 27% to the younger one (mean age 52.8 years). The number of onboard consultations and their causes were determined. The occurrence of chronic illnesses in both 65-94 years subgroups was assessed by means of a questionnaire. A higher frequency of consultations was found in the Germans (24.38%) than in the Americans (14.05%) (p=0.001). The difference was particularly striking in the people over 65 years of age (30.87% of the Germans as compared with 14.22% of the Americans, p=0.001). The Germans were nearly 4-times more frequently seen than the Americans for cardio-vascular diseases and almost 3-times more often because of gastrointestinal disorders. The discrepancies in the consultation rates were mainly caused by the different insurance systems of both nations. Chronic illnesses as estimated by means of the questionnaire prevailed in the German passengers. The statistically significant differences (13.3% versus 20%, p=0.01 and 0.001) regarded the locomotor system, urinary tract diseases and a group of illnesses including neurological, ophthalmological, ear, skin, malignant diseases and diabetes.","Adult; Age Distribution; Aged; Aged, 80 and over; Emergency Medical Services; Female; Gastrointestinal Diseases; Germany; Health Status; Heart Diseases; Humans; Male; Middle Aged; Referral and Consultation; Risk Factors; Ships; Travel; United States",Comparative Study; Journal Article,no
19227735,Crew accidents reported during 3 years on a cruise ship.,Dahl E; Ulven A; Horneland AM,International maritime health,2008,2008,,"To register and analyze data from all crew injuries reported to the medical center of a cruise ship with a median crew of 630 during a three-year period and to determine high risk areas, equipment and behavior. All crew injuries reported to the medical center aboard were registered on a standardized form at first visit. An injury was classified at follow-up as 'lost time accident' (LTA) if it caused the victim to be off work for more than one day and/or to be signed off for medical attention (medical sign-off). During 3 years, 361 injuries (23% women) were reported aboard. Thirty percent were LTA. The marine department accounted for 14% (deck 5%; engine 9%), the hotel'department for 79% and contractors for 7% of the reports. Filipinos comprised half the crew, reported 35% of the accidents, and their rate of serious injuries were lower than non-Filipino crew (p<0.01). Hotel crew had a higher rate of LTA occurring during work than marine crew (p<0.05). The dancers' rate of serious injuries was higher than other hotel crew (p<0.05) and marine crew (p<0.01). The upper extremity was the most frequently injured body part (51%), open wounds the most common injury type (37%), and galleys the most common accident location (30%). Less than one in ten reported injuries caused medical sign-off. Well-equipped, competent medical staff aboard can after crew injury effectively reduce time off work, as well as number of referrals to medical specialists ashore, helicopter evacuations and ship diversions, and medical sign-off.","Accidents, Occupational; Adult; Bahamas; Female; Humans; Male; Middle Aged; Occupational Diseases; Occupational Exposure; Occupational Health; Ships; Sick Leave; Travel; Wounds and Injuries",Journal Article,no
18687154,Gastrointestinal illness associated with a long-haul flight.,Holmes JD; Simmons GC,Epidemiology and infection,2009-Mar,2009,10.1017/S0950268808001027,"An in-flight incident of vomiting in the cabin and toilet on a trans-Pacific aircraft flight resulted in an outbreak of gastrointestinal (GI) illness among passengers, some of whom subsequently joined a 14-day cruise in New Zealand and Australia. A retrospective cohort analysis of illness occurring in aircraft passengers was undertaken using routine GI illness surveillance data collected by medical staff on a cruise vessel. This was supplemented with data collected from some other passengers and crew on the aircraft. Information was gathered on 224 of the 413 (54.2%) people on the flight (222 passengers and 2 crew members). GI illness within 60 h of arrival in Auckland was reported by 41 of the 122 (33.6%, Fisher's 95% confidence interval 25.3-42.7) passengers seated in the two zones adjacent to the vomiting incident. The pattern of illness suggests a viral infection and highlights the potential of aerosol transmission as well as surface contamination in a closed environment. The spread of infection may have been enhanced by cross-contamination in the toilet cubicle. The significance of the vomiting event was not recognized by the aircraft cabin crew and no pre-arrival information about on-board illness was given to airport health authorities. Isolation of vomiting passengers, where possible, and promotion of appropriate hand hygiene on aircraft has the potential to reduce the spread of infection in passengers on long-haul flights.",Air Microbiology; Aircraft; Australia; Disease Outbreaks; Gastroenteritis; Humans; New Zealand; Retrospective Studies; Ships; Vomiting,Journal Article,yes
18494695,"Passenger behaviors associated with norovirus infection on board a cruise ship--Alaska, May to June 2004.",Chimonas MA; Vaughan GH; Andre Z; Ames JT; Tarling GA et al.,Journal of travel medicine,2008,2008,10.1111/j.1708-8305.2008.00200.x,"During May 2004, the Vessel Sanitation Program (VSP) investigated an outbreak of norovirus gastroenteritis on board a cruise ship sailing in Alaska waters. The objectives were to identify a common food item source and explore behavioral risk factors for person-to-person transmission among passengers. A case was defined as three or more episodes of loose stools within 24 hours or two or fewer episodes of loose stools accompanied by one or more episodes of vomiting. Vomitus and stool samples from affected passengers were tested for norovirus by reverse transcriptase-polymerase chain reaction. Environmental health officers performed an environmental investigation following VSP protocol. Questionnaires about food items consumed and behavioral risk factors were placed in cabin mailboxes (n = 2,018). A case-control study design using multivariable logistic regression tested associations between risk factors and disease. A total of 359 passengers (24.1% of respondents) met the case definition. Four of seven clinical specimens tested positive for norovirus. No significant deficiencies in environmental health practices were identified, and no meal servings were associated with disease. Having a cabin mate sick with diarrhea or vomiting [odds ratio (OR): 3.40; 95% confidence interval (CI) = 1.80-6.44] and using a specific women's toilet that was contaminated with vomit (OR: 5.13; 95% CI = 1.40-18.78) were associated with disease. Washing hands before meals was protective (OR: 0.25; 95% CI = 0.12-0.54) against disease. Widespread person-to-person norovirus outbreaks can occur on board cruise ships, even with appropriate environmental health practices. Programs to prevent and control norovirus outbreaks on board cruise ships should involve strategies that disrupt person-to-person spread and emphasize hand washing.","Acute Disease; Adult; Aged; Alaska; Caliciviridae Infections; Diarrhea; Disease Outbreaks; Environmental Exposure; Female; Food Contamination; Gastroenteritis; Health Behavior; Health Knowledge, Attitudes, Practice; Humans; Male; Middle Aged; Ships; Surveys and Questionnaires; Travel",Journal Article,yes
18494694,Passenger behaviors during norovirus outbreaks on cruise ships.,Neri AJ; Cramer EH; Vaughan GH; Vinjé J; Mainzer HM,Journal of travel medicine,2008,2008,10.1111/j.1708-8305.2008.00199.x,"Norovirus causes a majority of outbreaks of gastrointestinal (GI) illness on cruise ships calling on the United States. Control measures include patient isolation, hand washing, and facility closure. Little is known about the behaviors and practices of people who have become ill with norovirus GI illness compared to those who remained well during an outbreak. Passenger surveys were distributed during three cruise ship outbreaks caused by norovirus. Surveys inquired about illness symptoms, ill contacts, illness reporting status, hand sanitation beliefs and practices, and availability of public hand sanitizer. A case was a passenger reporting three or more episodes of loose stool in a 24-hour period, three or more episodes of vomiting in a 24-hour period, or one or more episodes each of loose stool and vomiting in a 24-hour period. Controls reported that they were not ill during the cruise. In total, 1,323 responses were compared. All ships had passengers who were ill prior to embarkation. Most cases delayed or did not report their illness to the ship's infirmary because they did not believe it was serious (43%-70% of responses). Cases were less likely to believe that isolation was effective in preventing disease spread [Mann-Whitney-Wilcoxon (MWW) p value <0.0001]. Cases were less likely to believe that hand washing or hand sanitizer are effective means of preventing disease spread (MWW p values 0.002 and 0.04, respectively), wash their hands after restroom use (MWW p value 0.02), or believe that hand sanitizer was available for public use prior to/after knowing about an outbreak (MWW p values 0.002 and 0.03, respectively). Prevention and control of norovirus GI illness may be improved by routine screening of embarking passengers, education about GI illness and its impact on public health, a focus on improving hand-washing practices, and identification of public hand sanitizer dispensing locations.","Adult; Caliciviridae Infections; Diarrhea; Disease Outbreaks; Environmental Exposure; Female; Food Contamination; Gastroenteritis; Health Behavior; Health Knowledge, Attitudes, Practice; Humans; Incidence; Male; Middle Aged; Norovirus; Sanitation; Ships; Surveys and Questionnaires; United States",Journal Article,yes
18486072,Illness and injury to travellers on a premium expedition to Iceland.,Shaw MT; Leggat PA,Travel medicine and infectious disease,2008-May,2008,10.1016/j.tmaid.2008.02.003,"Commercial expeditions provide an opportunity for travellers to undertake various specialised travel to more adventurous and extreme destinations in the relative security of an expeditionary group with medical cover provided by an expedition physician. Little is known about the illnesses and injuries occurring on premium expeditions. The present study was designed to investigate the prevalence of health problems suffered by travellers on a premium expedition to Iceland and the Arctic Circle. In 2004, the expedition physician diagnosed and recorded all illnesses and injuries amongst 45 travellers on a premium expedition to Iceland. Information recorded included age, sex, number of days into the expedition, the nature of the presenting illness, the assessment of the condition and the treatment employed. The period of the expedition was for 18 days and travel was by chartered aircraft, cruise ship and bus. Thirty-one (69%) travellers sought medical advice at least once for a total of 54 consultations (mean=1.7). Fifty-six health presentations were reported and recorded amongst the travellers. Females presented on 70% occasions, with the average age of expeditioners presenting being 62 years. The types of primary illness diagnosed were largely those related to the following systems: respiratory 34%, gastrointestinal 30%, dermatological 14%, and musculoskeletal 9%, and other problems 13%. Of the gastrointestinal problems, seasickness was the most common single complaint on 27% of occasions, occurring between day 4 and 9, the cruise phase of the journey. In total, the cruise phase accounted for 43 medical presentations with the pre-cruise phase accounting for 11% of them and the post-cruise phase accounting for the remaining 46%. Presentations were highest on day 5. About one third of presentations (34%) were handled conservatively with 23% requiring antiemetics and 6% requiring antibiotics. There were no deaths or other major incidents requiring emergency evacuation or hospitalisation; although 6 accidents were reported. Interestingly, accidents were significantly more likely to occur earlier in the expedition (t-test; t=2.828, df=54, p=0.007). On this premium expedition, the health problems encountered were largely similar to those reported for other expeditions. The most common problems included respiratory, gastrointestinal, dermatological conditions and musculoskeletal conditions in descending order. As well as being part of the service provided to travellers, the inclusion of an expedition physician on this premium expedition increased the independence of the travellers on this journey, yet decreased the reliance on local health services, a source which is often scarce or absent on more remote location expeditions.","Adult; Aged; Aged, 80 and over; Arctic Regions; Female; Humans; Iceland; Male; Middle Aged; Motion Sickness; Travel; Wounds and Injuries",Journal Article,yes
18350976,Dental practice during a world cruise: treatment needs and demands of crew.,Sobotta BA; John MT; Nitschke I,International maritime health,2007,2007,,"To describe dental treatment needs and demands of crew on a cruise ship during a world cruise. The routine dental documentation of a two months period at sea on a cruise ship carrying 999 crew was analysed. Age, gender, diagnosis, treatment performed, percentage of emergency and routine procedures, number of appointments, duration of appointment and time since last visit to the dentist were recorded. Oral health-related quality of life (OHRQoL) was measured using the 14-item Oral Health Impact Profile. Subjects were n = 56 crew with a mean age of 37 (+/- 12.0) years. Out of 114 patient contacts n = 29 (25%) were for emergency treatment. Caries and its sequelae accounted for 85% of time spent treating emergencies and 50% of routine treatment time. The two most frequent treatment options during emergency appointments were extractions and endodontics. In routine cases fillings and periodontal treatment were dominating. Per 1000 persons per month crew required 14.5 emergency plus 42.5 routine appointments. 80 % of crew had seen a dentist within 12 months before their shipboard dental appointment. Oral health-related quality of life was most impaired in case of emergency patients with a particular emphasis on the diagnosis of pulpal disease. High numbers of dental emergencies largely due to caries indicated that International Labour Organisation (ILO) recommendations requiring seafarers to be dentally fit were not adhered to. It is suggested that some doctors performing pre-sea medical examinations may not adequately diagnose caries. A pre-sea examination by a dental professional has the potential to reduce the number of emergency port referrals to dentists. Treatment costs and attitude to preventive dental care were identified as barriers impeding the access of low-wage crew to the ship's dental clinic. Cosmetic dentistry and prophylaxis attracted those crew with an interest in prevention and the ability to pay the fees. In large cruise ships there is a substantial demand for both emergency and routine dental care among crew.",Adult; Emergency Treatment; Female; Health Promotion; Humans; Male; Middle Aged; Naval Medicine; Occupational Diseases; Oral Health; Quality of Life; Ships; Tooth Diseases,Journal Article,no
18348387,"Shipshape: sanitation inspections on cruise ships, 1990-2005, Vessel Sanitation Program, Centers for Disease Control and Prevention.",Cramer EH; Blanton CJ; Otto C,Journal of environmental health,2008-Mar,2008,,"In the course of a successful collaboration between the Centers for Disease Control and Prevention (CDC) and the cruise ship industry on reducing common-source outbreaks, CDC's Vessel Sanitation Program (VSP) has expanded its training, education, and cruise ship inspection programs. The study reported here evaluated 15 years of ship sanitation inspection data from the National Center for Environmental Health and assessed performance in specific sanitation categories from 1996 to 2005. During the period 1990-2005, scores from cruise ship environmental sanitation inspections steadily improved. The percentage of inspections with violations decreased among five of nine categories. Those five categories were Washing Facilities, Contact Surfaces, Facility Maintenance, Food Handling, and Communicable Disease Practices. Inspection violations increased proportionally in the categories of Swimming Pools and Water System Protection/Chart Recording. Overall continued good performance in most sanitation categories is likely attributable to on-site training during inspections, improvements in ship construction, and a switch from hot-holding temperatures to time limits as a public health control for foods on display.","Centers for Disease Control and Prevention, U.S.; Communicable Disease Control; Disease Outbreaks; Environmental Monitoring; Food Handling; Humans; Recreation; Sanitation; Ships; Swimming Pools; United States; Water Supply",Journal Article,yes
18216210,Transmission events within outbreaks of gastroenteritis determined through analysis of nucleotide sequences of the P2 domain of genogroup II noroviruses.,Xerry J; Gallimore CI; Iturriza-Gómara M; Allen DJ; Gray JJ,Journal of clinical microbiology,2008-Mar,2008,10.1128/JCM.02240-07,"Tracking the spread of noroviruses during outbreaks of gastroenteritis is hampered by the lack of sequence diversity in those regions of the genome chosen for virus detection and characterization. Sequence analysis of regions of the genes encoding the RNA-dependent RNA polymerase and the S domain of the capsid does not provide sufficient discrimination between genotypically related strains of different outbreaks. However, analysis of sequences derived from the region encoding the P2 domain showed 100% similarity among strains from the same outbreak and <100% similarity among strains of different outbreaks. The prolonged nature of some hospital outbreaks, links between hospitals, and the introduction of multiple strains of a single genotype associated with an outbreak aboard a cruise ship were determined using this method. This provides a powerful tool for tracking outbreak strains and the subsequent analysis and validation of interventions in a background of multiple introductions of virus strains of the same genotype or genetic cluster.","Base Sequence; Caliciviridae Infections; Capsid Proteins; Disease Outbreaks; Feces; Gastroenteritis; Genotype; Hospitals; Humans; Norwalk virus; Phylogeny; Polymerase Chain Reaction; RNA, Viral; Sequence Analysis, DNA; Ships; Species Specificity; United Kingdom",Journal Article,yes
17941403,The Vessel Sanitation Program: government partnering with the cruise ship industry to improve public health.,Beaumier L,Journal of environmental health,2007-Oct,2007,,,"Centers for Disease Control and Prevention, U.S.; Disease Outbreaks; Gastrointestinal Diseases; Government Programs; Humans; Public Health; Sanitation; Ships; United States",Journal Article,no
17868550,Outbreak of respiratory infection on a cruise ship.,Sedgwick J; Joseph C; Chandrakumar M; Harrison T; Lee J et al.,Euro surveillance : bulletin Europeen sur les maladies transmissibles = European communicable disease bulletin,2007-Aug,2007,10.2807/esw.12.32.03246-en,,"Aged; Baltic States; Disease Outbreaks; Female; Humans; Legionnaires' Disease; Male; Middle Aged; Netherlands; Pneumonia; Pulmonary Disease, Chronic Obstructive; Q Fever; Radiography; Respiratory Tract Infections; Ships; Sweden; United Kingdom",Journal Article,yes
17826583,Significant injury in cruise ship passengers a case series.,Bansal V; Fortlage D; Lee JG; Hill LL; Potenza B et al.,American journal of preventive medicine,2007-Sep,2007,10.1016/j.amepre.2007.05.004,"The attention placed on cruise ship infectious epidemics has helped create important preventive strategies in improving food handling, sanitation, and overall cruise ship medical care. However, the incidence of serious injury in cruise ship passengers has never been fully described. In 2006, there was an increase in the number of cruise ship passengers receiving medical care at a Level I trauma center. This report provides a case series analysis of eight patients identified as suffering from significant cruise ship-related injuries. A retrospective, descriptive study design was used. Data on trauma patients transported directly from cruise ships and admitted to a university Level I trauma center in 2003-2006 were reviewed. A total of 2,132 patients were admitted as major trauma resuscitations in 2006. Eight were identified as being injured on a major cruise ship compared to an average of 1.7 patients/year in the preceding 3 years. All but one patient was female. Three patients had significant medical comorbidities. All eight patients suffered injuries from falls, five of which were in stairwells. Concussions were the most common injury. Five patients were discharged to home, two to extended rehabilitation facilities, and one died. In this case series, falls were the sole cause of major injury among cruise ship passengers. Improved surveillance and characterization of injuries among cruise ship passengers is needed to inform safety policies and develop programs to prevent passenger injury.","Accidental Falls; Adult; Aged; Aged, 80 and over; Brain Concussion; Comorbidity; Emergency Service, Hospital; Female; Humans; Male; Middle Aged; Resuscitation; Retrospective Studies; Ships; Trauma Centers; Wounds and Injuries",Case Reports; Journal Article,no
17447712,Injury and illness aboard an Antarctic cruise ship.,Bledsoe GH; Brill JD; Zak D; Li G,Wilderness & environmental medicine,2007,2007,10.1580/06-weme-or-029r.1,"The objective of this study was to determine the incidence and patterns of injury and illness among passengers aboard a cruise ship in Antarctica. Demographic data on passengers were collected for all participants aboard Antarctica cruises on a single ship during the Antarctic summer cruise season of November 2004 through March 2005. Medical logs from each of 11 cruise trips were reviewed for presentation of injuries and illnesses. A total of 1057 passengers were included in the study, of which 47.4% were male. The mean age of the passengers was 54 years (+/- 16.5 years). The overall incidence rate of injury and illness was 21.7 per 1000 person-days. Motion sickness was the most common condition, comprising 42.3% of all medical encounters by the ship physician, followed by infectious diseases (17.2%) and injury (15.0%). The incidence rate of injury increased significantly with age, whereas the incidence rate of motion sickness decreased significantly with age. There was little variation in the incidence and patterns of injury and illness between genders. Most illnesses and injuries were due to the motion of the ship, and a large proportion of the passengers aboard the cruise ship in Antarctica were elderly. Injury among older passengers is of special concern.",Age Factors; Female; Humans; Infections; Male; Middle Aged; Motion Sickness; Ships; Wounds and Injuries,Journal Article,no
17350729,Inactivation of Norovirus by ozone gas in conditions relevant to healthcare.,Hudson JB; Sharma M; Petric M,The Journal of hospital infection,2007-May,2007,10.1016/j.jhin.2006.12.021,"We evaluated the ability of ozone gas to inactivate Norovirus and its animal surrogate feline calicivirus (FCV) in dried samples placed at various locations within a hotel room, a cruise liner cabin and an office. Norovirus was measured by quantitative reverse transcriptase real-time polymerase chain reaction (QRT-PCR) assay, and FCV by a combination of QRT-PCR and virus infectivity assays. We were able to reduce the concentration of infectious FCV by a factor of more than 10(3), and in some cases beyond detection, under optimal conditions of ozone exposure with less than an hour of total operation. QRT-PCR assays indicated similar decreases in both viral RNAs. Virus-containing samples dried onto hard surfaces (plastic, steel and glass), and soft surfaces such as fabric, cotton and carpet, were equally vulnerable to the treatment. Our results show that Norovirus can be inactivated by exposure to ozone gas from a portable commercial generator in settings such as hotel rooms, cruise ship cabins and healthcare facilities.",Caliciviridae Infections; Community-Acquired Infections; Cross Infection; Disinfection; Humans; Norovirus; Ozone; Reverse Transcriptase Polymerase Chain Reaction; Virus Inactivation,Evaluation Study; Journal Article,yes
17109773,"Legionnaires' disease outbreak associated with a cruise liner, August 2003: epidemiological and microbiological findings.",Beyrer K; Lai S; Dreesman J; Lee JV; Joseph C et al.,Epidemiology and infection,2007-Jul,2007,10.1017/S0950268806007473,"Eight cases of Legionnaires' disease were identified among the 215 German passengers after a cruise to the Nordic Sea in August 2003. An unmatched case-control study was conducted to identify risk factors and the source of infection. In total, eight passengers fulfilled the case definition, one of these died. Forty-two passengers served as controls. The attack rate was 4%. The mean age was 60 years for cases and 62 years for controls. Prolonged exposure to the spa pool seemed to be a risk factor of infection (OR 4.85, P=0.09). Legionella pneumophila serogroup 1, monoclonal antibody (mAb) subgroup 'Knoxville' was isolated from clinical and environmental samples. DNA sequence-based typing revealed that these isolates were indistinguishable from each other. The investigation showed the importance of an interdisciplinary approach of microbiology and epidemiology as not all sites on the ship that tested positive for L. pneumophila actually posed a relevant risk for the passengers.",Adult; Aged; Disease Outbreaks; Female; Humans; Legionella pneumophila; Legionnaires' Disease; Male; Middle Aged; Travel; Water Microbiology,Journal Article,yes
16490144,Outbreak of Legionnaires' disease on a cruise ship linked to spa-bath filter stones contaminated with Legionella pneumophila serogroup 5.,Kura F; Amemura-Maekawa J; Yagita K; Endo T; Ikeno M et al.,Epidemiology and infection,2006-Apr,2006,10.1017/S095026880500508X,"In January 2003, two cases of Legionnaires' disease associated with a ship's cruise were registered in the database of National Epidemiological Surveillance of Infectious Diseases. A 70-year-old male heavy smoker with mild emphysema contracted the disease during a cruise. Legionella pneumophila serogroup (sg) 5 was isolated from the patient's sputum and the ship's indoor spa. The isolate from the spa matched the patient's isolate by genotyping performed by pulsed-field gel electrophoresis (PFGE). The second case was in a 73-year-old female. During epidemiological investigation, a third case of Legionnaire's disease in a 71-year-old male was subsequently diagnosed among passengers on the same ship on the following cruise. Environmental investigation revealed that porous natural stones (Maifanshi) in the filters of the spas had harboured L. pneumophila, a phenomenon which has not been reported except in Japan. This is the first documented evidence of L. pneumophila sg 5 infection on a ship and of porous stones as a source of Legionella infection.",Aged; Disease Outbreaks; Female; Filtration; Geological Phenomena; Geology; Humans; Legionella pneumophila; Legionnaires' Disease; Male; Porosity; Recreation; Serologic Tests; Ships; Steam Bath,Case Reports; Journal Article,yes
16476642,"Epidemiology of gastroenteritis on cruise ships, 2001-2004.",Cramer EH; Blanton CJ; Blanton LH; Vaughan GH; Bopp CA et al.,American journal of preventive medicine,2006-Mar,2006,10.1016/j.amepre.2005.10.027,"The incidence of diarrheal disease among cruise ship passengers declined from 29.2 cases per 100,000 passenger days in 1990 to 16.3 per 100,000 passenger days in 2000. In 2002, the Vessel Sanitation Program of the Centers for Disease Control and Prevention reported 29 outbreaks (3% or more passengers ill) of acute gastroenteritis on cruise ships, an increase from 3 the previous year. This analysis of gastroenteritis on cruise ships, conducted in 2005, details the increase in outbreak incidence rates during 2001 through 2004. Using Gastrointestinal Illness Surveillance System data, investigators evaluated incidence rates of gastroenteritis on cruise ships calling on U.S. ports, carrying 13 or more passengers, by cruise length and reporting region during the study period. The investigators also evaluated the association between inspection scores, and gastroenteritis incidence and the frequency of outbreaks in 2001 through 2004. During the study period, the background and outbreak-associated incidence rates of passengers with acute gastroenteritis per cruise were 25.6 and 85, respectively. Acute gastroenteritis outbreaks per 1000 cruises increased overall from 0.65 in 2001 to 5.46 in 2004; outbreaks increased from 2 in 2001 to a median of 15 per year in 2002-2004. Median ship inspection scores remained relatively constant during the study period (median 95 on a 100-point scale), and were not significantly associated with either gastroenteritis incidence rates (risk ratio, 1.00; 95% confidence interval, 0.98-1.02) or outbreak frequency (Spearman's coefficient, 0.01, p=0.84). Despite good performance on environment health sanitation inspections by cruise ships, the expectation of passenger cases of gastroenteritis on an average 7-day cruise increased from two cases during 1990-2000 to three cases during the study period. This increase, likely attributable to noroviruses, highlights the inability of environmental programs to fully predict and prevent risk factors common to person-to-person and fomite spread of disease.",Acute Disease; Communicable Disease Control; Diarrhea; Disease Outbreaks; Environmental Exposure; Gastroenteritis; Humans; Incidence; Poisson Distribution; Population Surveillance; Risk Management; Sanitation; Ships; Time Factors; Travel; United States; United States Public Health Service,Journal Article,yes
16292248,"Cruise-ship--associated Legionnaires disease, November 2003-May 2004.",,MMWR. Morbidity and mortality weekly report,2005-Nov,2005,,"More than 9.4 million passengers traveled on pleasure cruises departing from North American ports in 2004, an increase of 13% since 2003 and 41% since 2001. Cruise ships typically transport closed populations of thousands of persons, often from diverse parts of the world. Travelers are at risk for becoming ill while on board, most commonly from person-to-person spread of viral gastrointestinal illnesses. Certain environmental organisms, such as Legionella spp., pose a risk to vulnerable passengers. During November 2003-May 2004, eight cases of Legionnaires disease (LD) among persons who had recently traveled on cruise ships were reported to CDC. This report describes these cases to raise clinician awareness of the potential for cruise-ship--associated LD and to emphasize the need for identification and reporting of cases to facilitate investigation.",Adult; Aged; Disease Outbreaks; Humans; Legionnaires' Disease; Middle Aged; Ships,Journal Article,yes
16207848,Outbreak of Vibrio parahaemolyticus gastroenteritis associated with Alaskan oysters.,McLaughlin JB; DePaola A; Bopp CA; Martinek KA; Napolilli NP et al.,The New England journal of medicine,2005-Oct,2005,10.1056/NEJMoa051594,"Vibrio parahaemolyticus, the leading cause of seafood-associated gastroenteritis in the United States, typically is associated with the consumption of raw oysters gathered from warm-water estuaries. We describe a recognized outbreak of V. parahaemolyticus infection associated with the consumption of seafood from Alaska. After we received reports of the occurrence of gastroenteritis on a cruise ship, we conducted a retrospective cohort study among passengers, as well as active surveillance throughout Alaska to identify additional cases, and an environmental study to identify sources of V. parahaemolyticus and contributors to the outbreak. Of 189 passengers, 132 (70 percent) were interviewed; 22 of the interviewees (17 percent) met our case definition of gastroenteritis. In our multiple logistic-regression analysis, consumption of raw oysters was the only significant predictor of illness; the attack rate among people who consumed oysters was 29 percent. Active surveillance identified a total of 62 patients with gastroenteritis. V. parahaemolyticus serotype O6:K18 was isolated from the majority of patients tested and from environmental samples of oysters. Patterns on pulsed-field gel electrophoresis were highly related across clinical and oyster isolates. All oysters associated with the outbreak were harvested when mean daily water temperatures exceeded 15.0 degrees C (the theorized threshold for the risk of V. parahaemolyticus illness from the consumption of raw oysters). Since 1997, mean water temperatures in July and August at the implicated oyster farm increased 0.21 degrees C per year (P<0.001 by linear regression); 2004 was the only year during which mean daily temperatures in July and August at the shellfish farm did not drop below 15.0 degrees C. This investigation extends by 1000 km the northernmost documented source of oysters that caused illness due to V. parahaemolyticus. Rising temperatures of ocean water seem to have contributed to one of the largest known outbreaks of V. parahaemolyticus in the United States.",Adolescent; Adult; Aged; Alaska; Animals; Aquaculture; Child; Cohort Studies; Disease Outbreaks; Feces; Female; Foodborne Diseases; Gastroenteritis; Humans; Logistic Models; Male; Middle Aged; Ostreidae; Retrospective Studies; Seawater; Serotyping; Shellfish; Shellfish Poisoning; Temperature; Vibrio Infections; Vibrio parahaemolyticus,"Journal Article; Research Support, U.S. Gov't, Non-P.H.S.",yes
16205543,Coastal terrorism: using tabletop discussions to enhance coastal community infrastructure through relationship building.,Richter J; Livet M; Stewart J; Feigley CE; Scott G et al.,Journal of public health management and practice : JPHMP,2005-Nov,2005,10.1097/00124784-200511001-00008,"The unique vulnerability of the nation's ports to terrorist attacks and other major disasters requires development of specialized training approaches that integrate and connect critical stakeholders. In 2003, the University of South Carolina Center for Public Health Preparedness developed and held its first Coastal Terrorism workshop in conjunction with the National Oceanic and Atmospheric Administration. Key federal, regional, state, and coastal agency leaders were invited to the 2-day event to explore, in a no-risk environment, the crucial role that public health agencies would play in a covert biological agent incident aboard a cruise ship. The incident began as a possible outbreak of a Norwalk-like viral agent; however, as the scenario unfolded, evidence of a terrorist plot emerged. This immediately shifted the scenario from a public health-dominated incident to one directed by law enforcement. Communication and coordination issues surfaced illustrating potential conflicts between disciplines and jurisdictions in terms of roles and responsibilities of responding agencies. The goals of the workshop were to facilitate communication and interagency networking among coastal stakeholders while assessing their training and research needs and increasing their familiarity with resources and protocols regarding a bioterrorist coastal event. Positive systems changes were observed.",Bioterrorism; Disaster Planning; Disasters; Education; Humans; Public Health; South Carolina,Journal Article,yes
15881540,Dealing with gastrointestinal illness on a cruise ship--Part 1: Description of sanitation measures. Part 2: An isolation study.,Dahl E,International maritime health,2004,2004,,"Recent outbreaks of gastrointestinal illness (GI) on passenger ships have caused cruise companies to expand their sanitation programs. To describe sanitation procedures and measures involving the medical staff of one cruise ship (Part 1), and to show how one of the new measures, isolation, influenced medical practice (Part 2). Consecutive GI logs were reviewed from 17 cruises of a ship with an average of 590 passengers and 611 crew per day. During a 250-day period 207 persons were isolated for a total of 419 days: 113 passengers (75 with GI, 38 asymptomatic contacts) and 94 crew (57 with GI, 37 contacts). The percentage of GI cases per 7 days varied between 0.10% and 0.43% among passengers and between 0 and 0.39% among crew, except for one cruise when the percentage per 7 days reached 2.16% among passengers and 0.61% among crew. A detailed operational directive for all aspects of sanitation is helpful for prevention and control of GI outbreaks on ships. A strict isolation policy is an expensive, but critical measure, which in particular challenges the medical staff.",Diarrhea; Disease Outbreaks; Food Contamination; Global Health; Humans; Practice Guidelines as Topic; Recreation; Sanitation; Ships,Journal Article,yes
15869134,A burn mass casualty event due to boiler room explosion on a cruise ship: preparedness and outcomes.,Tekin A; Namias N; O'Keeffe T; Pizano L; Lynn M et al.,The American surgeon,2005-Mar,2005,,"The purpose of this study was to review our experience with a mass casualty incident resulting from a boiler room steam explosion aboard a cruise ship. Experience with major, moderate, and minor burns, steam inhalation, mass casualty response systems, and psychological sequelae will be discussed. Fifteen cruise ship employees were brought to the burn center after a boiler room explosion on a cruise ship. Eleven were triaged to the trauma resuscitation area and four to the surgical emergency room. Seven patients were intubated for respiratory distress or airway protection. Six patients had >80 per cent burns with steam inhalation, and all of these died. One of the 6 patients had 99 per cent burns with steam inhalation and died after withdrawal of support within the first several hours. All patients with major burns required escharotomy on arrival to trauma resuscitation. One patient died in the operating room, despite decompression by laparotomy for abdominal compartment syndrome and pericardiotomy via thoracotomy for cardiac tamponade. Four patients required crystalloid, 20,000 mls/m2-27,000 ml/m2 body surface area (BSA) in the first 48 hours to maintain blood pressure and urine output. Three of these four patients subsequently developed abdominal compartment syndrome and died in the first few days. The fourth patient of this group died after 26 days due to sepsis. Five patients had 13-20 per cent bums and four patients had less than 10 per cent burns. Two of the patients with 20 per cent burns developed edema of the vocal cords with mild hoarseness. They improved and recovered without intubation. The facility was prepared for the mass casualty event; having just completed a mass casualty drill several days earlier. Twenty-six beds were made available in 50 minutes for anticipated casualties. Fifteen physicians reported immediately to the trauma resuscitation area to assist in initial stabilization. The event occurred at shift change; thus, adequate support personnel were instantaneously to hand. Our mass casualty preparation proved useful in managing this event. Most of the patients who survived showed signs of post-traumatic stress syndrome, which was diagnosed and treated by the burn center psychology team. Despite our efforts at treating large burns (>80%) with steam inhalation, mortality was 100 per cent. Fluid requirements far exceeded those predicted by the Parkland (Baxter) formula. Abdominal compartment syndrome proved to be a significant complication of this fluid resuscitation. A coordinated effort by the facility and preparation for mass casualty events are needed to respond to such events.",Body Surface Area; Burn Units; Burns; Disaster Planning; Emergency Medical Services; Explosions; Female; First Aid; Florida; Follow-Up Studies; Humans; Injury Severity Score; Male; Patient Transfer; Practice Guidelines as Topic; Risk Assessment; Ships; Survival Rate; Triage,Comparative Study; Journal Article,yes
15850435,Bound for Sydney town: health surveillance on international cruise vessels visiting the Port of Sydney.,Ferson MJ; Ressler KA,The Medical journal of Australia,2005-Apr,2005,10.5694/j.1326-5377.2005.tb06757.x,"A program for routine health surveillance on international cruise ships visiting the Port of Sydney has been developed since 1998. Before introduction of this program, ships only reported quarantinable diseases and were not aware of the Australian requirement to report other infectious diseases. Voluntary routine reporting, developed in partnership with the cruise ship industry, provides timely information on all infectious diseases of public health interest during every cruise. During 1999-2003, the program resulted in detection of and response to 14 outbreaks of gastroenteritis or acute respiratory infection, affecting more than 1400 passengers and crew. The program has improved preventive action, and risk communication and management by cruise ship operators, and led to more timely investigation and support by public health authorities.",Communicable Disease Control; Cross-Sectional Studies; Disease Notification; Disease Outbreaks; Gastroenteritis; Humans; Naval Medicine; New South Wales; Population Surveillance; Public Health; Quarantine; Respiratory Tract Infections; Risk Management; Ships; Travel,Journal Article,yes
15713239,Focus on cruise ship travel.,Schlagenhauf P; Funk M; Mütsch M; Prasad L; Stürchler M,Journal of travel medicine,2004,2004,,,Bioterrorism; Communicable Diseases; Diarrhea; Humans; Malaria; Refugees; Ships; Transients and Migrants; Travel,Bibliography; Journal Article,no
15705344,Norovirus transmission on cruise ship.,Isakbaeva ET; Widdowson MA; Beard RS; Bulens SN; Mullins J et al.,Emerging infectious diseases,2005-Jan,2005,10.3201/eid1101.040434,"An outbreak of norovirus gastroenteritis affected passengers on two consecutive cruises of ship X and continued on 4 subsequent cruises despite a 1-week sanitization. We documented transmission by food and person-to-person contact; persistence of virus despite sanitization onboard, including introductions of new strains; and seeding of an outbreak on land.",Caliciviridae Infections; Disease Outbreaks; Gastroenteritis; Humans; Norovirus; Ships; Travel,"Journal Article; Research Support, Non-U.S. Gov't; Research Support, U.S. Gov't, P.H.S.",yes
15221533,Genetic diversity among sapoviruses.,Farkas T; Zhong WM; Jing Y; Huang PW; Espinosa SM et al.,Archives of virology,2004-Jul,2004,10.1007/s00705-004-0296-9,"Norovirus and Sapovirus are two genera of the family Caliciviridae that contain viruses that can cause acute gastroenteritis in humans. Noroviruses (NOR) are genetically highly diverse but limited studies of the genetic diversity of sapoviruses (SAP) have been reported. In this study we characterized twenty-five SAP detected in our laboratory from outbreaks or sporadic cases of acute gastroenteritis in children from different geographical locations and in adults involved in a cruise ship outbreak investigation and a nursing home outbreak. Based on significant differences of partial RNA polymerase sequences (278-286 nt), the 25 strains were grouped into 12 genetic clusters, including 9 potential new clusters. Extended sequence analysis of the capsid gene of selected strains representing five potential new clusters supported this grouping. Four strains (Hou7-1181/90, Mex340/90, Cruise ship/00 and Argentina39) had <84% amino acid (aa) identity to each other and to the published sequences in the GenBank. Mex14917/00 was almost identical to Stockholm/97/SE whose RNA polymerase sequence was unknown. Phylogenetic and distance analyses of the capsid region of the four new strains showed that Hou7-1181/90 and Argentina39 represent two new genogroups and Mex340/90 and Cruise ship/00 belong to two new clusters within the London/92 genogroup. Thus, based on the capsid sequences we propose to classify the currently known SAP into nine genetic clusters within five genogroups, including one genogroup that is represented by an animal calicivirus, the porcine enteric calicivirus (PEC).","Adult; Caliciviridae Infections; Capsid Proteins; Child, Preschool; DNA, Complementary; DNA-Directed RNA Polymerases; Gastroenteritis; Genes, Viral; Genetic Variation; Humans; Infant; Molecular Sequence Data; Phylogeny; RNA, Viral; Reverse Transcriptase Polymerase Chain Reaction; Sapovirus; Sequence Homology, Amino Acid; Sequence Homology, Nucleic Acid; Viral Proteins","Journal Article; Research Support, U.S. Gov't, P.H.S.",yes
15127261,Severe Legionella pneumophila pneumonia associated with the public bath on a cruise ship in Japan.,Kobayashi A; Yamamoto Y; Chou S; Hashimoto S,Journal of anesthesia,2004,2004,10.1007/s00540-003-0218-0,,Aged; Baths; Humans; Japan; Legionnaires' Disease; Male; Naval Medicine; Ships; Travel; Water Microbiology,Case Reports; Journal Article,yes
15067852,Molecular diversity of noroviruses associated with outbreaks on cruise ships: comparison with strains circulating within the UK.,Gallimore CI; Richards AF; Gray JJ,Communicable disease and public health,2003-Dec,2003,,"The molecular diversity of norovirus (NV) strains associated with 26 outbreaks of NV gastroenteritis has been determined. The outbreaks occurred on 14 cruise ships from seven cruise lines, during the period from 1998 to 2002. The ships cruised in seas worldwide, including the Mediterranean, the Baltic and the Caribbean. Genogroup I NVs were more common in the cruise ship setting than in hospitals, with 38% of the cruise ship outbreaks associated with genotype I NVs, as compared to < 10% in hospital and other semi-closed institutions in the UK. Outbreaks on cruise ships were more common in the period April to September, than in the winter. Two mixed genogroup I and II outbreaks were detected, which suggested contaminated food or water as the source of the infection.","Caliciviridae Infections; Cloning, Molecular; DNA, Viral; Disease Outbreaks; Gastroenteritis; Genotype; Humans; Norovirus; Public Health Practice; Reverse Transcriptase Polymerase Chain Reaction; Ships",Comparative Study; Journal Article,yes
14499795,The agony and the ecstasy.,Flemmer M; Oldfield EC,The American journal of gastroenterology,2003-Sep,2003,10.1111/j.1572-0241.2003.07672.x,"The authors, who are from the Vessel Sanitation Program of the Centers for Disease Control and Prevention (CDC), summarize the recent outbreaks of acute gastroenteritis (AGE), which occurred on five different cruise ships. Attack rates among passengers ranged from 4% to 13% and among crew members from 0.2% to 3.3%. Subsequent epidemiological investigations by the CDC suggested that the incidence was higher, approaching 19-41% of passengers. Overall there were 21 outbreaks of AGE on 17 cruise ships, of which nine were documented to be due to norovirus, three due to bacterial agents, and nine of unknown cause. In general, subsequent outbreaks on each cruise ship were of the identical strain of norovirus by reverse transcriptase polymerase reaction, which suggests an embedded source. The authors conclude that in addition to emphasizing basic food and water sanitation measures, control efforts should include thorough and prompt disinfection of ships during cruises and isolation of ill crew-members and passengers for 72 hours.","Centers for Disease Control and Prevention, U.S.; Communicable Disease Control; Disease Outbreaks; Female; Gastroenteritis; Humans; Incidence; Male; Norovirus; Risk Assessment; Ships; Travel; United States",Journal Article; Review,yes
12889297,Outbreak of Legionnaires' disease on a cruise ship: lessons for international surveillance and control.,Regan CM; McCann B; Syed Q; Christie P; Joseph C et al.,Communicable disease and public health,2003-Jun,2003,,"A sporadic case of Legionnaires' disease was linked to travel on a cruise ship. Investigation identified two further cases of Legionnaires' Disease and one case of non-pneumonic Legionella infection. An Incident Team confirmed the source to be the ship's water system and control measures were instituted that included pasteurisation, super chlorination and chlorine dioxide dosing. The Public Health Laboratory Service (PHLS) Communicable Disease Surveillance Centre (CDSC), through the European Surveillance Scheme for Travel Associated Legionnaires' Disease, identified three previous cases associated with the same ship's water system including one fatality. Lessons for the international surveillance and control of Legionnaires' disease on cruise ships are discussed.",Aged; Disease Outbreaks; Female; Humans; Legionnaires' Disease; Male; Population Surveillance; Ships; Travel; United Kingdom; Water Microbiology; Water Purification,Case Reports; Journal Article,yes
12729195,A large outbreak of influenza A and B on a cruise ship causing widespread morbidity.,Brotherton JM; Delpech VC; Gilbert GL; Hatzi S; Paraskevopoulos PD et al.,Epidemiology and infection,2003-Apr,2003,10.1017/s0950268802008166,"In September 2000 an outbreak of influenza-like illness was reported on a cruise ship sailing between Sydney and Noumea with over 1,100 passengers and 400 crew on board. Laboratory testing of passengers and crew indicated that both influenza A and B had been circulating on the ship. The cruise coincided with the peak influenza period in Sydney. Morbidity was high with 40 passengers hospitalized, two of whom died. A questionnaire was sent to passengers 3 weeks after the cruise and 836 of 1,119 (75%) responded. A total of 310 passengers (37%) reported suffering from an influenza-like illness (defined as cough, fever, myalgia and weakness) and 528 (63%) had seen a doctor for illness related to the cruise. One-third of passengers reported receipt of influenza vaccination in 2000; however neither their rates of influenza-like illness nor hospitalization were significantly different from those in unvaccinated passengers. A case-control study also found no significant protective effect of influenza vaccination. With the increasing popularity of cruise vacations, such outbreaks are likely to affect increasing numbers of people. Whilst influenza vaccination of passengers and crew may afford some protection, uptake and effectiveness may not be sufficient to prevent outbreaks. Surveillance systems and early intervention measures, such as antiviral therapies, should be considered to detect and control such outbreaks.","Adult; Aged; Case-Control Studies; Cohort Studies; Disease Outbreaks; Female; Hospitalization; Humans; Influenza A virus; Influenza B virus; Influenza Vaccines; Influenza, Human; Male; Middle Aged; Ships; Travel; Vaccination",Journal Article,yes
12715302,Large summertime influenza A outbreak among tourists in Alaska and the Yukon Territory.,Uyeki TM; Zane SB; Bodnar UR; Fielding KL; Buxton JA et al.,Clinical infectious diseases : an official publication of the Infectious Diseases Society of America,2003-May,2003,10.1086/374053,"We investigated a large summertime outbreak of acute respiratory illness during May-September 1998 in Alaska and the Yukon Territory, Canada. Surveillance for acute respiratory illness (ARI), influenza-like illness (ILI), and pneumonia conducted at 31 hospital, clinic, and cruise ship infirmary sites identified 5361 cases of ARI (including 2864 cases of ILI [53%] and 171 cases of pneumonia [3.2%]) occurring primarily in tourists and tourism workers (from 18 and 37 countries, respectively). Influenza A viruses were isolated from 41 of 210 patients with ILI at 8 of 14 land sites and 8 of 17 cruise ship infirmaries. Twenty-two influenza isolates were antigenically characterized, and all were influenza A/Sydney/05/97-like (H3N2) viruses. No other predominant pathogens were identified. We estimated that >33,000 cases of ARI might have occurred during this protracted outbreak, which was attributed primarily to influenza A/Sydney/05/97-like (H3N2) viruses. Modern travel patterns may facilitate similar outbreaks, indicating the need for increased awareness about influenza by health care providers and travelers and the desirability of year-round influenza surveillance in some regions.","Adolescent; Adult; Aged; Aged, 80 and over; Alaska; Child; Child, Preschool; Disease Outbreaks; Humans; Infant; Influenza A virus; Influenza, Human; Middle Aged; Prospective Studies; Retrospective Studies; Travel; Yukon Territory",Journal Article,yes
12657340,"Diarrheal disease on cruise ships, 1990-2000: the impact of environmental health programs.",Cramer EH; Gu DX; Durbin RE,American journal of preventive medicine,2003-Apr,2003,10.1016/s0749-3797(02)00644-x,"In 1975, the then-Center for Disease Control (CDC) established the Vessel Sanitation Program (VSP) to minimize the risk for diarrheal disease among passengers and crew aboard ships by assisting the cruise ship industry in developing and implementing comprehensive environmental health programs. To evaluate the relationship between cruise ship sanitation scores and diarrheal disease incidence and outbreaks among cruise ship passengers. Retrospective cohort study of ship inspection and diarrheal disease data from 1990 through 2000 from the National Center for Environmental Health, CDC database, for cruise ships entering the United States. Yearly trends in number of ships inspected, number of inspections conducted, inspection scores, and risks of failing inspections; rates of diarrheal disease among passengers, by inspection year, cruise duration, incidence of outbreaks, and passing- or failing-score status of the associated ship. From 1990 through 2000, inspection scores gradually increased from a median of 89 in 1990 to 93 in 2000 (p<0.001), with an associated statistically significant 21% increase in likelihood of passing. The total baseline level of diarrhea among passengers was 2.0 cases per cruise (13243/6485), or 23.6 cases per 100,000 passenger-days (13243/56129096). The latter rate declined significantly from 29.2 in 1990 to 16.3 in 2000 (p<0.0001). Diarrheal disease incidence rates among passengers sailing on ships that passed environmental inspections were significantly lower than rates among passengers sailing on ships that failed inspections (21.7 vs 30.1; RR = 1.39; 95% CI: 1.31-1.47). Diarrheal disease outbreak-related illnesses decreased from 4.2 to 3.5 per 100000 passenger-days from 1990-1995 to 1996-2000. Environmental sanitation inspections conducted among ships sailing into the United States appear to continue to decrease diarrheal disease rates and outbreaks among passengers.","Centers for Disease Control and Prevention, U.S.; Diarrhea; Environmental Health; Gastroenteritis; Humans; Retrospective Studies; Ships; Travel; United States",Journal Article,yes
12608587,Maritime health: a case for preventing influenza on the high seas.,Ruben FL; Ehreth J,International maritime health,2002,2002,,For decades cruise ships have been recognized as foci for diarrheal illness. More recently influenza has been added to the list of diseases for which people on cruise ships are at risk. Influenza is a business risk involving cruise ship operating and litigation costs and travelers' loss in value. Immunizing the crews could be one way to prevent introduction and spread of influenza on cruise ships. A cost-effectiveness analysis for vaccination of crews on cruise ships was conducted showing that it is not only cost-effective but it is cost savings.,"Cost-Benefit Analysis; Disease Outbreaks; Humans; Influenza Vaccines; Influenza, Human; Naval Medicine; Occupational Diseases; Recreation; Respiratory Tract Infections; Ships; Workforce",Journal Article,yes
12540684,Watching the Games: public health surveillance for the Sydney 2000 Olympic Games.,Jorm LR; Thackway SV; Churches TR; Hills MW,Journal of epidemiology and community health,2003-Feb,2003,10.1136/jech.57.2.102,"To describe the development of the public health surveillance system for the Sydney 2000 Olympic Games; document its major findings; and discuss the implications for public health surveillance for future events. Planning for the system took almost three years. Its major components included increased surveillance of communicable diseases; presentations to sentinel emergency departments; medical encounters at Olympic venues; cruise ship surveillance; environmental and food safety inspections; surveillance for bioterrorism; and global epidemic intelligence. A daily report integrated data from all sources. Sydney, Australia. Surveillance spanned the period 28 August to 4 October 2000. Residents of Sydney, athletes and officials, Australian and international visitors. No outbreaks of communicable diseases were detected. There were around 5% more presentations to Sydney emergency departments than in comparable periods in other years. Several incidents detected through surveillance, including injuries caused by broken glass, and a cluster of presentations related to the use of the drug ecstasy, prompted further action. Key elements in the success of public health surveillance for the Games included its careful planning, its comprehensive coverage of public health issues, and its timely reporting and communication processes. Future systems need to be flexible enough to detect the unexpected.","Anniversaries and Special Events; Bioterrorism; Disease Notification; Emergency Service, Hospital; Environmental Health; Humans; New South Wales; Population Surveillance; Public Health Administration; Sports","Journal Article; Research Support, Non-U.S. Gov't",yes
12205234,Cancer at sea: a case-control study among male Finnish seafarers.,Saarni H; Pentti J; Pukkala E,Occupational and environmental medicine,2002-Sep,2002,10.1136/oem.59.9.613,"To study the possible work related reasons for the increased incidence of many cancers among seafarers. A case-control study, nested in a cohort of all male seafarers (n = 30 940) who, according to the files of the Seamen's Pension Fund, had worked on board Finnish ships for any time during the period 1960-80. Cases of cancer of the lung, nervous system, kidney, and pancreas, leukaemia, lymphoma, and all cases histologically defined as mesotheliomas were identified from the Finnish Cancer Registry in 1967-92. The preceding numbers of years at sea in various occupational categories were collected according to the type of ship (dry cargo ship, tanker, passenger vessel, icebreaker, other vessel). The incidence for lung cancer among engine crew increased with the increase in employment time, the odds ratio (OR) after three years being 1.68 (95% CI 1.17 to 2.41). The OR of lung cancer for deck officers was 0.42 (95% CI 0.29 to 0.61). Deck personnel on icebreakers had a significantly increased risk of lung cancer > or =20 years after first employment (OR 3.41, 95% CI 1.23 to 9.49). The OR for mesothelioma among engine crew with a latency of 20 years was 9.75 (95% CI 1.88 to 50.6). The OR for renal cancer among deck officers after three years employment was 2.15 (95% CI 1.14 to 4.08), but there was no increase by employment time or by latency. A rise of OR for lymphoma was detected among deck personnel on tankers, if the employment had lasted over three years (OR 2.78, 95% CI 0.98 to 7.92). The risk pattern for leukaemia was similar to that of lymphoma, the OR among deck personnel on tankers varying from 2.26 (95% CI 1.01 to 5.06) to 6.86 (95% CI 1.62 to 28.8) depending on the length of employment. Results indicate that occupational exposures of deck crews on tankers add to their risk of renal cancer, leukaemia, and possibly lymphoma. Engine crews have an asbestos related risk of mesothelioma, and the engine room conditions also seem to increase risk of lung cancer.",Adult; Case-Control Studies; Finland; Humans; Incidence; Kidney Neoplasms; Leukemia; Lung Neoplasms; Lymphoma; Male; Mesothelioma; Middle Aged; Naval Medicine; Neoplasms; Occupational Diseases; Occupational Exposure; Odds Ratio; Risk Factors,"Journal Article; Research Support, Non-U.S. Gov't",no
11393483,"Influenza B virus outbreak on a cruise ship--Northern Europe, 2000.",,MMWR. Morbidity and mortality weekly report,2001-Mar,2001,,"During June 23-July 5, 2000, an outbreak of respiratory illnesses occurred on the MS Rotterdam (Holland America Line & Windstar Cruises) during a 12-day Baltic cruise from the United Kingdom to Germany via Russia. The ship carried 1311 passengers, primarily from the United States, and 506 crew members from many countries. Although results of rapid viral testing for influenza A and B viruses were negative, immunofluorescence staining and viral culture results implicated influenza B virus infection as the cause of the outbreak. This report summarizes the findings of the outbreak investigation conducted by the ship's medical department and describes the measures taken to control the outbreak. Travelers at high risk for complications of influenza who were not vaccinated with influenza vaccine during the preceding fall or winter should consider receiving influenza vaccine before travel with large tourist groups at any time of year or to certain regions of the world.","Disease Outbreaks; Europe; Humans; Influenza B virus; Influenza, Human; Ships; Travel",Journal Article,yes
11324644,"From the Centers for Disease Control and Prevention. Influenza B virus outbreak in a cruise ship--Northern Europe, 2000.",,JAMA,2001-Apr,2001,,,"Disease Outbreaks; Europe; Humans; Influenza B virus; Influenza, Human; Ships; Travel",Journal Article,yes
11280195,Onshore catering increases the risk of diarrhoeal illness amongst cruise ship passengers.,Pugh RE; Selvey L; Crome M; Beers M,Communicable diseases intelligence,2001-Jan,2001,10.33321/cdi.2001.25.5,"Of 134 Queensland passengers on a cruise, 91 (67.9%) people reported various illnesses including 41 (30.6%) who reported diarrhoeal symptoms. Queensland passengers who ate while onshore at non-Australian ports were significantly more at risk of developing diarrhoeal symptoms than those who did not. Passengers were particularly at risk when they ate onshore while undertaking a tour compared with those who did not undertake this tour. Travellers should be warned of the possibility of contracting diarrhoeal illness from onshore catering.","Adolescent; Adult; Age Distribution; Aged; Aged, 80 and over; Child; Child, Preschool; Diarrhea; Female; Food Handling; Humans; Incidence; Male; Middle Aged; Queensland; Risk Assessment; Risk Factors; Ships; Surveys and Questionnaires; Travel",Comparative Study; Journal Article,no
11179940,Cabin location and the likelihood of motion sickness in cruise ship passengers.,Gahlinger PM,Journal of travel medicine,2000,2000,10.2310/7060.2000.00042,"The prevalence of motion sickness approaches 100% on rough seas. Some previous studies have reported a strong association between location on a ship and the risk of motion sickness, whereas other studies found no association. This study was undertaken to determine if there is a statistical association between the location of the passenger cabin on a ship and the risk of motion sickness in unadapted passengers. Data were collected on 260 passengers on an expedition ship traversing the Drake Passage between South America and Antarctica, during rough sea conditions. A standard scale was employed to record motion sickness severity. The risk of motion sickness was found to be statistically associated with age and sex. However, no association was found with the location of the passenger cabin. Previous research reporting a strong association of motion sickness and passenger location on a ship, studied passengers in the seated position. Passengers who are able to lie in a supine position are at considerably reduced risk of motion sickness. Expedition or cruise ships that provide ready access to berths, allow passengers to avoid the most nauseogenic positions. The location of the passenger cabin does not appear to be related to the likelihood of seasickness.","Adolescent; Adult; Aged; Aged, 80 and over; Atlantic Ocean; Female; Humans; Male; Middle Aged; Motion Sickness; Posture; Recreation; Ships; Surveys and Questionnaires; Travel",Journal Article,no
10987701,Cruise ships: high-risk passengers and the global spread of new influenza viruses.,Miller JM; Tam TW; Maloney S; Fukuda K; Cox N et al.,Clinical infectious diseases : an official publication of the Infectious Diseases Society of America,2000-Aug,2000,10.1086/313974,"In 1997, passengers on North American cruises developed acute respiratory illnesses (ARIs); influenza was suspected. We reviewed 1 ship's medical records for 3 cruises: cruise 1 (31 August to 10 September 1997), cruise 2 (11-20 September 1997), and cruise 3 (20-30 September 1997). Medically attended ARI was defined as any 2 of the following symptoms: fever (temperature, > or =37.8 degrees C) or feverishness, sore throat, cough, nasal congestion, chills, myalgia, and arthralgia. During cruise 2, we collected nasopharyngeal swabs for viral culture from people with ARI and surveyed passengers for self-reported ARI (defined as above except feverishness was substituted for fever). The outbreak probably began among Australian passengers on cruise 1 (relative risk, 3.3; 95% confidence interval, 1.89-5.77). Of 1284 passengers on cruise 2, 215 (17%) reported ARI, 994 (77%) were aged > or =65 years, and 336 (26%) had other risk factors for respiratory complications. An influenza strain not previously identified in North America was isolated. We concluded that an ""off-season"" influenza outbreak occurred among international travelers and crew on board this cruise ship.","Adolescent; Adult; Aged; Aged, 80 and over; Child; Disease Outbreaks; Female; Hospitalization; Humans; Influenza A virus; Influenza, Human; Male; Middle Aged; Risk Factors; Ships; Travel",Journal Article,yes
10812749,Presumptive summer influenza A: an outbreak on a trans-Tasman cruise.,Ferson M; Paraskevopoulos P; Hatzi S; Yankos P; Fennell M et al.,Communicable diseases intelligence,2000-Mar,2000,10.33321/cdi.2000.24.6,"A number of recent reports from the Northern Hemisphere have drawn attention to the occurrence of summer outbreaks (May to August) of influenza A among cruise ship passengers and their contacts. In cases amongst passengers returning to Canada from Alaska, exposure appears to have occurred during the land-based Alaskan tour with illness developing during the subsequent cruise. A late summer outbreak of influenza A among passengers and crew on the return leg of a 14-day Sydney-New Zealand-Sydney cruise is reported in this article.","Australia; Disease Outbreaks; Female; Humans; Influenza A virus; Influenza, Human; Male; New Zealand; Predictive Value of Tests; Seasons; Ships; Travel",Journal Article,yes
10598385,Influenza activity in England and Wales: October 1998 to June 1999.,Whiting P; Joseph CA; Zambon M; Nunn M; Fleming D et al.,Communicable disease and public health,1999-Dec,1999,,"Influenza activity in England and Wales in the winter of 1998/1999 reached the highest weekly levels seen since the epidemic of 1989/1990. Activity peaked at Christmas and the New Year, adding to the winter pressures on general practitioner and hospital services. Adults aged 65 years and over consulted with general practitioners at the highest rates. Outbreaks of influenza or flu-like illness occurred in several schools and nursing homes and, in June 1999, on a British cruise ship in the Mediterranean. Deaths from all causes reached a higher peak in week 1 of 1999 than occurred in the peak week of the influenza epidemic of 1989/90.","Adolescent; Adult; Aged; Disease Outbreaks; Humans; Influenza Vaccines; Influenza, Human; Middle Aged; Orthomyxoviridae; Population Surveillance; United Kingdom",Journal Article,yes
10405474,Influenza on a cruise ship in the Mediterranean.,,Communicable disease report. CDR weekly,1999-Jun,1999,,,"Disease Outbreaks; Female; Humans; Influenza, Human; Male; Mediterranean Region; Ships",Journal Article,yes
10028067,Legionnaires' disease on a cruise ship linked to the water supply system: clinical and public health implications.,Castellani Pastoris M; Lo Monaco R; Goldoni P; Mentore B; Balestra G et al.,Clinical infectious diseases : an official publication of the Infectious Diseases Society of America,1999-Jan,1999,10.1086/515083,"The occurrence of legionnaires' disease has been described previously in passengers of cruise ships, but determination of the source has been rare. A 67-year-old, male cigarette smoker with heart disease contracted legionnaires' disease during a cruise in September 1995 and died 9 days after disembarking. Legionella pneumophila serogroup 1 was isolated from the patient's sputum and the ship's water supply. Samples from the air-conditioning system were negative. L. pneumophila serogroup 1 isolates from the water supply matched the patient's isolate, by both monoclonal antibody subtyping and genomic fingerprinting. None of 116 crew members had significant antibody titers to L. pneumophila serogroup 1. One clinically suspected case of legionnaires' disease and one confirmed case were subsequently diagnosed among passengers cruising on the same ship in November 1995 and October 1996, respectively. This is the first documented evidence of the involvement of a water supply system in the transmission of legionella infection on ships. These cases were identified because of the presence of a unique international system of surveillance and collaboration between public health authorities.","Aged; Antibodies, Monoclonal; Bacterial Typing Techniques; DNA, Bacterial; Electrophoresis, Gel, Pulsed-Field; Humans; Infection Control; Italy; Legionella pneumophila; Legionnaires' Disease; Male; Polymerase Chain Reaction; Ships; Sputum; Travel; Water Microbiology; Water Supply","Journal Article; Research Support, Non-U.S. Gov't",yes
9867889,Descriptive epidemiology of injury and illness among cruise ship passengers.,Peake DE; Gray CL; Ludwig MR; Hill CD,Annals of emergency medicine,1999-Jan,1999,10.1016/s0196-0644(99)70419-1,"To provide information, which can be used in the formation of guidelines concerning medical facilities and staff on cruise ships, on the descriptive epidemiology of the medical conditions encountered by cruise ship physicians. A retrospective descriptive epidemiologic study design was used to evaluate patient physician encounters on cruises originating in a calendar-year period for the 4 ships of a major cruise ship line with cruises originating in the United States. Demographic data regarding sex and age of the passengers on these ships were available for each cruise. We collected information on patient age, sex, chief complaint, diagnoses, treatment, and patient disposition recorded in the patients' medical records in the ships' medical logs. Seven thousand one hundred forty-seven new patient visits occurred in a population of 196,171 passengers and 1,537,298 passenger days; 56.7% of passengers were female, and 60.7% of patients were female; 43.3% of passengers and 39.6% of patients were male. Visits to the ship infirmaries were made for the following reasons: 18.2% of visits were related to injuries, 69.3% were related to medical conditions, and 12.5% were unspecified or other conditions. The most common diagnosis was respiratory tract infection (29.1%); 11% of patients had a serious or potentially life-threatening diagnosis. The most common group of prescription medications prescribed was antibiotics. Many different injuries and illnesses occur on board cruise ships. The spectrum is similar in many respects to the patients presenting to emergency departments. Cruise lines must prepare for the initial treatment and stabilization of patients with serious illnesses or injuries with appropriately qualified and equipped medical personnel and establish procedures for disembarkation of patients to facilities capable of handling such conditions.","Adolescent; Adult; Age Distribution; Aged; Aged, 80 and over; Emergency Treatment; Female; Humans; Male; Middle Aged; Retrospective Studies; Sex Distribution; Ships; United States; Wounds and Injuries","Journal Article; Research Support, Non-U.S. Gov't",yes
9695289,Legionella on board a cruise ship.,,Communicable disease report. CDR weekly,1998-Jul,1998,,,Aged; Female; Humans; Infection Control; Legionella pneumophila; Legionnaires' Disease; Male; Ships; Travel; United Kingdom; Water Microbiology,Journal Article,yes
9604521,An outbreak of viral gastroenteritis on board a cruise liner.,,Communicable disease report. CDR weekly,1998-Apr,1998,,,Caliciviridae Infections; Caribbean Region; Disease Outbreaks; Gastroenteritis; Humans; Naval Medicine; Norwalk virus; Travel,Journal Article,yes
9553278,Influenza A outbreak on a cruise ship.,Miller J; Tam T; Afif C; Maloney S; Cetron M et al.,Canada communicable disease report = Releve des maladies transmissibles au Canada,1998-Jan,1998,,,"Aged; Antiviral Agents; Canada; Disease Outbreaks; Humans; Influenza A virus; Influenza Vaccines; Influenza, Human; New York City; Rimantadine; Ships; Travel",Journal Article,yes
9534980,An outbreak of Brainerd diarrhea among travelers to the Galapagos Islands.,Mintz ED; Weber JT; Guris D; Puhr N; Wells JG et al.,The Journal of infectious diseases,1998-Apr,1998,10.1086/515237,"In 1992, an outbreak of chronic diarrhea occurred among passengers on a cruise ship visiting the Galapagos Islands, Ecuador. Passengers (548) were surveyed, and stool and biopsy specimens from a sample who reported chronic diarrhea were examined. On completed questionnaires, returned by 394 passengers (72%), 58 (15%) reported having chronic diarrhea associated with urgency (84%), weight loss (77%), fatigue (71%), and fecal incontinence (62%). Illness began 11 days (median) after boarding the ship and lasted 7 to >42 months. Macroscopic and histologic abnormalities of the colon were common, but extensive laboratory examination revealed no etiologic agent. No one responded to antimicrobial therapy. Patients were more likely than well passengers to have drunk the ship's unbottled water or ice before onset of illness and to have eaten raw sliced fruits and vegetables washed in unbottled water. Water handling and chlorination on the ship were deficient. Outbreaks of a similar illness, Brainerd diarrhea, have been reported in the United States. Although its etiology remains unknown, Brainerd diarrhea may also occur among travelers.",Anti-Bacterial Agents; Case-Control Studies; Diarrhea; Disease Outbreaks; Ecuador; Environmental Microbiology; Feces; Fruit; Humans; Ships; Travel; Water Supply,Journal Article,yes
9436714,"Rubella among crew members of commercial cruise ships--Florida, 1997.",,MMWR. Morbidity and mortality weekly report,1998-Jan,1998,,"During April-July 1997, two different commercial cruise lines notified CDC of rubella outbreaks among crew members. In July 1997, CDC initiated an investigation on one cruise ship to determine the extent of and risk factors for rubella infection among crew members and to assess the potential risk for rubella transmission to passengers-particularly rubella-susceptible pregnant women at risk for giving birth to an infant with congenital rubella syndrome (CRS). This report summarizes rubella outbreaks involving two cruise ships and the results of the CDC investigation on one cruise ship, which demonstrate that crew members can serve as a susceptible population for rubella infection and should be vaccinated with measles-mumps-rubella vaccine (MMR) if they are not immune. Although the outbreaks were limited to crew members, cruise ship travel provides an environment conducive to the potential spread of rubella and other infectious diseases among crew and passengers; therefore, women of childbearing age, particularly pregnant women, should be immune to rubella before traveling on cruise ships to reduce the risks for rubella infection and CRS.","Disease Outbreaks; Florida; Humans; Measles Vaccine; Measles-Mumps-Rubella Vaccine; Mumps Vaccine; Public Health; Rubella; Rubella Vaccine; Ships; Travel; Vaccines, Combined",Journal Article,yes
9385880,"Update: influenza activity -- United States, 1997-98 season.",,MMWR. Morbidity and mortality weekly report,1997-Nov,1997,,"CDC conducts surveillance for influenza viruses and related disease activity in collaboration with the World Health Organization (WHO), its collaborating laboratories, and state and local health departments. This report summarizes influenza surveillance data in the United States from September 28, 1997, through the week ending November 8, and describes two recent cruise ship outbreaks of influenza. The findings indicate that, during this period, influenza activity in the United States was low and that influenza A predominated.","Disease Outbreaks; Humans; Influenza A virus; Influenza B virus; Influenza, Human; Seasons; Ships; United States",Journal Article,yes
9191032,"Update: outbreaks of cyclosporiasis -- United States and Canada, 1997.",,MMWR. Morbidity and mortality weekly report,1997-Jun,1997,,"Since April 1997, CDC has received reports of outbreaks of cyclosporiasis in the United States and Canada (1,2). As of June 11, there have been 21 clusters of cases of cyclosporiasis reported from eight states (California, Florida, Maryland, Nebraska, Nevada, New York, Rhode Island, and Texas) and one province in Canada (Ontario). These clusters were associated with events (e.g., receptions, banquets, or time-place-related exposures [meals in the same restaurant on the same day]) that occurred during March 19-May 25 and comprise approximately 140 laboratory-confirmed and 370 clinically defined cases of cyclosporiasis. In addition, four laboratory-confirmed and approximately 220 clinically defined cases have been reported among persons who, during March 29-April 5, were on a cruise ship that departed from Florida. Approximately 70 laboratory-confirmed sporadic cases (i.e., cases not associated with events, the cruise, or recent overseas travel) have been reported in the United States and Canada. The most recent laboratory-confirmed sporadic case occurred in a person who had onset of symptoms on June 3.",Animals; Canada; Coccidiosis; Diarrhea; Disease Outbreaks; Eucoccidiida; Foodborne Diseases; Fruit; Humans; United States,Journal Article,yes
12162252,Entertainer wins settlement for denial of job on cruise ship.,,AIDS policy & law,1997-Jan,1997,,,"Employment; HIV Seropositivity; Humans; Liability, Legal; Ships; Travel; United States",Newspaper Article; Journal Article,no
8950912,Shigellosis on an Italian cruise ship.,Gikas A; Pediaditis J; Giti Z; Papadakis J; Tselentis Y,"Lancet (London, England)",1996-Dec,1996,10.1016/S0140-6736(05)66219-8,,"Disease Outbreaks; Dysentery, Bacillary; Fish Products; Food Microbiology; Greece; Humans; Italy; Ships",Letter,no
8990576,An outbreak of viral gastroenteritis on a cruise ship.,McEvoy M; Blake W; Brown D; Green J; Cartwright R,Communicable disease report. CDR review,1996-Dec,1996,,"Three hundred and seventy-eight passengers reported gastroenteritis during four cruises in the western Mediterranean on consecutive weeks of 1995. The rate at which cases were reported each day increased on the fourth cruise. The ship's owner commissioned an epidemiological investigation from the PHLS Communicable Disease Surveillance Centre. Cases reported explosive vomiting and diarrhoea, which lasted from 24 hours to five days, and were suggestive of viral gastroenteritis. No food handlers reported illness, but enquiries suggested that some had been ill and treated themselves. No bacterial pathogens were isolated from faecal specimens provided by cases or from water, food, and environmental samples taken from the galley. Small round structured viruses (SRSV) were identified by reverse transcriptase polymerase chain reaction in two faecal specimens and one specimen of vomit from people who became ill during the fourth cruise. SRSV was also identified in one faecal specimen by electron microscopy. Environmental inspection revealed inappropriate food handling, hygiene, and storage. During one 24 hour period no chlorine was detectable in the water. A case control study conducted on the fourth cruise sought details of exposure to various foodstuffs, unbottled water, and various parts of the ship. No significant associations were found between illness and any exposures. The evidence strongly suggested a continuing outbreak of SRSV infection transmitted from person to person. Some passengers remained on board for a second week and could have transmitted their infection to new arrivals. The ship was cleared and disinfected at the end of the fourth cruise in order to interrupt transmission. Fewer than 10 cases presented in each of the fifth and sixth cruises.",Adolescent; Adult; Aged; Caliciviridae Infections; Case-Control Studies; Child; Female; Gastroenteritis; Humans; Male; Middle Aged; Norwalk virus; Ships,Journal Article,yes
8958175,Perspectives in fatal epidemics.,Butler JC; Kilmarx PH; Jernigan DB; Ostroff SM,Infectious disease clinics of North America,1996-Dec,1996,10.1016/s0891-5520(05)70333-0,"This article discusses four epidemics of fatal infectious diseases: a 1993 cluster of deaths among previously healthy persons in the southwestern United States that led to the identification of a new clinical syndrome, hantavirus pulmonary syndrome; the first epidemic of Ebola hemorrhagic fever identified in nearly two decades occurring in 1995 in Zaire, which resulted in 317 cases with a mortality rate of 77%; an outbreak of Legionnaires' disease among cruise ship passengers in 1994; and a 1989 cluster of illnesses among nonhuman primates in Reston, Virginia leading to the identification of a new strain of Ebola virus. In each outbreak, the public health emergency was recognized and reported by alert clinicians, and the control of disease was facilitated through rapid, coordinated responses involving multiple agencies. Such collaboration between clinical and public health entities and among various agencies will be increasingly needed as surveillance and diagnostic capabilities for emerging and reemerging infectious diseases are enhanced around the world.","Disease Outbreaks; Emergencies; Hantavirus Pulmonary Syndrome; Hemorrhagic Fever, Ebola; Humans; Legionnaires' Disease",Journal Article; Review,yes
8902749,Crisis support following the Herald of Free-Enterprise disaster: a longitudinal perspective.,Dalgleish T; Joseph S; Thrasher S; Tranah T; Yule W,Journal of traumatic stress,1996-Oct,1996,10.1007/BF02104105,"Crisis support was assessed with survivors of the Herald of Free Enterprise ferry sinking at 3 and 6 years postdisaster. It was found that reported levels of support received from family and friends decreased over the first 3 years after the event but increased over the subsequent 3 years. In addition, higher retrospective ratings of crisis support received in the immediate aftermath of the disaster were found to predict lower levels of posttraumatic symptomatology as assessed by the Impact of Event Scale, the Beck Depression Inventory and the State-Trait Anxiety Inventory at a later period. The results replicate earlier findings following the Jupiter Cruise ship disaster and are thought to have implications for the assessment and treatment of survivors at high risk of disturbance.","Adaptation, Psychological; Adult; Crisis Intervention; Cross-Sectional Studies; Disasters; England; Female; Humans; Longitudinal Studies; Male; Naval Medicine; Psychological Theory; Regression Analysis; Retrospective Studies; Social Support; Stress Disorders, Post-Traumatic",Journal Article,no
8764747,Colonic epithelial lymphocytosis associated with an epidemic of chronic diarrhea.,Bryant DA; Mintz ED; Puhr ND; Griffin PM; Petras RE,The American journal of surgical pathology,1996-Sep,1996,10.1097/00000478-199609000-00008,"The term Brainerd diarrhea has been applied to outbreaks of chronic watery diarrhea of unknown etiology characterized by acute onset and prolonged duration. Our aim was to describe the histologic changes in gastrointestinal biopsy specimens from patients with Brainerd diarrhea. We examined 52 colonic and 12 small bowel biopsy specimens from 22 patients who were involved in an outbreak of Brainerd diarrhea that was linked to the water supply of a cruise ship visiting the Galapagos Islands. Small bowel biopsy specimens from seven patients were histologically normal. One patient had a duodenal biopsy specimen that resembled celiac sprue. Colonic biopsy specimens from 20 patients revealed surface epithelial lymphocytosis without distortion of mucosal architecture, surface degenerative changes, or thickened subepithelial collagen plates. The degree of surface epithelial lymphocytosis was greater than that seen in control groups of persons with normal colons, acute colitis, and ulcerative colitis (p < 0.001), similar to that seen with collagenous colitis, and less than that seen with lymphocytic colitis (p < 0.001). Three patients showed focal active colitis similar to that described in acute infectious-type colitis in addition to the epithelial lymphocytosis. Two patients had colonic biopsy specimens that were histologically normal. In summary, histologic abnormalities in the small bowel are generally absent in Brainerd diarrhea. Colonic biopsy specimens in Brainerd diarrhea frequently show epithelial lymphocytosis similar to that seen in collagenous and lymphocytic colitis. Although currently Brainerd diarrhea can be diagnosed only with epidemiologic data indicating an epidemic and a point source, the lack of surface degenerative changes and the relatively lower lymphocyte counts seen in our cases of Brainerd diarrhea may serve to distinguish it from lymphocytic colitis, and the lack of a thickened subepithelial collagen plate distinguishes it from collagenous colitis.",Adult; Aged; Biopsy; Chronic Disease; Colon; Colonic Diseases; Diarrhea; Disease Outbreaks; Epithelium; Female; Humans; Lymphocyte Count; Lymphocytosis; Male; Middle Aged,"Journal Article; Research Support, Non-U.S. Gov't",yes
8656543,"Reported cholera in the United States, 1992-1994: a reflection of global changes in cholera epidemiology.",Mahon BE; Mintz ED; Greene KD; Wells JG; Tauxe RV,JAMA,,,,"To describe US cholera surveillance data from 1992 to 1994 and the domestic impact of the epidemics of Vibrio cholerae O1 in Latin America and V cholerae O139 in Asia. Retrospective review of surveillance data from all cases of cholera reported to the Centers for Disease Control and Prevention (CDC) from January 1, 1992, through December 31, 1994, in the United States and its territories. Clinical, epidemiologic, and laboratory surveillance data. From 1992 through 1994, 160 cases of cholera were reported to CDC by 20 states and 1 territory. This is a marked increase: only 136 cases were reported from 1965 through 1991. Outbreaks affecting 75 passengers on an airplane from Latin America and 5 passengers on a cruise ship in Southeast Asia accounted for 50 percent of cases. Vibrio cholerae O139 caused 6 cases (4 percent). The proportion of V cholerae O1 isolates resistant to at least 1 antimicrobial agent rose from 3 percent in 1992 to 93 percent in 1994. Of 158 patients whose location of exposure was known, 151 (96 percent) acquired infection abroad (125 in Latin America, 26 in Asia). Of 105 persons whose reason for travel was known, 31 (30 percent) were US residents who had returned to their country of origin to visit family or friends, and 65 (62 percent) were non-US residents visiting the United States from cholera-affected countries. The cholera rate among persons arriving in the United States from cholera-affected regions was 0.27 case per 100000 air travelers, not substantially increased from earlier estimates. Cholera has increased in the United States since 1991, reflecting global changes in cholera epidemiology, and is now primarily travel associated and antimicrobial resistant. Most travelers were not traditional tourists; reaching them with prevention measures may be difficult. The risk of cholera to the individual traveler remains extremely low.","Asia; Cholera; Disease Outbreaks; Drug Resistance, Microbial; Humans; Latin America; Population Surveillance; Retrospective Studies; Serotyping; Travel; United States; Vibrio cholerae",Journal Article,yes
8856376,Prevalence of shigellosis in the U.S.: consistency with dose-response information.,Crockett CS; Haas CN; Fazil A; Rose JB; Gerba CP,International journal of food microbiology,1996-Jun,1996,10.1016/0168-1605(96)00993-2,"Every year there are estimated 300000 cases of Shigella in the United States (Bennett et al., 1987, Am. J. Prev. Med. 3, 102-114). A beta-poisson model was fit to human dose-response information on pathogenic Shigella using the Maximum Likelihood Estimation technique (Haas, 1983, Am. J. Epidemiol. 118, 573-582). Pooled and separate data sets for the Shigella species were fit to the beta-Poisson model and 95% confidence limits and regions were calculated. Shigella dysentariae and Shigella flexneri confidence regions and limits overlapped with each other and with the pooled data set, suggesting that this model can describe Shigella in general. The pooled Shigella model as well as the upper and lower confidence limits of the three data sets showed average exposures based on the estimated U.S. caseload of pathogenic Shigella of 0.01 to 0.014 organisms (confidence limits 0.001-0.05) for a 7-day per annum period of exposure and ranges from 0.07 to 0.1 organisms (confidence limits 0.006-0.4). for a 1-day per annum period of exposure. The plausibility of the pooled dose-response model was then evaluated by comparison with two known cruise ship outbreaks. The pooled model estimated that the two outbreaks studied could have been due to ingestion of 344 (confidence limits 72-915) Shigella cells per meal and 10.5-12 (confidence limits 1-44) Shigella cells per glass of water by passengers.","Dysentery, Bacillary; Humans; Poisson Distribution; Prevalence; Risk Assessment; Shigella; United States","Journal Article; Research Support, Non-U.S. Gov't",yes
8596266,Outbreak of Legionnaires' disease among cruise ship passengers exposed to a contaminated whirlpool spa.,Jernigan DB; Hofmann J; Cetron MS; Genese CA; Nuorti JP et al.,"Lancet (London, England)",1996-Feb,1996,10.1016/s0140-6736(96)91137-x,"Outbreaks of travel-related Legionnaires' disease present a public-health challenge since rapid, sensitive, and specific diagnostic tests are not widely used and because detection of clusters of disease among travellers is difficult. We report an outbreak of Legionnaires' disease among cruise ship passengers that occurred in April, 1994, but that went unrecognised until July, 1994. After rapid diagnosis of Legionnaires' disease in three passengers by urine antigen testing, we searched for additional cases of either confirmed (laboratory evidence of infection) or probable Legionnaires' disease (pneumonia of undetermined cause). A case-control study was conducted to compare exposures and activities on the ship and in ports of call between each case-passenger and two or three matched control-passengers. Water samples from the ship, from sites on Bermuda, and from the ship's water source in New York City were cultured for legionellae and examined with PCR. 50 passengers with Legionnaires' disease (16 confirmed, 34 probable) were identified from nine cruises embarking between April 30 and July 9, 1994. Exposure to whirlpool spas was strongly associated with disease (odds ratio 16.2, 95% Cl 2.8-351:7); risk of acquiring Legionnaires' disease increased by 64% (95% Cl 12-140) for every hour spent in the spa water. Passengers spending time around the whirlpool spas, but not in the water, were also significantly more likely to have acquired infection. Legionella pneumophila serogroup 1 was isolated only from the sand filter in the ship's whirlpool spa. This isolate matched a clinical isolate from the respiratory secretions of a case-passenger as judged by monoclonal antibody subtyping and by arbitrarily primed PCR. This investigation shows the benefit of obtaining a recent travel history, the usefulness or urine antigen testing for rapid diagnosis of legionella infection, and the need for improved surveillance for travel-related Legionnaires' disease. New strategies for whirlpool spa maintenance and decontamination may help to minimise transmission of legionellae from these aerosol-producing devices.","Adolescent; Adult; Aged; Aged, 80 and over; Case-Control Studies; Disease Outbreaks; Environmental Microbiology; Female; Humans; Hydrotherapy; Legionella pneumophila; Legionnaires' Disease; Leisure Activities; Male; Middle Aged; Ships; Travel; Water Microbiology; Water Supply",Journal Article,yes
8606476,"Epidemiology of diarrheal disease outbreaks on cruise ships, 1986 through 1993.",Koo D; Maloney K; Tauxe R,JAMA,1996-Feb,1996,,"To describe the epidemiology of cruise-associated diarrheal disease outbreaks from 1986 through 1993, to determine if the incidence had changed since 1985, and to determine the preventability of outbreaks that continue to occur. The numerator data were collated from Centers for Disease Control and Prevention (CDC) outbreak investigation reports from 1986 through 1993. The denominator data were summations of cruise ship data on the number of passengers and length of cruises collected during routine diarrheal illness surveillance, available only for the period 1989 through 1993. Cruise ships with outbreaks of diarrheal disease. Cruise ship passengers and crew of staff ho participated in the original investigations. The incidence of outbreaks during the study period, pathogens isolated, and vehicles of transmission implicated in investigations. Among cruises of 3 to 15 days, CDC staff investigated 1.4 outbreaks per 1000 cruises, or 2.3 outbreaks per 10 million passenger-days. An etiologic agent was implicated in 21 (68%) of 31 investigated outbreaks: bacterial in 12, viral in nine. A specific vehicle of transmission was identified in 16. The most common vehicles of transmission were undercooked scallops (three outbreaks caused by enterotoxigenic Escherichia coli), eggs (two outbreaks caused by Salmonella serotype Enteritidis, one by Norwalk-like virus), and food items provided by caterers during onshore excursions (three outbreaks, one caused by Shigella sonnei). Observance of two simple precautions could have prevented almost one third (5/16, or 31%) of the investigated outbreaks on cruise ships. Cruise lines have been reminded to cook seafoods thoroughly and to use pasteurized eggs for menu items calling for pooled eggs. Preventing food handlers from working while ill and not using onshore caterers for offship excursions might have prevented at least an additional one third (5/16) of these outbreaks.",Diarrhea; Disease Outbreaks; Food; Humans; Incidence; Recreation; Ships,Journal Article,yes
7594688,Vibrio cholerae O139 Bengal infections among tourists to Southeast Asia: an intercontinental foodborne outbreak.,Boyce TG; Mintz ED; Greene KD; Wells JG; Hockin JC et al.,The Journal of infectious diseases,1995-Nov,1995,10.1093/infdis/172.5.1401,"To determine the source and extent of an outbreak of Vibrio cholerae O139 Bengal infections among 630 cruise ship passengers to Southeast Asia, a retrospective cohort study was done. Questionnaires were sent to all passengers from the United States, Canada, and the United Kingdom, and serum samples were requested from all passengers reporting diarrhea. A case was defined as diarrheal illness with onset between 8 and 28 February 1994 and a cholera antitoxic antibody titer > or = 800. Six passengers, including 1 with bacteremia, met the case definition. Illness was associated with eating yellow rice at a buffet restaurant in Bangkok on 10 February (relative risk undefined, P = .005). This international outbreak demonstrates foodborne transmission of Vibrio cholerae O139 Bengal, an emerging cause of epidemic cholera in Asia, to tourists from Western countries. Physicians should suspect infection with either V. cholerae O1 or O139 in any patient with severe watery diarrhea after travel to the developing world.","Aged; Asia, Southeastern; Canada; Cholera; Cohort Studies; Diarrhea; Disease Outbreaks; Food Microbiology; Humans; Male; Restaurants; Retrospective Studies; Serotyping; Thailand; Travel; United Kingdom; United States; Vibrio cholerae",Case Reports; Journal Article,yes
7933412,From the Centers for Disease Control and Prevention. Outbreak of Shigella flexneri 2a infections on a cruise ship.,,JAMA,1994-Nov,1994,,,"Disease Outbreaks; Dysentery, Bacillary; Humans; Naval Medicine; Shigella flexneri; Ships",Journal Article,yes
8084051,"From the Centers for Disease Control and Prevention. Update: outbreak of Legionnaires' Disease associated with a cruise ship, 1994.",,JAMA,1994-Sep,1994,,,Case-Control Studies; Disease Outbreaks; Humans; Legionnaires' Disease; Leisure Activities; Ships; Water Microbiology; Water Supply,Journal Article,yes
8072477,Outbreak of Shigella flexneri 2a infections on a cruise ship.,,MMWR. Morbidity and mortality weekly report,1994-Sep,1994,,,"Disease Outbreaks; Dysentery, Bacillary; Humans; Naval Medicine; Shigella flexneri; Ships",Journal Article,yes
8047054,"Update: outbreak of Legionnaires' disease associated with a cruise ship, 1994.",,MMWR. Morbidity and mortality weekly report,1994-Aug,1994,,,Case-Control Studies; Disease Outbreaks; Humans; Legionnaires' Disease; Leisure Activities; Ships; Water Microbiology; Water Supply,Journal Article,yes
8040967,"From the Centers for Disease Control and Prevention. Outbreak of pneumonia associated with a cruise ship, 1994.",,JAMA,1994-Aug,1994,,,Disease Outbreaks; Humans; Legionnaires' Disease; Pneumonia; Ships; United States,Journal Article,yes
8022399,"Outbreak of pneumonia associated with a cruise ship, 1994.",,MMWR. Morbidity and mortality weekly report,1994-Jul,1994,,,Disease Outbreaks; Humans; Legionnaires' Disease; Pneumonia; Ships; United States,Journal Article,yes
8027335,Characterization of a variant strain of Norwalk virus from a food-borne outbreak of gastroenteritis on a cruise ship in Hawaii.,Herwaldt BL; Lew JF; Moe CL; Lewis DC; Humphrey CD et al.,Journal of clinical microbiology,1994-Apr,1994,10.1128/jcm.32.4.861-866.1994,"A gastroenteritis outbreak affecting at least 217 (41%) of 527 passengers on a cruise ship was caused by a variant strain of Norwalk virus (NV) that is related to but distinct from the prototype NV strain. Consumption of fresh-cut fruit served at two buffets was significantly associated with illness (P < or = 0.01), and a significant dose-response relationship was evident between illness and the number of various fresh-cut fruit items eaten. Seven (58%) of 12 paired serum specimens from ill persons demonstrated at least fourfold rises in antibody response to recombinant NV capsid antigen. A 32-nm small round-structured virus was visualized by electron microscopy in 4 (29%) of 14 fecal specimens, but none of the 8 specimens that were examined by an enzyme immunoassay for NV antigen demonstrated antigen. Four (40%) of 10 fecal specimens were positive by reverse transcriptase-PCR by using primer pairs selected from the polymerase region of NV. In a 145-bp region, the PCR product shared only 72% nucleotide sequence identity with the reference NV strain and 77% nucleotide sequence identity with Southampton virus but shared 95% nucleotide sequence identity with UK2 virus, a United Kingdom reference virus strain. In addition, the outbreak virus was serotyped as UK2 virus by solid-phase immune electron microscopy. The genetic and antigenic divergence of the outbreak strain from the reference NV strain highlights the need for more broadly reactive diagnostic assays and for improved understanding of the relatedness of the NV group of agents.","Antigenic Variation; Antigens, Viral; Caliciviridae Infections; Case-Control Studies; Disease Outbreaks; Feces; Food Microbiology; Foodborne Diseases; Fruit; Gastroenteritis; Genetic Variation; Hawaii; Humans; Norwalk virus; Polymerase Chain Reaction; Serotyping; Ships",Journal Article,yes
8150941,Norwalk virus-associated gastroenteritis traced to ice consumption aboard a cruise ship in Hawaii: comparison and application of molecular method-based assays.,Khan AS; Moe CL; Glass RI; Monroe SS; Estes MK et al.,Journal of clinical microbiology,1994-Feb,1994,10.1128/jcm.32.2.318-322.1994,"Investigation of an outbreak of acute nonbacterial gastroenteritis on a cruise ship provided an opportunity to assess new molecular method-based diagnostic methods for Norwalk virus (NV) and the antibody response to NV infection. The outbreak began within 36 h of embarkation and affected 30% of 672 passengers and crew. No single meal, seating, or food item was implicated in the transmission of NV, but a passenger's risk of illness was associated with the amount of ice (but not water) consumed (chi-square for trend, P = 0.009). Of 19 fecal specimens examined, 7 were found to contain 27-nm NV-like particles by electron microscopy and 16 were positive by PCR with very sensitive NV-specific primers, but only 5 were positive by a new highly specific antigen enzyme immunoassay for NV. Ten of 12 serum specimen pairs demonstrated a fourfold or greater rise in antibody titer to recombinant baculovirus-expressed NV antigen. The amplified PCR band shared only 81% nucleotide sequence homology with the reference NV strain, which may explain the lack of utility of the fecal specimen enzyme immunoassay. This report, the first to document the use of these molecular method-based assays for investigation of an outbreak, demonstrates the importance of highly sensitive viral diagnostics such as PCR and serodiagnosis for the epidemiologic investigation of NV gastroenteritis.","Antibodies, Viral; Antigens, Viral; Caliciviridae Infections; Disease Outbreaks; Feces; Gastroenteritis; Hawaii; Humans; Ice; Immunoenzyme Techniques; Norwalk virus; Polymerase Chain Reaction; Sensitivity and Specificity; Ships; Travel; Virology; Water Microbiology","Comparative Study; Journal Article; Research Support, U.S. Gov't, P.H.S.",yes
8444995,Causal attributions and post-traumatic stress in adolescents.,Joseph SA; Brewin CR; Yule W; Williams R,"Journal of child psychology and psychiatry, and allied disciplines",1993-Feb,1993,10.1111/j.1469-7610.1993.tb00982.x,"The aim of the present study was to explore the relationship between causal attributions made by adolescent survivors of the Jupiter cruise ship sinking, and post-traumatic symptomatology in the year following disaster. Evidence is presented that more internal causal attributions for negative and uncontrollable events during the incident are associated with greater post-traumatic stress one year later. The findings are discussed with reference to an attributional model of shame.","Adolescent; Causality; Disasters; Female; Humans; Male; Severity of Illness Index; Stress Disorders, Post-Traumatic",Journal Article,no
