event_id,ship_name,ship_type,voyage_route,outbreak_year,outbreak_duration_days,pathogen_identified,pathogen_category,secondary_pathogens,clinical_syndrome,cases_passengers,cases_crew,total_crew_onboard,attack_rate_percent,hospitalisations,deaths,transmission_route,data_source_category,data_source_reference,source_url,public_health_response,notes
EVT-757,American Adventure,ocean_cruise,NR,1993,39,Shigella flexneri,foodborne_waterborne_bacterial,NR,acute_gastroenteritis,NR,NR,NR,NR,NR,0,foodborne,official_public_health,NR,https://www.cdc.gov/vessel-sanitation/cruise-ship-outbreaks/index.html,enhanced_sanitation; port_health_notification,NR
EVT-751,Viking Serenade,ocean_cruise,San Pedro - Baja California,1994,4,Shigella flexneri 2a,foodborne_waterborne_bacterial,NR,acute_gastroenteritis,586,24,594,NR,5,1,foodborne,official_public_health,NR,https://www.cdc.gov/mmwr/preview/mmwrhtml/00032506.htm,enhanced_sanitation; port_health_notification,CDC MMWR 1994; 586 passengers + 24 crew ill; 1 death (78-year-old man); Royal Caribbean Cruises
EVT-752,Regent Rainbow,ocean_cruise,NR,1994,15,Viral gastroenteritis (unspecified),gastrointestinal_viral,NR,acute_gastroenteritis,NR,NR,NR,NR,NR,0,fecal-oral/person-to-person,official_public_health,NR,https://www.cdc.gov/vessel-sanitation/cruise-ship-outbreaks/index.html,enhanced_sanitation; port_health_notification,NR
EVT-764,StarShip Oceanic,ocean_cruise,NR,1994,NR,Norovirus,gastrointestinal_viral,NR,acute_gastroenteritis,NR,NR,NR,NR,NR,NR,fecal-oral/person-to-person,official_public_health,CDC VSP Archived Outbreak Updates 1993-2018,https://archive.cdc.gov/www_cdc_gov/nceh/vsp/surv/outbreak/archived-outbreaks-1993-2018.html,enhanced_sanitation; port_health_notification,Premier Cruise Line; sailing 6/13/1994-6/17/1994
EVT-013,Horizon,ocean_cruise,New York - Bermuda,1994,NR,Legionella pneumophila,legionella,NR,legionnaires_disease,50,0,NR,NR,NR,1,aerosolized water (whirlpool spa),academic,NR,https://doi.org/10.1016/S0140-6736(96)91137-X,enhanced_sanitation; port_health_notification,Jernigan et al. Lancet 1996; 50 cases (16 confirmed + 34 probable) across 9 cruises Apr-Jul 1994; ship identified as M/V Horizon
EVT-303,NR,ocean_cruise,Southeast Asia,1994,NR,Vibrio cholerae O139,foodborne_waterborne_bacterial,NR,acute_gastroenteritis,NR,NR,NR,NR,NR,NR,foodborne,academic,"J Infect Dis 1995; Vibrio cholerae O139 Bengal outbreak among tourists on cruise/passenger ship to Southeast Asia, 1994",https://doi.org/10.1093/infdis/172.5.1401,NR,Cholera O139 Bengal strain outbreak among tourists on cruise/passenger ship
EVT-753,Fantasy,ocean_cruise,NR,1995,5,Shigella sonnei,foodborne_waterborne_bacterial,NR,acute_gastroenteritis,NR,NR,NR,NR,NR,0,foodborne,official_public_health,NR,https://www.cdc.gov/vessel-sanitation/cruise-ship-outbreaks/index.html,enhanced_sanitation; port_health_notification,NR
EVT-754,Horizon,ocean_cruise,NR,1995,8,Salmonella spp.,foodborne_waterborne_bacterial,NR,acute_gastroenteritis,NR,NR,NR,NR,NR,0,foodborne,official_public_health,NR,https://www.cdc.gov/vessel-sanitation/cruise-ship-outbreaks/index.html,enhanced_sanitation; port_health_notification,NR
EVT-755,Crown Odyssey,ocean_cruise,NR,1995,15,Escherichia coli (ETEC),foodborne_waterborne_bacterial,NR,acute_gastroenteritis,NR,NR,NR,NR,NR,0,foodborne,official_public_health,NR,https://www.cdc.gov/vessel-sanitation/cruise-ship-outbreaks/index.html,enhanced_sanitation; port_health_notification,NR
EVT-756,Royal Princess,ocean_cruise,NR,1996,12,Escherichia coli (ETEC),foodborne_waterborne_bacterial,NR,acute_gastroenteritis,NR,NR,NR,NR,NR,0,foodborne,official_public_health,NR,https://www.cdc.gov/vessel-sanitation/cruise-ship-outbreaks/index.html,enhanced_sanitation; port_health_notification,NR
EVT-765,Jubilee,ocean_cruise,NR,1996,NR,Norovirus,gastrointestinal_viral,NR,acute_gastroenteritis,NR,NR,NR,NR,NR,NR,fecal-oral/person-to-person,official_public_health,CDC VSP Archived Outbreak Updates 1993-2018,https://archive.cdc.gov/www_cdc_gov/nceh/vsp/surv/outbreak/archived-outbreaks-1993-2018.html,enhanced_sanitation; port_health_notification,Carnival Cruise Line; sailing 6/16/1996-6/23/1996
EVT-766,Noordam,ocean_cruise,NR,1996,NR,Norovirus,gastrointestinal_viral,NR,acute_gastroenteritis,NR,NR,NR,NR,NR,NR,fecal-oral/person-to-person,official_public_health,CDC VSP Archived Outbreak Updates 1993-2018,https://archive.cdc.gov/www_cdc_gov/nceh/vsp/surv/outbreak/archived-outbreaks-1993-2018.html,enhanced_sanitation; port_health_notification,Holland America Line; sailing 4/27/1996-5/11/1996
EVT-039,Unnamed cruise ship (Norovirus 1997),ocean_cruise,Caribbean,1997,7,Norovirus,gastrointestinal_viral,NR,acute_gastroenteritis,215,18,NR,NR,NR,0,fecal-oral/person-to-person,official_public_health,NR,https://www.cdc.gov/vessel-sanitation/cruise-ship-outbreaks/index.html,enhanced_sanitation,NR
EVT-300,NR,ocean_cruise,Florida,1997,NR,Rubella virus,vaccine_preventable,NR,febrile_rash_illness,0,NR,NR,NR,NR,NR,airborne,official_public_health,"CDC MMWR 1998; Rubella outbreak among crew of two commercial cruise ships, Florida, 1997",https://www.cdc.gov/mmwr/preview/mmwrhtml/00050783.htm,NR,Multiple crew affected across 2 commercial cruise ships in Florida
EVT-749,Noordam,ocean_cruise,NR,1997,8,Cyclospora cayetanensis,foodborne_waterborne_bacterial,NR,acute_gastroenteritis,NR,NR,NR,NR,NR,0,foodborne,official_public_health,NR,https://www.cdc.gov/vessel-sanitation/cruise-ship-outbreaks/index.html,enhanced_sanitation; port_health_notification,NR
EVT-767,Regal Princess,ocean_cruise,NR,1997,NR,NR,unknown,NR,acute_gastroenteritis,NR,NR,NR,NR,NR,NR,fecal-oral/person-to-person,official_public_health,CDC VSP Archived Outbreak Updates 1993-2018,https://archive.cdc.gov/www_cdc_gov/nceh/vsp/surv/outbreak/archived-outbreaks-1993-2018.html,enhanced_sanitation; port_health_notification,Princess Cruises; sailing 2/13/1997-2/28/1997; specimens not obtained
EVT-768,Nantucket Clipper,ocean_cruise,NR,1997,NR,Norovirus,gastrointestinal_viral,NR,acute_gastroenteritis,NR,NR,NR,NR,NR,NR,fecal-oral/person-to-person,official_public_health,CDC VSP Archived Outbreak Updates 1993-2018,https://archive.cdc.gov/www_cdc_gov/nceh/vsp/surv/outbreak/archived-outbreaks-1993-2018.html,enhanced_sanitation; port_health_notification,Clipper Cruise Line; sailing 2/8/1997-2/15/1997
EVT-769,Royal Odyssey,ocean_cruise,NR,1997,NR,Norovirus,gastrointestinal_viral,NR,acute_gastroenteritis,NR,NR,NR,NR,NR,NR,fecal-oral/person-to-person,official_public_health,CDC VSP Archived Outbreak Updates 1993-2018,https://archive.cdc.gov/www_cdc_gov/nceh/vsp/surv/outbreak/archived-outbreaks-1993-2018.html,enhanced_sanitation; port_health_notification,Royal Cruise Line; sailing 3/4/1997-3/14/1997
EVT-770,Royal Odyssey,ocean_cruise,NR,1997,NR,Norovirus,gastrointestinal_viral,NR,acute_gastroenteritis,NR,NR,NR,NR,NR,NR,fecal-oral/person-to-person,official_public_health,CDC VSP Archived Outbreak Updates 1993-2018,https://archive.cdc.gov/www_cdc_gov/nceh/vsp/surv/outbreak/archived-outbreaks-1993-2018.html,enhanced_sanitation; port_health_notification,Royal Cruise Line; sailing 3/25/1997-4/4/1997; no sail recommendation
EVT-771,Royal Princess,ocean_cruise,NR,1997,NR,Escherichia coli (ETEC),foodborne_waterborne_bacterial,NR,acute_gastroenteritis,NR,NR,NR,NR,NR,NR,foodborne,official_public_health,CDC VSP Archived Outbreak Updates 1993-2018,https://archive.cdc.gov/www_cdc_gov/nceh/vsp/surv/outbreak/archived-outbreaks-1993-2018.html,enhanced_sanitation; port_health_notification,Princess Cruises; sailing 4/15/1997-4/19/1997
EVT-772,Nantucket Clipper,ocean_cruise,NR,1997,NR,Norovirus,gastrointestinal_viral,NR,acute_gastroenteritis,NR,NR,NR,NR,NR,NR,fecal-oral/person-to-person,official_public_health,CDC VSP Archived Outbreak Updates 1993-2018,https://archive.cdc.gov/www_cdc_gov/nceh/vsp/surv/outbreak/archived-outbreaks-1993-2018.html,enhanced_sanitation; port_health_notification,Clipper Cruise Line; sailing 10/23/1997-10/30/1997
EVT-773,Regal Empress,ocean_cruise,NR,1997,NR,Escherichia coli (ETEC),foodborne_waterborne_bacterial,NR,acute_gastroenteritis,NR,NR,NR,NR,NR,NR,foodborne,official_public_health,CDC VSP Archived Outbreak Updates 1993-2018,https://archive.cdc.gov/www_cdc_gov/nceh/vsp/surv/outbreak/archived-outbreaks-1993-2018.html,enhanced_sanitation; port_health_notification,Regal Cruises; sailing 12/17/1997-12/21/1997
EVT-774,Zenith,ocean_cruise,NR,1997,NR,NR,unknown,NR,acute_gastroenteritis,NR,NR,NR,NR,NR,NR,fecal-oral/person-to-person,official_public_health,CDC VSP Archived Outbreak Updates 1993-2018,https://archive.cdc.gov/www_cdc_gov/nceh/vsp/surv/outbreak/archived-outbreaks-1993-2018.html,enhanced_sanitation; port_health_notification,Celebrity Cruises; sailing 12/5/1997-12/15/1997; specimens not obtained
EVT-015,Unnamed cruise ship (Miller 2000),ocean_cruise,Alaska,1997,7,Influenza A (H3N2),respiratory_viral,NR,influenza_like_illness,215,NR,NR,NR,NR,0,airborne/droplet,academic,NR,https://doi.org/10.1086/313974,port_health_notification,Miller et al. CID 2000; 215 ARI cases on cruise 2 (Sep 1997); novel A/Sydney/5/97-like H3N2 strain identified
EVT-775,Legend of the Seas,ocean_cruise,NR,1998,NR,Norovirus,gastrointestinal_viral,NR,acute_gastroenteritis,NR,NR,NR,NR,NR,NR,fecal-oral/person-to-person,official_public_health,CDC VSP Archived Outbreak Updates 1993-2018,https://archive.cdc.gov/www_cdc_gov/nceh/vsp/surv/outbreak/archived-outbreaks-1993-2018.html,enhanced_sanitation; port_health_notification,Royal Caribbean; sailing 2/28/1998-3/11/1998
EVT-776,Statendam,ocean_cruise,NR,1998,NR,NR,unknown,NR,acute_gastroenteritis,NR,NR,NR,NR,NR,NR,fecal-oral/person-to-person,official_public_health,CDC VSP Archived Outbreak Updates 1993-2018,https://archive.cdc.gov/www_cdc_gov/nceh/vsp/surv/outbreak/archived-outbreaks-1993-2018.html,enhanced_sanitation; port_health_notification,Holland America Line; sailing 3/29/1998-4/8/1998; specimens not obtained
EVT-777,Ocean Breeze,ocean_cruise,NR,1998,NR,Escherichia coli (ETEC),foodborne_waterborne_bacterial,NR,acute_gastroenteritis,NR,NR,NR,NR,NR,NR,foodborne,official_public_health,CDC VSP Archived Outbreak Updates 1993-2018,https://archive.cdc.gov/www_cdc_gov/nceh/vsp/surv/outbreak/archived-outbreaks-1993-2018.html,enhanced_sanitation; port_health_notification,Imperial Majesty Cruises; sailing 5/17/1998-5/24/1998; investigation at request of cruise line outside the U.S.
EVT-778,Regal Princess,ocean_cruise,NR,1998,NR,Norovirus,gastrointestinal_viral,NR,acute_gastroenteritis,NR,NR,NR,NR,NR,NR,fecal-oral/person-to-person,official_public_health,CDC VSP Archived Outbreak Updates 1993-2018,https://archive.cdc.gov/www_cdc_gov/nceh/vsp/surv/outbreak/archived-outbreaks-1993-2018.html,enhanced_sanitation; port_health_notification,Princess Cruises; sailing 6/7/1998-6/14/1998
EVT-779,Regal Princess,ocean_cruise,NR,1998,NR,Norovirus,gastrointestinal_viral,NR,acute_gastroenteritis,NR,NR,NR,NR,NR,NR,fecal-oral/person-to-person,official_public_health,CDC VSP Archived Outbreak Updates 1993-2018,https://archive.cdc.gov/www_cdc_gov/nceh/vsp/surv/outbreak/archived-outbreaks-1993-2018.html,enhanced_sanitation; port_health_notification,Princess Cruises; sailing 6/14/1998-6/21/1998
EVT-780,Regal Princess,ocean_cruise,NR,1998,NR,Norovirus,gastrointestinal_viral,NR,acute_gastroenteritis,NR,NR,NR,NR,NR,NR,fecal-oral/person-to-person,official_public_health,CDC VSP Archived Outbreak Updates 1993-2018,https://archive.cdc.gov/www_cdc_gov/nceh/vsp/surv/outbreak/archived-outbreaks-1993-2018.html,enhanced_sanitation; port_health_notification,Princess Cruises; sailing 6/21/1998-6/28/1998
EVT-781,Norway,ocean_cruise,NR,1998,NR,Norovirus,gastrointestinal_viral,NR,acute_gastroenteritis,NR,NR,NR,NR,NR,NR,fecal-oral/person-to-person,official_public_health,CDC VSP Archived Outbreak Updates 1993-2018,https://archive.cdc.gov/www_cdc_gov/nceh/vsp/surv/outbreak/archived-outbreaks-1993-2018.html,enhanced_sanitation; port_health_notification,Norwegian Cruise Line; sailing 10/10/1998-10/24/1998
EVT-782,Vision of the Seas,ocean_cruise,NR,1998,NR,NR,unknown,NR,acute_gastroenteritis,NR,NR,NR,NR,NR,NR,fecal-oral/person-to-person,official_public_health,CDC VSP Archived Outbreak Updates 1993-2018,https://archive.cdc.gov/www_cdc_gov/nceh/vsp/surv/outbreak/archived-outbreaks-1993-2018.html,enhanced_sanitation; port_health_notification,Royal Caribbean; sailing 11/28/1998-12/7/1998; specimens not obtained
EVT-871,Nantucket Clipper,ocean_cruise,NR,1998,NR,Norovirus,gastrointestinal_viral,NR,acute_gastroenteritis,NR,NR,NR,NR,NR,NR,fecal-oral/person-to-person,official_public_health,CDC VSP Outbreak Investigations,https://archive.cdc.gov/www_cdc_gov/nceh/vsp/surv/outbreak/archived-outbreaks-1993-2018.html,enhanced_sanitation; port_health_notification,Clipper Cruise Line; sailing 1/2/1998-1/9/1999
EVT-783,Nantucket Clipper,ocean_cruise,NR,1999,NR,Norovirus,gastrointestinal_viral,NR,acute_gastroenteritis,NR,NR,NR,NR,NR,NR,fecal-oral/person-to-person,official_public_health,CDC VSP Archived Outbreak Updates 1993-2018,https://archive.cdc.gov/www_cdc_gov/nceh/vsp/surv/outbreak/archived-outbreaks-1993-2018.html,enhanced_sanitation; port_health_notification,Clipper Cruise Line; sailing 1/2/1998-1/9/1999
EVT-784,Nantucket Clipper,ocean_cruise,NR,1999,NR,Norovirus,gastrointestinal_viral,NR,acute_gastroenteritis,NR,NR,NR,NR,NR,NR,fecal-oral/person-to-person,official_public_health,CDC VSP Archived Outbreak Updates 1993-2018,https://archive.cdc.gov/www_cdc_gov/nceh/vsp/surv/outbreak/archived-outbreaks-1993-2018.html,enhanced_sanitation; port_health_notification,Clipper Cruise Line; sailing 1/9/1999-1/16/1999
EVT-785,Nantucket Clipper,ocean_cruise,NR,1999,NR,Norovirus,gastrointestinal_viral,NR,acute_gastroenteritis,NR,NR,NR,NR,NR,NR,fecal-oral/person-to-person,official_public_health,CDC VSP Archived Outbreak Updates 1993-2018,https://archive.cdc.gov/www_cdc_gov/nceh/vsp/surv/outbreak/archived-outbreaks-1993-2018.html,enhanced_sanitation; port_health_notification,Clipper Cruise Line; sailing 1/16/1999-1/23/1999
EVT-786,Nantucket Clipper,ocean_cruise,NR,1999,NR,Norovirus,gastrointestinal_viral,NR,acute_gastroenteritis,NR,NR,NR,NR,NR,NR,fecal-oral/person-to-person,official_public_health,CDC VSP Archived Outbreak Updates 1993-2018,https://archive.cdc.gov/www_cdc_gov/nceh/vsp/surv/outbreak/archived-outbreaks-1993-2018.html,enhanced_sanitation; port_health_notification,Clipper Cruise Line; sailing 1/23/1999-1/30/1999
EVT-787,Nantucket Clipper,ocean_cruise,NR,1999,NR,Norovirus,gastrointestinal_viral,NR,acute_gastroenteritis,NR,NR,NR,NR,NR,NR,fecal-oral/person-to-person,official_public_health,CDC VSP Archived Outbreak Updates 1993-2018,https://archive.cdc.gov/www_cdc_gov/nceh/vsp/surv/outbreak/archived-outbreaks-1993-2018.html,enhanced_sanitation; port_health_notification,Clipper Cruise Line; sailing 1/30/1999-2/6/1999
EVT-788,Nantucket Clipper,ocean_cruise,NR,2000,NR,Norovirus,gastrointestinal_viral,NR,acute_gastroenteritis,NR,NR,NR,NR,NR,NR,fecal-oral/person-to-person,official_public_health,CDC VSP Archived Outbreak Updates 1993-2018,https://archive.cdc.gov/www_cdc_gov/nceh/vsp/surv/outbreak/archived-outbreaks-1993-2018.html,enhanced_sanitation; port_health_notification,Clipper Cruise Line; sailing 1/15/2000-1/22/2000
EVT-789,Nantucket Clipper,ocean_cruise,NR,2000,NR,Norovirus,gastrointestinal_viral,NR,acute_gastroenteritis,NR,NR,NR,NR,NR,NR,fecal-oral/person-to-person,official_public_health,CDC VSP Archived Outbreak Updates 1993-2018,https://archive.cdc.gov/www_cdc_gov/nceh/vsp/surv/outbreak/archived-outbreaks-1993-2018.html,enhanced_sanitation; port_health_notification,Clipper Cruise Line; sailing 1/22/2000-1/29/2000
EVT-790,Nantucket Clipper,ocean_cruise,NR,2000,NR,Norovirus,gastrointestinal_viral,NR,acute_gastroenteritis,NR,NR,NR,NR,NR,NR,fecal-oral/person-to-person,official_public_health,CDC VSP Archived Outbreak Updates 1993-2018,https://archive.cdc.gov/www_cdc_gov/nceh/vsp/surv/outbreak/archived-outbreaks-1993-2018.html,enhanced_sanitation; port_health_notification,Clipper Cruise Line; sailing 2/5/2000-2/12/2000
EVT-791,Palm Beach Princess,ocean_cruise,NR,2000,NR,NR,unknown,NR,acute_gastroenteritis,NR,NR,NR,NR,NR,NR,fecal-oral/person-to-person,official_public_health,CDC VSP Archived Outbreak Updates 1993-2018,https://archive.cdc.gov/www_cdc_gov/nceh/vsp/surv/outbreak/archived-outbreaks-1993-2018.html,enhanced_sanitation; port_health_notification,Palm Beach Casino Line; sailing 5/18/2000-6/1/2000; specimens not obtained
EVT-792,Spirit of Glacier Bay,ocean_cruise,NR,2000,NR,Norovirus,gastrointestinal_viral,NR,acute_gastroenteritis,NR,NR,NR,NR,NR,NR,fecal-oral/person-to-person,official_public_health,CDC VSP Archived Outbreak Updates 1993-2018,https://archive.cdc.gov/www_cdc_gov/nceh/vsp/surv/outbreak/archived-outbreaks-1993-2018.html,enhanced_sanitation; port_health_notification,Cruise West; sailing 5/28/2000-6/1/2000
EVT-793,Disney Magic,ocean_cruise,NR,2000,NR,Salmonella spp.,foodborne_waterborne_bacterial,NR,acute_gastroenteritis,NR,NR,NR,NR,NR,NR,foodborne,official_public_health,CDC VSP Archived Outbreak Updates 1993-2018,https://archive.cdc.gov/www_cdc_gov/nceh/vsp/surv/outbreak/archived-outbreaks-1993-2018.html,enhanced_sanitation; port_health_notification,Disney Cruise Line; sailing 6/2/2000-6/5/2000
EVT-794,Oriana,ocean_cruise,NR,2001,NR,NR,unknown,NR,acute_gastroenteritis,NR,NR,NR,NR,NR,NR,fecal-oral/person-to-person,official_public_health,CDC VSP Archived Outbreak Updates 1993-2018,https://archive.cdc.gov/www_cdc_gov/nceh/vsp/surv/outbreak/archived-outbreaks-1993-2018.html,enhanced_sanitation; port_health_notification,P&O Cruises; sailing 2/20/2001-3/14/2001; specimens not obtained
EVT-795,Caronia,ocean_cruise,NR,2001,NR,Norovirus,gastrointestinal_viral,NR,acute_gastroenteritis,NR,NR,NR,NR,NR,NR,fecal-oral/person-to-person,official_public_health,CDC VSP Archived Outbreak Updates 1993-2018,https://archive.cdc.gov/www_cdc_gov/nceh/vsp/surv/outbreak/archived-outbreaks-1993-2018.html,enhanced_sanitation; port_health_notification,Cunard Line; sailing 3/11/2001-3/29/2001
EVT-796,Mississippi,ocean_cruise,NR,2001,NR,Norovirus,gastrointestinal_viral,NR,acute_gastroenteritis,NR,NR,NR,NR,NR,NR,fecal-oral/person-to-person,official_public_health,CDC VSP Archived Outbreak Updates 1993-2018,https://archive.cdc.gov/www_cdc_gov/nceh/vsp/surv/outbreak/archived-outbreaks-1993-2018.html,enhanced_sanitation; port_health_notification,Delta Queen Steamboat Company; August 2001
EVT-797,Nantucket Clipper,ocean_cruise,NR,2001,NR,Norovirus,gastrointestinal_viral,NR,acute_gastroenteritis,NR,NR,NR,NR,NR,NR,fecal-oral/person-to-person,official_public_health,CDC VSP Archived Outbreak Updates 1993-2018,https://archive.cdc.gov/www_cdc_gov/nceh/vsp/surv/outbreak/archived-outbreaks-1993-2018.html,enhanced_sanitation; port_health_notification,Clipper Cruise Line; September 2001
EVT-870,Coronia,ocean_cruise,NR,2001,18,Norovirus,gastrointestinal_viral,NR,acute_gastroenteritis,NR,NR,NR,NR,NR,NR,fecal-oral/person-to-person,official_public_health,CDC VSP Outbreak Investigations,https://archive.cdc.gov/www_cdc_gov/nceh/vsp/surv/outbreak/archived-outbreaks-1993-2018.html,enhanced_sanitation; port_health_notification,Cunard Line; sailing 3/11/2001-3/29/2001
EVT-038,Unnamed cruise ship (Norovirus 2002),ocean_cruise,Alaska,2002,7,Norovirus,gastrointestinal_viral,NR,acute_gastroenteritis,348,31,NR,NR,NR,0,fecal-oral/person-to-person/environmental,official_public_health,NR,https://www.cdc.gov/vessel-sanitation/cruise-ship-outbreaks/index.html,enhanced_sanitation; port_health_notification,NR
EVT-304,NR,ocean_cruise,NR,2002,NR,Norovirus,gastrointestinal_viral,NR,acute_gastroenteritis,176,NR,NR,NR,NR,NR,fecal-oral,official_public_health,"CDC MMWR 2002; Norovirus outbreaks on cruise ships, 2002",https://www.cdc.gov/mmwr/preview/mmwrhtml/mm5149a2.htm,NR,Multiple ships affected; 176 passenger cases reported
EVT-745,Cunard Caronia,ocean_cruise,NR,2002,13,Escherichia coli (ETEC),foodborne_waterborne_bacterial,Shigella,acute_gastroenteritis,NR,NR,NR,NR,NR,0,foodborne,official_public_health,NR,https://www.cdc.gov/vessel-sanitation/cruise-ship-outbreaks/index.html,enhanced_sanitation; port_health_notification,NR
EVT-746,Nantucket Clipper,ocean_cruise,NR,2002,11,Sapovirus,gastrointestinal_viral,NR,acute_gastroenteritis,NR,NR,NR,NR,NR,0,fecal-oral/person-to-person,official_public_health,NR,https://www.cdc.gov/vessel-sanitation/cruise-ship-outbreaks/index.html,enhanced_sanitation; port_health_notification,NR
EVT-747,Norwegian Dream,ocean_cruise,NR,2002,16,Shigella spp.,foodborne_waterborne_bacterial,Giardia,acute_gastroenteritis,NR,NR,NR,NR,NR,0,foodborne,official_public_health,NR,https://www.cdc.gov/vessel-sanitation/cruise-ship-outbreaks/index.html,enhanced_sanitation; port_health_notification,NR
EVT-748,Seven Seas Mariner,ocean_cruise,NR,2002,10,Salmonella spp.,foodborne_waterborne_bacterial,NR,acute_gastroenteritis,NR,NR,NR,NR,NR,0,foodborne,official_public_health,NR,https://www.cdc.gov/vessel-sanitation/cruise-ship-outbreaks/index.html,enhanced_sanitation; port_health_notification,NR
EVT-798,Carnival Pride,ocean_cruise,NR,2002,NR,Norovirus,gastrointestinal_viral,NR,acute_gastroenteritis,NR,NR,NR,NR,NR,NR,fecal-oral/person-to-person,official_public_health,CDC VSP Archived Outbreak Updates 1993-2018,https://archive.cdc.gov/www_cdc_gov/nceh/vsp/surv/outbreak/archived-outbreaks-1993-2018.html,enhanced_sanitation; port_health_notification,Carnival Cruise Line; March 2002
EVT-799,Nantucket Clipper,ocean_cruise,NR,2002,NR,Norovirus,gastrointestinal_viral,NR,acute_gastroenteritis,NR,NR,NR,NR,NR,NR,fecal-oral/person-to-person,official_public_health,CDC VSP Archived Outbreak Updates 1993-2018,https://archive.cdc.gov/www_cdc_gov/nceh/vsp/surv/outbreak/archived-outbreaks-1993-2018.html,enhanced_sanitation; port_health_notification,Clipper Cruise Line; sailing 3/23/2002-3/30/2002
EVT-800,Ryndam,ocean_cruise,NR,2002,NR,Norovirus,gastrointestinal_viral,NR,acute_gastroenteritis,NR,NR,NR,NR,NR,NR,fecal-oral/person-to-person,official_public_health,CDC VSP Archived Outbreak Updates 1993-2018,https://archive.cdc.gov/www_cdc_gov/nceh/vsp/surv/outbreak/archived-outbreaks-1993-2018.html,enhanced_sanitation; port_health_notification,Holland America Line; sailing 4/7/2002-4/24/2002
EVT-801,Amsterdam,ocean_cruise,NR,2002,NR,NR,unknown,NR,acute_gastroenteritis,NR,NR,NR,NR,NR,NR,fecal-oral/person-to-person,official_public_health,CDC VSP Archived Outbreak Updates 1993-2018,https://archive.cdc.gov/www_cdc_gov/nceh/vsp/surv/outbreak/archived-outbreaks-1993-2018.html,enhanced_sanitation; port_health_notification,Holland America Line; sailing 1/4/2002-4/28/2002; specimens not obtained
EVT-802,Ocean Princess,ocean_cruise,NR,2002,NR,Norovirus,gastrointestinal_viral,NR,acute_gastroenteritis,NR,NR,NR,NR,NR,NR,fecal-oral/person-to-person,official_public_health,CDC VSP Archived Outbreak Updates 1993-2018,https://archive.cdc.gov/www_cdc_gov/nceh/vsp/surv/outbreak/archived-outbreaks-1993-2018.html,enhanced_sanitation; port_health_notification,Princess Cruises; sailing 5/25/2002-6/1/2002
EVT-803,Ryndam,ocean_cruise,NR,2002,NR,Norovirus,gastrointestinal_viral,NR,acute_gastroenteritis,NR,NR,NR,NR,NR,NR,fecal-oral/person-to-person,official_public_health,CDC VSP Archived Outbreak Updates 1993-2018,https://archive.cdc.gov/www_cdc_gov/nceh/vsp/surv/outbreak/archived-outbreaks-1993-2018.html,enhanced_sanitation; port_health_notification,Holland America Line; sailing 7/25/2002-8/1/2002
EVT-804,Yorktown Clipper,ocean_cruise,NR,2002,NR,NR,unknown,NR,acute_gastroenteritis,NR,NR,NR,NR,NR,NR,fecal-oral/person-to-person,official_public_health,CDC VSP Archived Outbreak Updates 1993-2018,https://archive.cdc.gov/www_cdc_gov/nceh/vsp/surv/outbreak/archived-outbreaks-1993-2018.html,enhanced_sanitation; port_health_notification,Clipper Cruise Line; sailing 7/27/2002-8/3/2002; specimens not obtained
EVT-805,Norwegian Sun,ocean_cruise,NR,2002,NR,NR,unknown,NR,acute_gastroenteritis,NR,NR,NR,NR,NR,NR,fecal-oral/person-to-person,official_public_health,CDC VSP Archived Outbreak Updates 1993-2018,https://archive.cdc.gov/www_cdc_gov/nceh/vsp/surv/outbreak/archived-outbreaks-1993-2018.html,enhanced_sanitation; port_health_notification,Norwegian Cruise Line; sailing 8/3/2002-8/10/2002; specimens not obtained
EVT-806,Norwegian Sun,ocean_cruise,NR,2002,NR,Norovirus,gastrointestinal_viral,NR,acute_gastroenteritis,NR,NR,NR,NR,NR,NR,fecal-oral/person-to-person,official_public_health,CDC VSP Archived Outbreak Updates 1993-2018,https://archive.cdc.gov/www_cdc_gov/nceh/vsp/surv/outbreak/archived-outbreaks-1993-2018.html,enhanced_sanitation; port_health_notification,Norwegian Cruise Line; sailing 9/28/2002-10/5/2002
EVT-807,Amsterdam,ocean_cruise,NR,2002,NR,Norovirus,gastrointestinal_viral,NR,acute_gastroenteritis,NR,NR,NR,NR,NR,NR,fecal-oral/person-to-person,official_public_health,CDC VSP Archived Outbreak Updates 1993-2018,https://archive.cdc.gov/www_cdc_gov/nceh/vsp/surv/outbreak/archived-outbreaks-1993-2018.html,enhanced_sanitation; port_health_notification,Holland America Line; sailing 10/1/2002-10/22/2002
EVT-808,Seabourn Pride,ocean_cruise,NR,2002,NR,NR,unknown,NR,acute_gastroenteritis,NR,NR,NR,NR,NR,NR,fecal-oral/person-to-person,official_public_health,CDC VSP Archived Outbreak Updates 1993-2018,https://archive.cdc.gov/www_cdc_gov/nceh/vsp/surv/outbreak/archived-outbreaks-1993-2018.html,enhanced_sanitation; port_health_notification,Seabourn Cruise Line; sailing 10/28/2002-11/10/2002; specimens not obtained
EVT-809,Amsterdam,ocean_cruise,NR,2002,NR,Norovirus,gastrointestinal_viral,NR,acute_gastroenteritis,NR,NR,NR,NR,NR,NR,fecal-oral/person-to-person,official_public_health,CDC VSP Archived Outbreak Updates 1993-2018,https://archive.cdc.gov/www_cdc_gov/nceh/vsp/surv/outbreak/archived-outbreaks-1993-2018.html,enhanced_sanitation; port_health_notification,Holland America Line; sailing 11/11/2002-11/21/2002
EVT-810,Disney Magic,ocean_cruise,NR,2002,NR,Norovirus,gastrointestinal_viral,NR,acute_gastroenteritis,NR,NR,NR,NR,NR,NR,fecal-oral/person-to-person,official_public_health,CDC VSP Archived Outbreak Updates 1993-2018,https://archive.cdc.gov/www_cdc_gov/nceh/vsp/surv/outbreak/archived-outbreaks-1993-2018.html,enhanced_sanitation; port_health_notification,Disney Cruise Line; sailing 11/11/2002-11/21/2002
EVT-811,Constellation,ocean_cruise,NR,2002,NR,Norovirus,gastrointestinal_viral,NR,acute_gastroenteritis,NR,NR,NR,NR,NR,NR,fecal-oral/person-to-person,official_public_health,CDC VSP Archived Outbreak Updates 1993-2018,https://archive.cdc.gov/www_cdc_gov/nceh/vsp/surv/outbreak/archived-outbreaks-1993-2018.html,enhanced_sanitation; port_health_notification,Celebrity Cruises; sailing 10/25/2002-11/8/2002
EVT-812,Oceana,ocean_cruise,NR,2002,NR,Norovirus,gastrointestinal_viral,NR,acute_gastroenteritis,NR,NR,NR,NR,NR,NR,fecal-oral/person-to-person,official_public_health,CDC VSP Archived Outbreak Updates 1993-2018,https://archive.cdc.gov/www_cdc_gov/nceh/vsp/surv/outbreak/archived-outbreaks-1993-2018.html,enhanced_sanitation; port_health_notification,P&O Cruises; sailing 11/29/2002-12/12/2002
EVT-813,Fascination,ocean_cruise,NR,2002,NR,Norovirus,gastrointestinal_viral,NR,acute_gastroenteritis,NR,NR,NR,NR,NR,NR,fecal-oral/person-to-person,official_public_health,CDC VSP Archived Outbreak Updates 1993-2018,https://archive.cdc.gov/www_cdc_gov/nceh/vsp/surv/outbreak/archived-outbreaks-1993-2018.html,enhanced_sanitation; port_health_notification,Carnival Cruises; sailing 11/30/2002-12/2/2002
EVT-814,Carnival Conquest,ocean_cruise,NR,2002,NR,Norovirus,gastrointestinal_viral,NR,acute_gastroenteritis,NR,NR,NR,NR,NR,NR,fecal-oral/person-to-person,official_public_health,CDC VSP Archived Outbreak Updates 1993-2018,https://archive.cdc.gov/www_cdc_gov/nceh/vsp/surv/outbreak/archived-outbreaks-1993-2018.html,enhanced_sanitation; port_health_notification,Carnival Cruise Line; sailing 12/8/2002-12/15/2002
EVT-815,Norway,ocean_cruise,NR,2002,NR,NR,unknown,NR,acute_gastroenteritis,NR,NR,NR,NR,NR,NR,fecal-oral/person-to-person,official_public_health,CDC VSP Archived Outbreak Updates 1993-2018,https://archive.cdc.gov/www_cdc_gov/nceh/vsp/surv/outbreak/archived-outbreaks-1993-2018.html,enhanced_sanitation; port_health_notification,Norwegian Cruise Line; sailing 12/28/2002-1/4/2003; specimens not obtained
EVT-816,Nantucket Clipper,ocean_cruise,NR,2002,NR,NR,unknown,NR,acute_gastroenteritis,NR,NR,NR,NR,NR,NR,fecal-oral/person-to-person,official_public_health,CDC VSP Archived Outbreak Updates 1993-2018,https://archive.cdc.gov/www_cdc_gov/nceh/vsp/surv/outbreak/archived-outbreaks-1993-2018.html,enhanced_sanitation; port_health_notification,Clipper Cruise Line; sailing 12/28/2002-1/4/2003; specimens not obtained
EVT-869,Caronia,ocean_cruise,NR,2002,12,Escherichia coli (ETEC),foodborne_waterborne_bacterial,Shigella,acute_gastroenteritis,NR,NR,NR,NR,NR,NR,foodborne,official_public_health,CDC VSP Outbreak Investigations,https://archive.cdc.gov/www_cdc_gov/nceh/vsp/surv/outbreak/archived-outbreaks-1993-2018.html,enhanced_sanitation; port_health_notification,Cunard Line; sailing 3/24/2002-4/5/2002
EVT-758,Unnamed cruise ship (Isakbaeva et al. 2005),ocean_cruise,Caribbean,2002,7,Norovirus,gastrointestinal_viral,NR,acute_gastroenteritis,215,32,NR,NR,NR,0,person-to-person/fomite,academic,NR,https://www.cdc.gov/vessel-sanitation/cruise-ship-outbreaks/index.html,enhanced_sanitation; port_health_notification,NR
EVT-817,Queen Elizabeth 2,ocean_cruise,NR,2003,NR,Norovirus,gastrointestinal_viral,NR,acute_gastroenteritis,NR,NR,NR,NR,NR,NR,fecal-oral/person-to-person,official_public_health,CDC VSP Archived Outbreak Updates 1993-2018,https://archive.cdc.gov/www_cdc_gov/nceh/vsp/surv/outbreak/archived-outbreaks-1993-2018.html,enhanced_sanitation; port_health_notification,Cunard Line; sailing 1/5/2003-1/18/2003
EVT-818,Arabella,ocean_cruise,NR,2003,NR,NR,unknown,NR,acute_gastroenteritis,NR,NR,NR,NR,NR,NR,fecal-oral/person-to-person,official_public_health,CDC VSP Archived Outbreak Updates 1993-2018,https://archive.cdc.gov/www_cdc_gov/nceh/vsp/surv/outbreak/archived-outbreaks-1993-2018.html,enhanced_sanitation; port_health_notification,Classic Cruises of Newport; sailing 1/11/2003-1/18/2003; specimens not obtained
EVT-819,Regal Empress,ocean_cruise,NR,2003,NR,NR,unknown,NR,acute_gastroenteritis,NR,NR,NR,NR,NR,NR,fecal-oral/person-to-person,official_public_health,CDC VSP Archived Outbreak Updates 1993-2018,https://archive.cdc.gov/www_cdc_gov/nceh/vsp/surv/outbreak/archived-outbreaks-1993-2018.html,enhanced_sanitation; port_health_notification,Regal Cruise Line; sailing 1/11/2003-1/18/2003
EVT-820,Olympia Voyager,ocean_cruise,NR,2003,NR,NR,unknown,NR,acute_gastroenteritis,NR,NR,NR,NR,NR,NR,fecal-oral/person-to-person,official_public_health,CDC VSP Archived Outbreak Updates 1993-2018,https://archive.cdc.gov/www_cdc_gov/nceh/vsp/surv/outbreak/archived-outbreaks-1993-2018.html,enhanced_sanitation; port_health_notification,Royal Olympic Cruises; sailing 1/15/2003-2/3/2003
EVT-821,Sun Dream,ocean_cruise,NR,2003,NR,Norovirus,gastrointestinal_viral,NR,acute_gastroenteritis,NR,NR,NR,NR,NR,NR,fecal-oral/person-to-person,official_public_health,CDC VSP Archived Outbreak Updates 1993-2018,https://archive.cdc.gov/www_cdc_gov/nceh/vsp/surv/outbreak/archived-outbreaks-1993-2018.html,enhanced_sanitation; port_health_notification,Sun Cruises; sailing 1/20/2003-2/3/2003
EVT-822,Carnival Spirit,ocean_cruise,NR,2003,NR,Norovirus,gastrointestinal_viral,NR,acute_gastroenteritis,NR,NR,NR,NR,NR,NR,fecal-oral/person-to-person,official_public_health,CDC VSP Archived Outbreak Updates 1993-2018,https://archive.cdc.gov/www_cdc_gov/nceh/vsp/surv/outbreak/archived-outbreaks-1993-2018.html,enhanced_sanitation; port_health_notification,Carnival Cruise Line; sailing 1/27/2003-2/4/2003
EVT-823,Sun Princess,ocean_cruise,NR,2003,NR,Norovirus,gastrointestinal_viral,NR,acute_gastroenteritis,NR,NR,NR,NR,NR,NR,fecal-oral/person-to-person,official_public_health,CDC VSP Archived Outbreak Updates 1993-2018,https://archive.cdc.gov/www_cdc_gov/nceh/vsp/surv/outbreak/archived-outbreaks-1993-2018.html,enhanced_sanitation; port_health_notification,Princess Cruises; sailing 1/25/2003-2/9/2003
EVT-824,Sun Dream,ocean_cruise,NR,2003,NR,Norovirus,gastrointestinal_viral,NR,acute_gastroenteritis,NR,NR,NR,NR,NR,NR,fecal-oral/person-to-person,official_public_health,CDC VSP Archived Outbreak Updates 1993-2018,https://archive.cdc.gov/www_cdc_gov/nceh/vsp/surv/outbreak/archived-outbreaks-1993-2018.html,enhanced_sanitation; port_health_notification,Sun Cruises; sailing 2/17/2003-2/24/2003
EVT-825,Nantucket Clipper,ocean_cruise,NR,2003,NR,NR,unknown,NR,acute_gastroenteritis,NR,NR,NR,NR,NR,NR,fecal-oral/person-to-person,official_public_health,CDC VSP Archived Outbreak Updates 1993-2018,https://archive.cdc.gov/www_cdc_gov/nceh/vsp/surv/outbreak/archived-outbreaks-1993-2018.html,enhanced_sanitation; port_health_notification,Clipper Cruise Line; sailing 3/1/2003-3/6/2003; specimens not obtained
EVT-826,Norwegian Dream,ocean_cruise,NR,2003,NR,Norovirus,gastrointestinal_viral,NR,acute_gastroenteritis,NR,NR,NR,NR,NR,NR,fecal-oral/person-to-person,official_public_health,CDC VSP Archived Outbreak Updates 1993-2018,https://archive.cdc.gov/www_cdc_gov/nceh/vsp/surv/outbreak/archived-outbreaks-1993-2018.html,enhanced_sanitation; port_health_notification,Norwegian Cruise Line; sailing 3/16/2003-3/31/2003
EVT-827,Royal Princess,ocean_cruise,NR,2003,NR,NR,unknown,NR,acute_gastroenteritis,NR,NR,NR,NR,NR,NR,fecal-oral/person-to-person,official_public_health,CDC VSP Archived Outbreak Updates 1993-2018,https://archive.cdc.gov/www_cdc_gov/nceh/vsp/surv/outbreak/archived-outbreaks-1993-2018.html,enhanced_sanitation; port_health_notification,Princess Cruises; sailing 4/5/2003-4/22/2003; specimens not obtained
EVT-828,Norwegian Sky,ocean_cruise,NR,2003,NR,Norovirus,gastrointestinal_viral,NR,acute_gastroenteritis,NR,NR,NR,NR,NR,NR,fecal-oral/person-to-person,official_public_health,CDC VSP Archived Outbreak Updates 1993-2018,https://archive.cdc.gov/www_cdc_gov/nceh/vsp/surv/outbreak/archived-outbreaks-1993-2018.html,enhanced_sanitation; port_health_notification,Norwegian Cruise Line; sailing 5/17/2003-5/24/2003
EVT-829,Rhapsody of the Seas,ocean_cruise,NR,2003,NR,NR,unknown,NR,acute_gastroenteritis,NR,NR,NR,NR,NR,NR,fecal-oral/person-to-person,official_public_health,CDC VSP Archived Outbreak Updates 1993-2018,https://archive.cdc.gov/www_cdc_gov/nceh/vsp/surv/outbreak/archived-outbreaks-1993-2018.html,enhanced_sanitation; port_health_notification,Royal Caribbean; sailing 7/20/2003-7/27/2003; specimens not obtained
EVT-830,Star Princess,ocean_cruise,NR,2003,NR,Norovirus,gastrointestinal_viral,NR,acute_gastroenteritis,NR,NR,NR,NR,NR,NR,fecal-oral/person-to-person,official_public_health,CDC VSP Archived Outbreak Updates 1993-2018,https://archive.cdc.gov/www_cdc_gov/nceh/vsp/surv/outbreak/archived-outbreaks-1993-2018.html,enhanced_sanitation; port_health_notification,Princess Cruises; sailing 7/26/2003-8/2/2003
EVT-831,Star Princess,ocean_cruise,NR,2003,NR,Norovirus,gastrointestinal_viral,NR,acute_gastroenteritis,NR,NR,NR,NR,NR,NR,fecal-oral/person-to-person,official_public_health,CDC VSP Archived Outbreak Updates 1993-2018,https://archive.cdc.gov/www_cdc_gov/nceh/vsp/surv/outbreak/archived-outbreaks-1993-2018.html,enhanced_sanitation; port_health_notification,Princess Cruises; sailing 8/2/2003-8/9/2003
EVT-832,Clipper Odyssey,ocean_cruise,NR,2003,NR,NR,unknown,NR,acute_gastroenteritis,NR,NR,NR,NR,NR,NR,fecal-oral/person-to-person,official_public_health,CDC VSP Archived Outbreak Updates 1993-2018,https://archive.cdc.gov/www_cdc_gov/nceh/vsp/surv/outbreak/archived-outbreaks-1993-2018.html,enhanced_sanitation; port_health_notification,Clipper Cruise Line; sailing 8/15/2003-8/26/2003; specimens not obtained
EVT-833,Regal Princess,ocean_cruise,NR,2003,NR,Norovirus,gastrointestinal_viral,NR,acute_gastroenteritis,NR,NR,NR,NR,NR,NR,fecal-oral/person-to-person,official_public_health,CDC VSP Archived Outbreak Updates 1993-2018,https://archive.cdc.gov/www_cdc_gov/nceh/vsp/surv/outbreak/archived-outbreaks-1993-2018.html,enhanced_sanitation; port_health_notification,Princess Cruises; sailing 8/18/2003-9/2/2003
EVT-834,Norwegian Star,ocean_cruise,NR,2003,NR,NR,unknown,NR,acute_gastroenteritis,NR,NR,NR,NR,NR,NR,fecal-oral/person-to-person,official_public_health,CDC VSP Archived Outbreak Updates 1993-2018,https://archive.cdc.gov/www_cdc_gov/nceh/vsp/surv/outbreak/archived-outbreaks-1993-2018.html,enhanced_sanitation; port_health_notification,Norwegian Cruise Line; sailing 9/21/2003-9/28/2003; specimens not obtained
EVT-835,Nantucket Clipper,ocean_cruise,NR,2003,NR,NR,unknown,NR,acute_gastroenteritis,NR,NR,NR,NR,NR,NR,fecal-oral/person-to-person,official_public_health,CDC VSP Archived Outbreak Updates 1993-2018,https://archive.cdc.gov/www_cdc_gov/nceh/vsp/surv/outbreak/archived-outbreaks-1993-2018.html,enhanced_sanitation; port_health_notification,Clipper Cruise Line; sailing 10/4/2003-10/11/2003; specimens not obtained
EVT-836,Carnival Holiday,ocean_cruise,NR,2003,NR,Norovirus,gastrointestinal_viral,NR,acute_gastroenteritis,NR,NR,NR,NR,NR,NR,fecal-oral/person-to-person,official_public_health,CDC VSP Archived Outbreak Updates 1993-2018,https://archive.cdc.gov/www_cdc_gov/nceh/vsp/surv/outbreak/archived-outbreaks-1993-2018.html,enhanced_sanitation; port_health_notification,Carnival Cruise Line; sailing 10/11/2003-10/16/2003
EVT-837,Carnival Holiday,ocean_cruise,NR,2003,NR,Norovirus,gastrointestinal_viral,NR,acute_gastroenteritis,NR,NR,NR,NR,NR,NR,fecal-oral/person-to-person,official_public_health,CDC VSP Archived Outbreak Updates 1993-2018,https://archive.cdc.gov/www_cdc_gov/nceh/vsp/surv/outbreak/archived-outbreaks-1993-2018.html,enhanced_sanitation; port_health_notification,Carnival Cruise Line; sailing 10/16/2003-10/20/2003
EVT-838,Carnival Legend,ocean_cruise,NR,2003,NR,Norovirus,gastrointestinal_viral,NR,acute_gastroenteritis,NR,NR,NR,NR,NR,NR,fecal-oral/person-to-person,official_public_health,CDC VSP Archived Outbreak Updates 1993-2018,https://archive.cdc.gov/www_cdc_gov/nceh/vsp/surv/outbreak/archived-outbreaks-1993-2018.html,enhanced_sanitation; port_health_notification,Carnival Cruise Line; sailing 11/13/2003-11/21/2003
EVT-839,Carnival Legend,ocean_cruise,NR,2003,NR,Norovirus,gastrointestinal_viral,NR,acute_gastroenteritis,NR,NR,NR,NR,NR,NR,fecal-oral/person-to-person,official_public_health,CDC VSP Archived Outbreak Updates 1993-2018,https://archive.cdc.gov/www_cdc_gov/nceh/vsp/surv/outbreak/archived-outbreaks-1993-2018.html,enhanced_sanitation; port_health_notification,Carnival Cruise Line; sailing 11/21/2003-11/29/2003
EVT-840,Volendam,ocean_cruise,NR,2003,NR,Norovirus,gastrointestinal_viral,NR,acute_gastroenteritis,NR,NR,NR,NR,NR,NR,fecal-oral/person-to-person,official_public_health,CDC VSP Archived Outbreak Updates 1993-2018,https://archive.cdc.gov/www_cdc_gov/nceh/vsp/surv/outbreak/archived-outbreaks-1993-2018.html,enhanced_sanitation; port_health_notification,Holland America Line; sailing 12/21/2003-12/28/2003
EVT-868,Legacy,ocean_cruise,NR,2003,7,NR,unknown,NR,acute_gastroenteritis,NR,NR,NR,NR,NR,NR,fecal-oral/person-to-person,official_public_health,CDC VSP Outbreak Investigations,https://archive.cdc.gov/www_cdc_gov/nceh/vsp/surv/outbreak/archived-outbreaks-1993-2018.html,enhanced_sanitation; port_health_notification,Windjammer Barefoot Cruises; sailing 12/27/2003-1/3/2004; specimens not obtained
EVT-712,Coral Princess,ocean_cruise,NR,2004,11,Norovirus,gastrointestinal_viral,NR,acute_gastroenteritis,84,31,NR,NR,NR,0,fecal-oral/person-to-person,official_public_health,NR,https://www.cdc.gov/vessel-sanitation/cruise-ship-outbreaks/index.html,enhanced_sanitation; port_health_notification,NR
EVT-713,Golden Princess,ocean_cruise,NR,2004,8,Norovirus,gastrointestinal_viral,NR,acute_gastroenteritis,84,15,NR,NR,NR,0,fecal-oral/person-to-person,official_public_health,NR,https://www.cdc.gov/vessel-sanitation/cruise-ship-outbreaks/index.html,enhanced_sanitation; port_health_notification,NR
EVT-714,Norwegian Dream,ocean_cruise,NR,2004,8,Norovirus,gastrointestinal_viral,NR,acute_gastroenteritis,73,9,NR,NR,NR,0,fecal-oral/person-to-person,official_public_health,NR,https://www.cdc.gov/vessel-sanitation/cruise-ship-outbreaks/index.html,enhanced_sanitation; port_health_notification,NR
EVT-715,Silver Shadow,ocean_cruise,NR,2004,11,NR,unknown,NR,acute_gastroenteritis,11,20,NR,NR,NR,0,fecal-oral/person-to-person,official_public_health,NR,https://www.cdc.gov/vessel-sanitation/cruise-ship-outbreaks/index.html,enhanced_sanitation; port_health_notification,NR
EVT-716,M/V Explorer,ocean_cruise,NR,2004,173,NR,unknown,NR,acute_gastroenteritis,71,1,NR,NR,NR,0,fecal-oral/person-to-person,official_public_health,NR,https://www.cdc.gov/vessel-sanitation/cruise-ship-outbreaks/index.html,enhanced_sanitation; port_health_notification,Institute for Shipboard Education semester at sea; 173-day voyage (6/19-12/8/2004) is correct
EVT-717,Veendam,ocean_cruise,NR,2004,19,NR,unknown,NR,acute_gastroenteritis,39,2,NR,NR,NR,0,fecal-oral/person-to-person,official_public_health,NR,https://www.cdc.gov/vessel-sanitation/cruise-ship-outbreaks/index.html,enhanced_sanitation; port_health_notification,NR
EVT-718,Regal Princess,ocean_cruise,NR,2004,10,NR,unknown,NR,acute_gastroenteritis,47,7,NR,NR,NR,0,fecal-oral/person-to-person,official_public_health,NR,https://www.cdc.gov/vessel-sanitation/cruise-ship-outbreaks/index.html,enhanced_sanitation; port_health_notification,NR
EVT-719,Sun Princess,ocean_cruise,NR,2004,8,NR,unknown,NR,acute_gastroenteritis,101,14,NR,NR,NR,0,fecal-oral/person-to-person,official_public_health,NR,https://www.cdc.gov/vessel-sanitation/cruise-ship-outbreaks/index.html,enhanced_sanitation; port_health_notification,NR
EVT-720,Sun Princess,ocean_cruise,NR,2004,8,Norovirus,gastrointestinal_viral,NR,acute_gastroenteritis,145,5,NR,NR,NR,0,fecal-oral/person-to-person,official_public_health,NR,https://www.cdc.gov/vessel-sanitation/cruise-ship-outbreaks/index.html,enhanced_sanitation; port_health_notification,NR
EVT-721,Silver Shadow,ocean_cruise,NR,2004,12,NR,unknown,NR,acute_gastroenteritis,13,5,NR,NR,NR,0,fecal-oral/person-to-person,official_public_health,NR,https://www.cdc.gov/vessel-sanitation/cruise-ship-outbreaks/index.html,enhanced_sanitation; port_health_notification,NR
EVT-722,Pacific Princess,ocean_cruise,NR,2004,24,NR,unknown,NR,acute_gastroenteritis,57,10,NR,NR,NR,0,fecal-oral/person-to-person,official_public_health,NR,https://www.cdc.gov/vessel-sanitation/cruise-ship-outbreaks/index.html,enhanced_sanitation; port_health_notification,NR
EVT-723,Serenade of the Seas,ocean_cruise,NR,2004,8,NR,unknown,NR,acute_gastroenteritis,71,9,NR,NR,NR,0,fecal-oral/person-to-person,official_public_health,NR,https://www.cdc.gov/vessel-sanitation/cruise-ship-outbreaks/index.html,enhanced_sanitation; port_health_notification,NR
EVT-724,Island Princess,ocean_cruise,NR,2004,8,NR,unknown,NR,acute_gastroenteritis,66,18,NR,NR,NR,0,fecal-oral/person-to-person,official_public_health,NR,https://www.cdc.gov/vessel-sanitation/cruise-ship-outbreaks/index.html,enhanced_sanitation; port_health_notification,NR
EVT-725,Island Princess,ocean_cruise,NR,2004,8,Norovirus,gastrointestinal_viral,NR,acute_gastroenteritis,375,50,NR,NR,NR,0,fecal-oral/person-to-person,official_public_health,NR,https://www.cdc.gov/vessel-sanitation/cruise-ship-outbreaks/index.html,enhanced_sanitation; port_health_notification,NR
EVT-726,Norwegian Crown,ocean_cruise,NR,2004,8,Norovirus,gastrointestinal_viral,NR,acute_gastroenteritis,39,6,NR,NR,NR,0,fecal-oral/person-to-person,official_public_health,NR,https://www.cdc.gov/vessel-sanitation/cruise-ship-outbreaks/index.html,enhanced_sanitation; port_health_notification,NR
EVT-727,Norwegian Crown,ocean_cruise,NR,2004,16,Norovirus,gastrointestinal_viral,NR,acute_gastroenteritis,43,2,NR,NR,NR,0,fecal-oral/person-to-person,official_public_health,NR,https://www.cdc.gov/vessel-sanitation/cruise-ship-outbreaks/index.html,enhanced_sanitation; port_health_notification,NR
EVT-728,Veendam,ocean_cruise,NR,2004,16,Norovirus,gastrointestinal_viral,NR,acute_gastroenteritis,91,7,NR,NR,NR,0,fecal-oral/person-to-person,official_public_health,NR,https://www.cdc.gov/vessel-sanitation/cruise-ship-outbreaks/index.html,enhanced_sanitation; port_health_notification,NR
EVT-729,Norwegian Wind,ocean_cruise,NR,2004,16,NR,unknown,NR,acute_gastroenteritis,54,2,NR,NR,NR,0,fecal-oral/person-to-person,official_public_health,NR,https://www.cdc.gov/vessel-sanitation/cruise-ship-outbreaks/index.html,enhanced_sanitation; port_health_notification,NR
EVT-730,Rotterdam,ocean_cruise,NR,2004,14,NR,unknown,NR,acute_gastroenteritis,38,7,NR,NR,NR,0,fecal-oral/person-to-person,official_public_health,NR,https://www.cdc.gov/vessel-sanitation/cruise-ship-outbreaks/index.html,enhanced_sanitation; port_health_notification,NR
EVT-731,Amsterdam,ocean_cruise,NR,2004,18,Escherichia coli (ETEC),foodborne_waterborne_bacterial,NR,acute_gastroenteritis,75,11,NR,NR,NR,0,foodborne,official_public_health,NR,https://www.cdc.gov/vessel-sanitation/cruise-ship-outbreaks/index.html,enhanced_sanitation; port_health_notification,NR
EVT-732,Zenith,ocean_cruise,NR,2004,15,Norovirus,gastrointestinal_viral,NR,acute_gastroenteritis,59,7,NR,NR,NR,0,fecal-oral/person-to-person,official_public_health,NR,https://www.cdc.gov/vessel-sanitation/cruise-ship-outbreaks/index.html,enhanced_sanitation; port_health_notification,NR
EVT-733,Horizon,ocean_cruise,NR,2004,12,Norovirus,gastrointestinal_viral,NR,acute_gastroenteritis,49,5,NR,NR,NR,0,fecal-oral/person-to-person,official_public_health,NR,https://www.cdc.gov/vessel-sanitation/cruise-ship-outbreaks/index.html,enhanced_sanitation; port_health_notification,NR
EVT-734,Norwegian Crown,ocean_cruise,NR,2004,14,Norovirus,gastrointestinal_viral,NR,acute_gastroenteritis,45,8,NR,NR,NR,0,fecal-oral/person-to-person,official_public_health,NR,https://www.cdc.gov/vessel-sanitation/cruise-ship-outbreaks/index.html,enhanced_sanitation; port_health_notification,NR
EVT-735,Royal Princess,ocean_cruise,NR,2004,18,NR,unknown,NR,acute_gastroenteritis,46,12,NR,NR,NR,0,fecal-oral/person-to-person,official_public_health,NR,https://www.cdc.gov/vessel-sanitation/cruise-ship-outbreaks/index.html,enhanced_sanitation; port_health_notification,NR
EVT-736,Norwegian Crown,ocean_cruise,NR,2004,16,NR,unknown,NR,acute_gastroenteritis,77,10,NR,NR,NR,0,fecal-oral/person-to-person,official_public_health,NR,https://www.cdc.gov/vessel-sanitation/cruise-ship-outbreaks/index.html,enhanced_sanitation; port_health_notification,NR
EVT-737,Queen Mary 2,ocean_cruise,NR,2004,13,Norovirus,gastrointestinal_viral,NR,acute_gastroenteritis,33,55,NR,NR,NR,0,fecal-oral/person-to-person,official_public_health,NR,https://www.cdc.gov/vessel-sanitation/cruise-ship-outbreaks/index.html,enhanced_sanitation; port_health_notification,NR
EVT-738,Brilliance of the Seas,ocean_cruise,NR,2004,12,Norovirus,gastrointestinal_viral,NR,acute_gastroenteritis,78,16,NR,NR,NR,0,fecal-oral/person-to-person,official_public_health,NR,https://www.cdc.gov/vessel-sanitation/cruise-ship-outbreaks/index.html,enhanced_sanitation; port_health_notification,NR
EVT-739,Queen Elizabeth 2,ocean_cruise,NR,2004,14,NR,unknown,NR,acute_gastroenteritis,82,24,NR,NR,NR,0,fecal-oral/person-to-person,official_public_health,NR,https://www.cdc.gov/vessel-sanitation/cruise-ship-outbreaks/index.html,enhanced_sanitation; port_health_notification,NR
EVT-740,Oriana,ocean_cruise,NR,2004,15,Norovirus,gastrointestinal_viral,NR,acute_gastroenteritis,65,9,NR,NR,NR,0,fecal-oral/person-to-person,official_public_health,NR,https://www.cdc.gov/vessel-sanitation/cruise-ship-outbreaks/index.html,enhanced_sanitation; port_health_notification,NR
EVT-741,Carnival Celebration,ocean_cruise,NR,2004,6,Norovirus,gastrointestinal_viral,NR,acute_gastroenteritis,297,19,NR,NR,NR,0,fecal-oral/person-to-person,official_public_health,NR,https://www.cdc.gov/vessel-sanitation/cruise-ship-outbreaks/index.html,enhanced_sanitation; port_health_notification,NR
EVT-742,Ryndam,ocean_cruise,NR,2004,8,Norovirus,gastrointestinal_viral,NR,acute_gastroenteritis,73,9,NR,NR,NR,0,fecal-oral/person-to-person,official_public_health,NR,https://www.cdc.gov/vessel-sanitation/cruise-ship-outbreaks/index.html,enhanced_sanitation; port_health_notification,NR
EVT-743,Coral Princess,ocean_cruise,NR,2004,11,Norovirus,gastrointestinal_viral,NR,acute_gastroenteritis,133,18,NR,NR,NR,0,fecal-oral/person-to-person,official_public_health,NR,https://www.cdc.gov/vessel-sanitation/cruise-ship-outbreaks/index.html,enhanced_sanitation; port_health_notification,NR
EVT-744,Queen Elizabeth 2,ocean_cruise,NR,2004,15,NR,unknown,NR,acute_gastroenteritis,29,46,NR,NR,NR,0,fecal-oral/person-to-person,official_public_health,NR,https://www.cdc.gov/vessel-sanitation/cruise-ship-outbreaks/index.html,enhanced_sanitation; port_health_notification,NR
EVT-865,Nantucket Clipper,ocean_cruise,NR,2004,NR,NR,unknown,NR,acute_gastroenteritis,NR,NR,NR,NR,NR,NR,fecal-oral/person-to-person,official_public_health,CDC VSP Outbreak Investigations,https://archive.cdc.gov/www_cdc_gov/nceh/vsp/surv/outbreak/archived-outbreaks-1993-2018.html,enhanced_sanitation; port_health_notification,Clipper Cruise Line; sailing 9/3/2004-8/11/2004; specimens not obtained
EVT-866,The World,ocean_cruise,NR,2004,21,NR,unknown,NR,acute_gastroenteritis,NR,NR,NR,NR,NR,NR,fecal-oral/person-to-person,official_public_health,CDC VSP Outbreak Investigations,https://archive.cdc.gov/www_cdc_gov/nceh/vsp/surv/outbreak/archived-outbreaks-1993-2018.html,enhanced_sanitation; port_health_notification,ResidenSea Cruise Line; sailing 2/3/2004-2/24/2004; specimens not obtained
EVT-867,Legacy,ocean_cruise,NR,2004,6,NR,unknown,NR,acute_gastroenteritis,NR,NR,NR,NR,NR,NR,fecal-oral/person-to-person,official_public_health,CDC VSP Outbreak Investigations,https://archive.cdc.gov/www_cdc_gov/nceh/vsp/surv/outbreak/archived-outbreaks-1993-2018.html,enhanced_sanitation; port_health_notification,Windjammer Barefoot Cruises; sailing 1/4/2004-1/10/2004; specimens not obtained
EVT-692,Zuiderdam,ocean_cruise,NR,2005,9,Norovirus,gastrointestinal_viral,NR,acute_gastroenteritis,105,33,NR,NR,NR,0,fecal-oral/person-to-person,official_public_health,NR,https://www.cdc.gov/vessel-sanitation/cruise-ship-outbreaks/index.html,enhanced_sanitation; port_health_notification,NR
EVT-693,Splendour of the Seas,ocean_cruise,NR,2005,15,Norovirus,gastrointestinal_viral,NR,acute_gastroenteritis,135,12,NR,NR,NR,0,fecal-oral/person-to-person,official_public_health,NR,https://www.cdc.gov/vessel-sanitation/cruise-ship-outbreaks/index.html,enhanced_sanitation; port_health_notification,NR
EVT-694,Sun Princess,ocean_cruise,NR,2005,8,Norovirus,gastrointestinal_viral,NR,acute_gastroenteritis,121,4,NR,NR,NR,0,fecal-oral/person-to-person,official_public_health,NR,https://www.cdc.gov/vessel-sanitation/cruise-ship-outbreaks/index.html,enhanced_sanitation; port_health_notification,NR
EVT-695,Dawn Princess,ocean_cruise,NR,2005,16,Norovirus,gastrointestinal_viral,NR,acute_gastroenteritis,76,9,NR,NR,NR,0,fecal-oral/person-to-person,official_public_health,NR,https://www.cdc.gov/vessel-sanitation/cruise-ship-outbreaks/index.html,enhanced_sanitation; port_health_notification,NR
EVT-696,Horizon,ocean_cruise,NR,2005,8,NR,unknown,NR,acute_gastroenteritis,42,14,NR,NR,NR,0,fecal-oral/person-to-person,official_public_health,NR,https://www.cdc.gov/vessel-sanitation/cruise-ship-outbreaks/index.html,enhanced_sanitation; port_health_notification,NR
EVT-697,Crystal Symphony,ocean_cruise,NR,2005,12,NR,unknown,NR,acute_gastroenteritis,20,3,NR,NR,NR,0,fecal-oral/person-to-person,official_public_health,NR,https://www.cdc.gov/vessel-sanitation/cruise-ship-outbreaks/index.html,enhanced_sanitation; port_health_notification,NR
EVT-698,Norwegian Crown,ocean_cruise,NR,2005,16,NR,unknown,NR,acute_gastroenteritis,60,4,NR,NR,NR,0,fecal-oral/person-to-person,official_public_health,NR,https://www.cdc.gov/vessel-sanitation/cruise-ship-outbreaks/index.html,enhanced_sanitation; port_health_notification,NR
EVT-699,Royal Princess,ocean_cruise,NR,2005,18,NR,unknown,NR,acute_gastroenteritis,38,15,NR,NR,NR,0,fecal-oral/person-to-person,official_public_health,NR,https://www.cdc.gov/vessel-sanitation/cruise-ship-outbreaks/index.html,enhanced_sanitation; port_health_notification,NR
EVT-700,Veendam,ocean_cruise,NR,2005,8,Norovirus,gastrointestinal_viral,NR,acute_gastroenteritis,88,6,NR,NR,NR,0,fecal-oral/person-to-person,official_public_health,NR,https://www.cdc.gov/vessel-sanitation/cruise-ship-outbreaks/index.html,enhanced_sanitation; port_health_notification,NR
EVT-701,Zenith,ocean_cruise,NR,2005,15,Norovirus,gastrointestinal_viral,NR,acute_gastroenteritis,138,17,NR,NR,NR,0,fecal-oral/person-to-person,official_public_health,NR,https://www.cdc.gov/vessel-sanitation/cruise-ship-outbreaks/index.html,enhanced_sanitation; port_health_notification,NR
EVT-702,Celebration,ocean_cruise,NR,2005,6,Norovirus,gastrointestinal_viral,NR,acute_gastroenteritis,69,30,NR,NR,NR,0,fecal-oral/person-to-person,official_public_health,NR,https://www.cdc.gov/vessel-sanitation/cruise-ship-outbreaks/index.html,enhanced_sanitation; port_health_notification,NR
EVT-703,Celebration,ocean_cruise,NR,2005,5,Norovirus,gastrointestinal_viral,NR,acute_gastroenteritis,89,35,NR,NR,NR,0,fecal-oral/person-to-person,official_public_health,NR,https://www.cdc.gov/vessel-sanitation/cruise-ship-outbreaks/index.html,enhanced_sanitation; port_health_notification,NR
EVT-704,Seven Seas Mariner,ocean_cruise,NR,2005,13,Salmonella spp.,foodborne_waterborne_bacterial,NR,acute_gastroenteritis,1,20,NR,NR,NR,0,foodborne,official_public_health,NR,https://www.cdc.gov/vessel-sanitation/cruise-ship-outbreaks/index.html,enhanced_sanitation; port_health_notification,NR
EVT-705,Empress of the Seas,ocean_cruise,NR,2005,12,Norovirus,gastrointestinal_viral,NR,acute_gastroenteritis,72,5,NR,NR,NR,0,fecal-oral/person-to-person,official_public_health,NR,https://www.cdc.gov/vessel-sanitation/cruise-ship-outbreaks/index.html,enhanced_sanitation; port_health_notification,NR
EVT-706,Mariner of the Seas,ocean_cruise,NR,2005,8,Norovirus,gastrointestinal_viral,NR,acute_gastroenteritis,276,27,NR,NR,NR,0,fecal-oral/person-to-person,official_public_health,NR,https://www.cdc.gov/vessel-sanitation/cruise-ship-outbreaks/index.html,enhanced_sanitation; port_health_notification,NR
EVT-707,Veendam,ocean_cruise,NR,2005,15,Norovirus,gastrointestinal_viral,NR,acute_gastroenteritis,219,36,NR,NR,NR,0,fecal-oral/person-to-person,official_public_health,NR,https://www.cdc.gov/vessel-sanitation/cruise-ship-outbreaks/index.html,enhanced_sanitation; port_health_notification,NR
EVT-708,Ryndam,ocean_cruise,NR,2005,17,Norovirus,gastrointestinal_viral,NR,acute_gastroenteritis,272,37,NR,NR,NR,0,fecal-oral/person-to-person,official_public_health,NR,https://www.cdc.gov/vessel-sanitation/cruise-ship-outbreaks/index.html,enhanced_sanitation; port_health_notification,NR
EVT-709,Sun Princess,ocean_cruise,NR,2005,11,Norovirus,gastrointestinal_viral,NR,acute_gastroenteritis,93,5,NR,NR,NR,0,fecal-oral/person-to-person,official_public_health,NR,https://www.cdc.gov/vessel-sanitation/cruise-ship-outbreaks/index.html,enhanced_sanitation; port_health_notification,NR
EVT-710,Veendam,ocean_cruise,NR,2005,13,Norovirus,gastrointestinal_viral,NR,acute_gastroenteritis,70,7,NR,NR,NR,0,fecal-oral/person-to-person,official_public_health,NR,https://www.cdc.gov/vessel-sanitation/cruise-ship-outbreaks/index.html,enhanced_sanitation; port_health_notification,NR
EVT-711,Enchantment of the Seas,ocean_cruise,NR,2005,6,Norovirus,gastrointestinal_viral,NR,acute_gastroenteritis,103,8,NR,NR,NR,0,fecal-oral/person-to-person,official_public_health,NR,https://www.cdc.gov/vessel-sanitation/cruise-ship-outbreaks/index.html,enhanced_sanitation; port_health_notification,NR
EVT-042,Unnamed cruise ship (Norovirus 2006),ocean_cruise,Transatlantic,2006,10,Norovirus,gastrointestinal_viral,NR,acute_gastroenteritis,420,45,NR,NR,NR,0,fecal-oral/person-to-person/environmental,official_public_health,NR,https://www.cdc.gov/vessel-sanitation/cruise-ship-outbreaks/index.html,enhanced_sanitation; port_health_notification,NR
EVT-656,Regal Princess,ocean_cruise,NR,2006,21,Norovirus,gastrointestinal_viral,NR,acute_gastroenteritis,75,5,NR,NR,NR,0,fecal-oral/person-to-person,official_public_health,NR,https://www.cdc.gov/vessel-sanitation/cruise-ship-outbreaks/index.html,enhanced_sanitation; port_health_notification,NR
EVT-657,Freedom of the Seas,ocean_cruise,NR,2006,8,Norovirus,gastrointestinal_viral,NR,acute_gastroenteritis,85,11,NR,NR,NR,0,fecal-oral/person-to-person,official_public_health,NR,https://www.cdc.gov/vessel-sanitation/cruise-ship-outbreaks/index.html,enhanced_sanitation; port_health_notification,NR
EVT-658,Sun Princess,ocean_cruise,NR,2006,11,Norovirus,gastrointestinal_viral,NR,acute_gastroenteritis,112,7,NR,NR,NR,0,fecal-oral/person-to-person,official_public_health,NR,https://www.cdc.gov/vessel-sanitation/cruise-ship-outbreaks/index.html,enhanced_sanitation; port_health_notification,NR
EVT-659,Norwegian Wind,ocean_cruise,NR,2006,11,Norovirus,gastrointestinal_viral,NR,acute_gastroenteritis,77,7,NR,NR,NR,0,fecal-oral/person-to-person,official_public_health,NR,https://www.cdc.gov/vessel-sanitation/cruise-ship-outbreaks/index.html,enhanced_sanitation; port_health_notification,NR
EVT-660,Zaandam,ocean_cruise,NR,2006,16,Norovirus,gastrointestinal_viral,NR,acute_gastroenteritis,64,4,NR,NR,NR,0,fecal-oral/person-to-person,official_public_health,NR,https://www.cdc.gov/vessel-sanitation/cruise-ship-outbreaks/index.html,enhanced_sanitation; port_health_notification,NR
EVT-661,Freedom of the Seas,ocean_cruise,NR,2006,8,Norovirus,gastrointestinal_viral,NR,acute_gastroenteritis,338,46,NR,NR,NR,0,fecal-oral/person-to-person,official_public_health,NR,https://www.cdc.gov/vessel-sanitation/cruise-ship-outbreaks/index.html,enhanced_sanitation; port_health_notification,NR
EVT-662,Serenade of the Seas,ocean_cruise,NR,2006,8,Norovirus,gastrointestinal_viral,NR,acute_gastroenteritis,101,3,NR,NR,NR,0,fecal-oral/person-to-person,official_public_health,NR,https://www.cdc.gov/vessel-sanitation/cruise-ship-outbreaks/index.html,enhanced_sanitation; port_health_notification,NR
EVT-663,Summit,ocean_cruise,NR,2006,15,NR,unknown,NR,acute_gastroenteritis,72,12,NR,NR,NR,0,fecal-oral/person-to-person,official_public_health,NR,https://www.cdc.gov/vessel-sanitation/cruise-ship-outbreaks/index.html,enhanced_sanitation; port_health_notification,NR
EVT-664,Adventure of the Seas,ocean_cruise,NR,2006,8,Norovirus,gastrointestinal_viral,NR,acute_gastroenteritis,129,1,NR,NR,NR,0,fecal-oral/person-to-person,official_public_health,NR,https://www.cdc.gov/vessel-sanitation/cruise-ship-outbreaks/index.html,enhanced_sanitation; port_health_notification,NR
EVT-665,Carnival Liberty,ocean_cruise,NR,2006,17,Norovirus,gastrointestinal_viral,NR,acute_gastroenteritis,536,143,NR,NR,NR,0,fecal-oral/person-to-person,official_public_health,NR,https://www.cdc.gov/vessel-sanitation/cruise-ship-outbreaks/index.html,enhanced_sanitation; port_health_notification,NR
EVT-666,Serenade of the Seas,ocean_cruise,NR,2006,14,Norovirus,gastrointestinal_viral,NR,acute_gastroenteritis,68,9,NR,NR,NR,0,fecal-oral/person-to-person,official_public_health,NR,https://www.cdc.gov/vessel-sanitation/cruise-ship-outbreaks/index.html,enhanced_sanitation; port_health_notification,NR
EVT-667,Constellation,ocean_cruise,NR,2006,12,Norovirus,gastrointestinal_viral,NR,acute_gastroenteritis,72,13,NR,NR,NR,0,fecal-oral/person-to-person,official_public_health,NR,https://www.cdc.gov/vessel-sanitation/cruise-ship-outbreaks/index.html,enhanced_sanitation; port_health_notification,NR
EVT-668,Island Princess,ocean_cruise,NR,2006,16,Norovirus,gastrointestinal_viral,NR,acute_gastroenteritis,109,11,NR,NR,NR,0,fecal-oral/person-to-person,official_public_health,NR,https://www.cdc.gov/vessel-sanitation/cruise-ship-outbreaks/index.html,enhanced_sanitation; port_health_notification,NR
EVT-669,Constellation,ocean_cruise,NR,2006,12,Norovirus,gastrointestinal_viral,NR,acute_gastroenteritis,65,1,NR,NR,NR,0,fecal-oral/person-to-person,official_public_health,NR,https://www.cdc.gov/vessel-sanitation/cruise-ship-outbreaks/index.html,enhanced_sanitation; port_health_notification,NR
EVT-670,Diamond Princess,ocean_cruise,NR,2006,8,Norovirus,gastrointestinal_viral,NR,acute_gastroenteritis,127,4,NR,NR,NR,0,fecal-oral/person-to-person,official_public_health,NR,https://www.cdc.gov/vessel-sanitation/cruise-ship-outbreaks/index.html,enhanced_sanitation; port_health_notification,NR
EVT-671,Radiance of the Seas,ocean_cruise,NR,2006,8,NR,unknown,NR,acute_gastroenteritis,227,12,NR,NR,NR,0,fecal-oral/person-to-person,official_public_health,NR,https://www.cdc.gov/vessel-sanitation/cruise-ship-outbreaks/index.html,enhanced_sanitation; port_health_notification,NR
EVT-672,Mariner of the Seas,ocean_cruise,NR,2006,8,Norovirus,gastrointestinal_viral,NR,acute_gastroenteritis,248,6,NR,NR,NR,0,fecal-oral/person-to-person,official_public_health,NR,https://www.cdc.gov/vessel-sanitation/cruise-ship-outbreaks/index.html,enhanced_sanitation; port_health_notification,NR
EVT-673,Infinity,ocean_cruise,NR,2006,8,Norovirus,gastrointestinal_viral,NR,acute_gastroenteritis,105,20,NR,NR,NR,0,fecal-oral/person-to-person,official_public_health,NR,https://www.cdc.gov/vessel-sanitation/cruise-ship-outbreaks/index.html,enhanced_sanitation; port_health_notification,NR
EVT-674,Mercury,ocean_cruise,NR,2006,8,Norovirus,gastrointestinal_viral,NR,acute_gastroenteritis,121,4,NR,NR,NR,0,fecal-oral/person-to-person,official_public_health,NR,https://www.cdc.gov/vessel-sanitation/cruise-ship-outbreaks/index.html,enhanced_sanitation; port_health_notification,NR
EVT-675,Ryndam,ocean_cruise,NR,2006,8,Norovirus,gastrointestinal_viral,NR,acute_gastroenteritis,64,5,NR,NR,NR,0,fecal-oral/person-to-person,official_public_health,NR,https://www.cdc.gov/vessel-sanitation/cruise-ship-outbreaks/index.html,enhanced_sanitation; port_health_notification,NR
EVT-676,Ryndam,ocean_cruise,NR,2006,8,Norovirus,gastrointestinal_viral,NR,acute_gastroenteritis,102,13,NR,NR,NR,0,fecal-oral/person-to-person,official_public_health,NR,https://www.cdc.gov/vessel-sanitation/cruise-ship-outbreaks/index.html,enhanced_sanitation; port_health_notification,NR
EVT-677,Norwegian Star,ocean_cruise,NR,2006,8,Norovirus,gastrointestinal_viral,NR,acute_gastroenteritis,115,12,NR,NR,NR,0,fecal-oral/person-to-person,official_public_health,NR,https://www.cdc.gov/vessel-sanitation/cruise-ship-outbreaks/index.html,enhanced_sanitation; port_health_notification,NR
EVT-678,Norwegian Sun,ocean_cruise,NR,2006,8,Norovirus,gastrointestinal_viral,NR,acute_gastroenteritis,71,6,NR,NR,NR,0,fecal-oral/person-to-person,official_public_health,NR,https://www.cdc.gov/vessel-sanitation/cruise-ship-outbreaks/index.html,enhanced_sanitation; port_health_notification,NR
EVT-679,Explorer of the Seas,ocean_cruise,NR,2006,8,Norovirus,gastrointestinal_viral,NR,acute_gastroenteritis,117,15,NR,NR,NR,0,fecal-oral/person-to-person,official_public_health,NR,https://www.cdc.gov/vessel-sanitation/cruise-ship-outbreaks/index.html,enhanced_sanitation; port_health_notification,NR
EVT-680,Veendam,ocean_cruise,NR,2006,18,Norovirus,gastrointestinal_viral,NR,acute_gastroenteritis,67,8,NR,NR,NR,0,fecal-oral/person-to-person,official_public_health,NR,https://www.cdc.gov/vessel-sanitation/cruise-ship-outbreaks/index.html,enhanced_sanitation; port_health_notification,NR
EVT-681,Amsterdam,ocean_cruise,NR,2006,16,Norovirus,gastrointestinal_viral,NR,acute_gastroenteritis,76,8,NR,NR,NR,0,fecal-oral/person-to-person,official_public_health,NR,https://www.cdc.gov/vessel-sanitation/cruise-ship-outbreaks/index.html,enhanced_sanitation; port_health_notification,NR
EVT-682,Mercury,ocean_cruise,NR,2006,11,Norovirus,gastrointestinal_viral,NR,acute_gastroenteritis,107,24,NR,NR,NR,0,fecal-oral/person-to-person,official_public_health,NR,https://www.cdc.gov/vessel-sanitation/cruise-ship-outbreaks/index.html,enhanced_sanitation; port_health_notification,NR
EVT-683,Island Princess,ocean_cruise,NR,2006,16,Norovirus,gastrointestinal_viral,NR,acute_gastroenteritis,72,16,NR,NR,NR,0,fecal-oral/person-to-person,official_public_health,NR,https://www.cdc.gov/vessel-sanitation/cruise-ship-outbreaks/index.html,enhanced_sanitation; port_health_notification,NR
EVT-684,Amsterdam,ocean_cruise,NR,2006,16,Norovirus,gastrointestinal_viral,NR,acute_gastroenteritis,130,8,NR,NR,NR,0,fecal-oral/person-to-person,official_public_health,NR,https://www.cdc.gov/vessel-sanitation/cruise-ship-outbreaks/index.html,enhanced_sanitation; port_health_notification,NR
EVT-685,Mercury,ocean_cruise,NR,2006,12,Norovirus,gastrointestinal_viral,NR,acute_gastroenteritis,191,14,NR,NR,NR,0,fecal-oral/person-to-person,official_public_health,NR,https://www.cdc.gov/vessel-sanitation/cruise-ship-outbreaks/index.html,enhanced_sanitation; port_health_notification,NR
EVT-686,Grandeur of the Seas,ocean_cruise,NR,2006,6,Norovirus,gastrointestinal_viral,NR,acute_gastroenteritis,130,11,NR,NR,NR,0,fecal-oral/person-to-person,official_public_health,NR,https://www.cdc.gov/vessel-sanitation/cruise-ship-outbreaks/index.html,enhanced_sanitation; port_health_notification,NR
EVT-687,Volendam,ocean_cruise,NR,2006,11,Norovirus,gastrointestinal_viral,NR,acute_gastroenteritis,51,3,NR,NR,NR,0,fecal-oral/person-to-person,official_public_health,NR,https://www.cdc.gov/vessel-sanitation/cruise-ship-outbreaks/index.html,enhanced_sanitation; port_health_notification,NR
EVT-688,Seven Seas Mariner,ocean_cruise,NR,2006,14,NR,unknown,NR,acute_gastroenteritis,26,13,NR,NR,NR,0,fecal-oral/person-to-person,official_public_health,NR,https://www.cdc.gov/vessel-sanitation/cruise-ship-outbreaks/index.html,enhanced_sanitation; port_health_notification,NR
EVT-689,Explorer of the Seas,ocean_cruise,NR,2006,8,Norovirus,gastrointestinal_viral,NR,acute_gastroenteritis,243,19,NR,NR,NR,0,fecal-oral/person-to-person,official_public_health,NR,https://www.cdc.gov/vessel-sanitation/cruise-ship-outbreaks/index.html,enhanced_sanitation; port_health_notification,NR
EVT-690,Queen Mary 2,ocean_cruise,NR,2006,15,Escherichia coli (ETEC),foodborne_waterborne_bacterial,NR,acute_gastroenteritis,86,31,NR,NR,NR,0,foodborne,official_public_health,NR,https://www.cdc.gov/vessel-sanitation/cruise-ship-outbreaks/index.html,enhanced_sanitation; port_health_notification,NR
EVT-691,Minerva II,ocean_cruise,NR,2006,15,NR,unknown,NR,acute_gastroenteritis,23,3,NR,NR,NR,0,fecal-oral/person-to-person,official_public_health,NR,https://www.cdc.gov/vessel-sanitation/cruise-ship-outbreaks/index.html,enhanced_sanitation; port_health_notification,NR
EVT-016,Unnamed cruise ship (JTM 2006),ocean_cruise,Florida - Caribbean,2006,NR,Varicella-zoster virus,vaccine_preventable,Measles virus; Rubella virus,febrile_rash_illness,0,22,NR,NR,0,0,airborne/contact,academic,NR,https://doi.org/10.3390/ijerph16152713,quarantine_isolation; port_health_notification,NR
EVT-759,Unnamed cruise ship (Verhoef et al. 2008),ocean_cruise,Northern Europe,2006,10,Norovirus GII.4,gastrointestinal_viral,NR,acute_gastroenteritis,189,28,NR,NR,2,0,person-to-person/fomite,academic,NR,https://www.cdc.gov/vessel-sanitation/cruise-ship-outbreaks/index.html,enhanced_sanitation; port_health_notification,NR
EVT-637,Pacific Princess,ocean_cruise,NR,2007,27,Escherichia coli (ETEC),foodborne_waterborne_bacterial,NR,acute_gastroenteritis,50,6,NR,NR,NR,0,foodborne,official_public_health,NR,https://www.cdc.gov/vessel-sanitation/cruise-ship-outbreaks/index.html,enhanced_sanitation; port_health_notification,NR
EVT-638,Emerald Princess,ocean_cruise,NR,2007,11,Norovirus,gastrointestinal_viral,NR,acute_gastroenteritis,156,22,NR,NR,NR,0,fecal-oral/person-to-person,official_public_health,NR,https://www.cdc.gov/vessel-sanitation/cruise-ship-outbreaks/index.html,enhanced_sanitation; port_health_notification,NR
EVT-639,Norwegian Pearl,ocean_cruise,NR,2007,10,Norovirus,gastrointestinal_viral,NR,acute_gastroenteritis,335,24,NR,NR,NR,0,fecal-oral/person-to-person,official_public_health,NR,https://www.cdc.gov/vessel-sanitation/cruise-ship-outbreaks/index.html,enhanced_sanitation; port_health_notification,NR
EVT-640,Zaandam,ocean_cruise,NR,2007,16,Norovirus,gastrointestinal_viral,NR,acute_gastroenteritis,91,8,NR,NR,NR,0,fecal-oral/person-to-person,official_public_health,NR,https://www.cdc.gov/vessel-sanitation/cruise-ship-outbreaks/index.html,enhanced_sanitation; port_health_notification,NR
EVT-641,Norwegian Dawn,ocean_cruise,NR,2007,13,Norovirus,gastrointestinal_viral,NR,acute_gastroenteritis,149,15,NR,NR,NR,0,fecal-oral/person-to-person,official_public_health,NR,https://www.cdc.gov/vessel-sanitation/cruise-ship-outbreaks/index.html,enhanced_sanitation; port_health_notification,NR
EVT-642,Norwegian Crown,ocean_cruise,NR,2007,8,Norovirus,gastrointestinal_viral,NR,acute_gastroenteritis,51,2,NR,NR,NR,0,fecal-oral/person-to-person,official_public_health,NR,https://www.cdc.gov/vessel-sanitation/cruise-ship-outbreaks/index.html,enhanced_sanitation; port_health_notification,NR
EVT-643,Carnival Spirit,ocean_cruise,NR,2007,8,Norovirus,gastrointestinal_viral,NR,acute_gastroenteritis,116,8,NR,NR,NR,0,fecal-oral/person-to-person,official_public_health,NR,https://www.cdc.gov/vessel-sanitation/cruise-ship-outbreaks/index.html,enhanced_sanitation; port_health_notification,NR
EVT-644,Liberty of the Seas,ocean_cruise,NR,2007,8,Norovirus,gastrointestinal_viral,NR,acute_gastroenteritis,200,12,NR,NR,NR,0,fecal-oral/person-to-person,official_public_health,NR,https://www.cdc.gov/vessel-sanitation/cruise-ship-outbreaks/index.html,enhanced_sanitation; port_health_notification,NR
EVT-645,Norwegian Star,ocean_cruise,NR,2007,8,Norovirus,gastrointestinal_viral,NR,acute_gastroenteritis,177,7,NR,NR,NR,0,fecal-oral/person-to-person,official_public_health,NR,https://www.cdc.gov/vessel-sanitation/cruise-ship-outbreaks/index.html,enhanced_sanitation; port_health_notification,NR
EVT-646,Seven Seas Navigator,ocean_cruise,NR,2007,12,Norovirus,gastrointestinal_viral,NR,acute_gastroenteritis,22,0,NR,NR,NR,0,fecal-oral/person-to-person,official_public_health,NR,https://www.cdc.gov/vessel-sanitation/cruise-ship-outbreaks/index.html,enhanced_sanitation; port_health_notification,NR
EVT-647,Zenith,ocean_cruise,NR,2007,12,Norovirus,gastrointestinal_viral,NR,acute_gastroenteritis,89,11,NR,NR,NR,0,fecal-oral/person-to-person,official_public_health,NR,https://www.cdc.gov/vessel-sanitation/cruise-ship-outbreaks/index.html,enhanced_sanitation; port_health_notification,NR
EVT-648,Empress of the North,ocean_cruise,NR,2007,6,Norovirus,gastrointestinal_viral,NR,acute_gastroenteritis,26,7,NR,NR,NR,0,fecal-oral/person-to-person,official_public_health,NR,https://www.cdc.gov/vessel-sanitation/cruise-ship-outbreaks/index.html,enhanced_sanitation; port_health_notification,NR
EVT-649,Ryndam,ocean_cruise,NR,2007,11,Norovirus,gastrointestinal_viral,NR,acute_gastroenteritis,61,7,NR,NR,NR,0,fecal-oral/person-to-person,official_public_health,NR,https://www.cdc.gov/vessel-sanitation/cruise-ship-outbreaks/index.html,enhanced_sanitation; port_health_notification,NR
EVT-650,Seven Seas Mariner,ocean_cruise,NR,2007,13,Shigella spp.,foodborne_waterborne_bacterial,Salmonella; Enterobacter; Entamoeba histolytica,acute_gastroenteritis,38,5,NR,NR,NR,0,foodborne,official_public_health,NR,https://www.cdc.gov/vessel-sanitation/cruise-ship-outbreaks/index.html,enhanced_sanitation; port_health_notification,NR
EVT-651,Ryndam,ocean_cruise,NR,2007,11,Norovirus,gastrointestinal_viral,NR,acute_gastroenteritis,184,26,NR,NR,NR,0,fecal-oral/person-to-person,official_public_health,NR,https://www.cdc.gov/vessel-sanitation/cruise-ship-outbreaks/index.html,enhanced_sanitation; port_health_notification,NR
EVT-652,Westerdam,ocean_cruise,NR,2007,10,Norovirus,gastrointestinal_viral,NR,acute_gastroenteritis,146,9,NR,NR,NR,0,fecal-oral/person-to-person,official_public_health,NR,https://www.cdc.gov/vessel-sanitation/cruise-ship-outbreaks/index.html,enhanced_sanitation; port_health_notification,NR
EVT-653,Island Princess,ocean_cruise,NR,2007,16,Norovirus,gastrointestinal_viral,NR,acute_gastroenteritis,179,37,NR,NR,NR,0,fecal-oral/person-to-person,official_public_health,NR,https://www.cdc.gov/vessel-sanitation/cruise-ship-outbreaks/index.html,enhanced_sanitation; port_health_notification,NR
EVT-654,Ryndam,ocean_cruise,NR,2007,31,Norovirus,gastrointestinal_viral,NR,acute_gastroenteritis,110,14,NR,NR,NR,0,fecal-oral/person-to-person,official_public_health,NR,https://www.cdc.gov/vessel-sanitation/cruise-ship-outbreaks/index.html,enhanced_sanitation; port_health_notification,NR
EVT-655,Queen Elizabeth 2,ocean_cruise,NR,2007,15,Norovirus,gastrointestinal_viral,NR,acute_gastroenteritis,276,28,NR,NR,NR,0,fecal-oral/person-to-person,official_public_health,NR,https://www.cdc.gov/vessel-sanitation/cruise-ship-outbreaks/index.html,enhanced_sanitation; port_health_notification,NR
EVT-861,Volendam,ocean_cruise,NR,2007,10,NR,unknown,NR,acute_gastroenteritis,NR,NR,NR,NR,NR,NR,fecal-oral/person-to-person,official_public_health,CDC VSP Outbreak Investigations,https://archive.cdc.gov/www_cdc_gov/nceh/vsp/surv/outbreak/archived-outbreaks-1993-2018.html,enhanced_sanitation; port_health_notification,Holland America Line; sailing 4/12/2007-4/22/2007; specimens not obtained
EVT-862,Regal Princess,ocean_cruise,NR,2007,12,NR,unknown,NR,acute_gastroenteritis,NR,NR,NR,NR,NR,NR,fecal-oral/person-to-person,official_public_health,CDC VSP Outbreak Investigations,https://archive.cdc.gov/www_cdc_gov/nceh/vsp/surv/outbreak/archived-outbreaks-1993-2018.html,enhanced_sanitation; port_health_notification,Princess Cruises; sailing 3/13/2007-3/25/2007; specimens not obtained
EVT-863,Spirit of Nantucket,ocean_cruise,NR,2007,7,NR,unknown,NR,acute_gastroenteritis,NR,NR,NR,NR,NR,NR,fecal-oral/person-to-person,official_public_health,CDC VSP Outbreak Investigations,https://archive.cdc.gov/www_cdc_gov/nceh/vsp/surv/outbreak/archived-outbreaks-1993-2018.html,enhanced_sanitation; port_health_notification,Cruise West; sailing 1/27/2007-2/3/2007; specimens not obtained
EVT-864,Volendam,ocean_cruise,NR,2007,10,NR,unknown,NR,acute_gastroenteritis,NR,NR,NR,NR,NR,NR,fecal-oral/person-to-person,official_public_health,CDC VSP Outbreak Investigations,https://archive.cdc.gov/www_cdc_gov/nceh/vsp/surv/outbreak/archived-outbreaks-1993-2018.html,enhanced_sanitation; port_health_notification,Holland America Line; sailing 1/22/2007-2/1/2007; specimens not obtained
EVT-045,Unnamed cruise ship (Legionella 2008),ocean_cruise,Mediterranean,2008,NR,Legionella pneumophila,legionella,NR,legionnaires_disease,6,0,NR,NR,6,0,aerosolized water,official_public_health,NR,https://www.cdc.gov/mmwr/volumes/73/wr/mm7342a3.htm,enhanced_sanitation; port_health_notification,NR
EVT-623,Zuiderdam,ocean_cruise,NR,2008,18,Norovirus,gastrointestinal_viral,NR,acute_gastroenteritis,262,17,NR,NR,NR,0,fecal-oral/person-to-person,official_public_health,NR,https://www.cdc.gov/vessel-sanitation/cruise-ship-outbreaks/index.html,enhanced_sanitation; port_health_notification,NR
EVT-624,Caribbean Princess,ocean_cruise,NR,2008,8,Norovirus,gastrointestinal_viral,NR,acute_gastroenteritis,172,13,NR,NR,NR,0,fecal-oral/person-to-person,official_public_health,NR,https://www.cdc.gov/vessel-sanitation/cruise-ship-outbreaks/index.html,enhanced_sanitation; port_health_notification,NR
EVT-625,Norwegian Jewel,ocean_cruise,NR,2008,11,Norovirus,gastrointestinal_viral,NR,acute_gastroenteritis,86,11,NR,NR,NR,0,fecal-oral/person-to-person,official_public_health,NR,https://www.cdc.gov/vessel-sanitation/cruise-ship-outbreaks/index.html,enhanced_sanitation; port_health_notification,NR
EVT-626,Grande Caribe,ocean_cruise,NR,2008,13,Norovirus,gastrointestinal_viral,NR,acute_gastroenteritis,29,8,NR,NR,NR,0,fecal-oral/person-to-person,official_public_health,NR,https://www.cdc.gov/vessel-sanitation/cruise-ship-outbreaks/index.html,enhanced_sanitation; port_health_notification,NR
EVT-627,Norwegian Jewel,ocean_cruise,NR,2008,11,Norovirus,gastrointestinal_viral,NR,acute_gastroenteritis,144,9,NR,NR,NR,0,fecal-oral/person-to-person,official_public_health,NR,https://www.cdc.gov/vessel-sanitation/cruise-ship-outbreaks/index.html,enhanced_sanitation; port_health_notification,NR
EVT-628,Seven Seas Mariner,ocean_cruise,NR,2008,8,Norovirus,gastrointestinal_viral,NR,acute_gastroenteritis,33,12,NR,NR,NR,0,fecal-oral/person-to-person,official_public_health,NR,https://www.cdc.gov/vessel-sanitation/cruise-ship-outbreaks/index.html,enhanced_sanitation; port_health_notification,NR
EVT-629,Veendam,ocean_cruise,NR,2008,8,Norovirus,gastrointestinal_viral,NR,acute_gastroenteritis,112,12,NR,NR,NR,0,fecal-oral/person-to-person,official_public_health,NR,https://www.cdc.gov/vessel-sanitation/cruise-ship-outbreaks/index.html,enhanced_sanitation; port_health_notification,NR
EVT-630,Norwegian Dream,ocean_cruise,NR,2008,19,Norovirus,gastrointestinal_viral,ETEC,acute_gastroenteritis,99,9,NR,NR,NR,0,fecal-oral/person-to-person,official_public_health,NR,https://www.cdc.gov/vessel-sanitation/cruise-ship-outbreaks/index.html,enhanced_sanitation; port_health_notification,NR
EVT-631,Zaandam,ocean_cruise,NR,2008,16,Norovirus,gastrointestinal_viral,NR,acute_gastroenteritis,100,13,NR,NR,NR,0,fecal-oral/person-to-person,official_public_health,NR,https://www.cdc.gov/vessel-sanitation/cruise-ship-outbreaks/index.html,enhanced_sanitation; port_health_notification,NR
EVT-632,Ryndam,ocean_cruise,NR,2008,11,Norovirus,gastrointestinal_viral,NR,acute_gastroenteritis,113,8,NR,NR,NR,0,fecal-oral/person-to-person,official_public_health,NR,https://www.cdc.gov/vessel-sanitation/cruise-ship-outbreaks/index.html,enhanced_sanitation; port_health_notification,NR
EVT-633,Holiday,ocean_cruise,NR,2008,5,Norovirus,gastrointestinal_viral,NR,acute_gastroenteritis,121,22,NR,NR,NR,0,fecal-oral/person-to-person,official_public_health,NR,https://www.cdc.gov/vessel-sanitation/cruise-ship-outbreaks/index.html,enhanced_sanitation; port_health_notification,NR
EVT-634,Norwegian Star,ocean_cruise,NR,2008,9,Norovirus,gastrointestinal_viral,NR,acute_gastroenteritis,228,32,NR,NR,NR,0,fecal-oral/person-to-person,official_public_health,NR,https://www.cdc.gov/vessel-sanitation/cruise-ship-outbreaks/index.html,enhanced_sanitation; port_health_notification,NR
EVT-635,Noordam,ocean_cruise,NR,2008,12,Norovirus,gastrointestinal_viral,NR,acute_gastroenteritis,103,12,NR,NR,NR,0,fecal-oral/person-to-person,official_public_health,NR,https://www.cdc.gov/vessel-sanitation/cruise-ship-outbreaks/index.html,enhanced_sanitation; port_health_notification,NR
EVT-636,Volendam,ocean_cruise,NR,2008,11,Norovirus,gastrointestinal_viral,NR,acute_gastroenteritis,85,7,NR,NR,NR,0,fecal-oral/person-to-person,official_public_health,NR,https://www.cdc.gov/vessel-sanitation/cruise-ship-outbreaks/index.html,enhanced_sanitation; port_health_notification,NR
EVT-608,Amsterdam,ocean_cruise,NR,2009,22,Norovirus,gastrointestinal_viral,NR,acute_gastroenteritis,56,8,NR,NR,NR,0,fecal-oral/person-to-person,official_public_health,NR,https://www.cdc.gov/vessel-sanitation/cruise-ship-outbreaks/index.html,enhanced_sanitation; port_health_notification,NR
EVT-609,Seven Seas Mariner,ocean_cruise,NR,2009,19,Norovirus,gastrointestinal_viral,NR,acute_gastroenteritis,28,0,NR,NR,NR,0,fecal-oral/person-to-person,official_public_health,NR,https://www.cdc.gov/vessel-sanitation/cruise-ship-outbreaks/index.html,enhanced_sanitation; port_health_notification,NR
EVT-610,Norwegian Spirit,ocean_cruise,NR,2009,17,Norovirus,gastrointestinal_viral,NR,acute_gastroenteritis,73,9,NR,NR,NR,0,fecal-oral/person-to-person,official_public_health,NR,https://www.cdc.gov/vessel-sanitation/cruise-ship-outbreaks/index.html,enhanced_sanitation; port_health_notification,NR
EVT-611,Noordam,ocean_cruise,NR,2009,17,Norovirus,gastrointestinal_viral,NR,acute_gastroenteritis,159,19,NR,NR,NR,0,fecal-oral/person-to-person,official_public_health,NR,https://www.cdc.gov/vessel-sanitation/cruise-ship-outbreaks/index.html,enhanced_sanitation; port_health_notification,NR
EVT-612,Amsterdam,ocean_cruise,NR,2009,8,NR,unknown,NR,acute_gastroenteritis,101,8,NR,NR,NR,0,fecal-oral/person-to-person,official_public_health,NR,https://www.cdc.gov/vessel-sanitation/cruise-ship-outbreaks/index.html,enhanced_sanitation; port_health_notification,NR
EVT-613,Coral Princess,ocean_cruise,NR,2009,8,NR,unknown,NR,acute_gastroenteritis,121,7,NR,NR,NR,0,fecal-oral/person-to-person,official_public_health,NR,https://www.cdc.gov/vessel-sanitation/cruise-ship-outbreaks/index.html,enhanced_sanitation; port_health_notification,NR
EVT-614,Island Princess,ocean_cruise,NR,2009,15,Shigella sonnei,foodborne_waterborne_bacterial,ETEC,acute_gastroenteritis,100,8,NR,NR,NR,0,foodborne,official_public_health,NR,https://www.cdc.gov/vessel-sanitation/cruise-ship-outbreaks/index.html,enhanced_sanitation; port_health_notification,NR
EVT-615,Carnival Liberty,ocean_cruise,NR,2009,8,Norovirus,gastrointestinal_viral,NR,acute_gastroenteritis,208,57,NR,NR,NR,0,fecal-oral/person-to-person,official_public_health,NR,https://www.cdc.gov/vessel-sanitation/cruise-ship-outbreaks/index.html,enhanced_sanitation; port_health_notification,NR
EVT-616,Amsterdam,ocean_cruise,NR,2009,23,Cyclospora cayetanensis,foodborne_waterborne_bacterial,NR,acute_gastroenteritis,135,25,NR,NR,NR,0,foodborne,official_public_health,NR,https://www.cdc.gov/vessel-sanitation/cruise-ship-outbreaks/index.html,enhanced_sanitation; port_health_notification,NR
EVT-617,Celebrity Mercury,ocean_cruise,NR,2009,16,Norovirus,gastrointestinal_viral,NR,acute_gastroenteritis,113,6,NR,NR,NR,0,fecal-oral/person-to-person,official_public_health,NR,https://www.cdc.gov/vessel-sanitation/cruise-ship-outbreaks/index.html,enhanced_sanitation; port_health_notification,NR
EVT-618,Oosterdam,ocean_cruise,NR,2009,8,Norovirus,gastrointestinal_viral,NR,acute_gastroenteritis,110,10,NR,NR,NR,0,fecal-oral/person-to-person,official_public_health,NR,https://www.cdc.gov/vessel-sanitation/cruise-ship-outbreaks/index.html,enhanced_sanitation; port_health_notification,NR
EVT-619,Zaandam,ocean_cruise,NR,2009,16,Norovirus,gastrointestinal_viral,NR,acute_gastroenteritis,74,21,NR,NR,NR,0,fecal-oral/person-to-person,official_public_health,NR,https://www.cdc.gov/vessel-sanitation/cruise-ship-outbreaks/index.html,enhanced_sanitation; port_health_notification,NR
EVT-620,Coral Princess,ocean_cruise,NR,2009,11,Norovirus,gastrointestinal_viral,NR,acute_gastroenteritis,252,19,NR,NR,NR,0,fecal-oral/person-to-person,official_public_health,NR,https://www.cdc.gov/vessel-sanitation/cruise-ship-outbreaks/index.html,enhanced_sanitation; port_health_notification,NR
EVT-621,Celebrity Mercury,ocean_cruise,NR,2009,15,Norovirus,gastrointestinal_viral,NR,acute_gastroenteritis,150,7,NR,NR,NR,0,fecal-oral/person-to-person,official_public_health,NR,https://www.cdc.gov/vessel-sanitation/cruise-ship-outbreaks/index.html,enhanced_sanitation; port_health_notification,NR
EVT-622,Maasdam,ocean_cruise,NR,2009,8,NR,unknown,NR,acute_gastroenteritis,79,8,NR,NR,NR,0,fecal-oral/person-to-person,official_public_health,NR,https://www.cdc.gov/vessel-sanitation/cruise-ship-outbreaks/index.html,enhanced_sanitation; port_health_notification,NR
EVT-014,Unnamed cruise ship (EID 2010),ocean_cruise,Pacific,2009,14,Influenza A (H1N1pdm09/H3N2),respiratory_viral,Influenza A H3N2,influenza_like_illness,180,2,NR,NR,NR,0,airborne/droplet,academic,NR,https://doi.org/10.3201/eid1611.100477,quarantine_isolation; port_health_notification,Ward et al. EID 2010; 82 H1N1pdm09 + 98 H3N2 + 2 co-infections = 182 total among 1970 passengers and 734 crew
EVT-760,Unnamed cruise ship (Vivancos et al. 2010),ocean_cruise,Mediterranean,2009,5,Norovirus,gastrointestinal_viral,NR,acute_gastroenteritis,92,15,NR,NR,NR,0,person-to-person/environmental,academic,NR,https://www.cdc.gov/vessel-sanitation/cruise-ship-outbreaks/index.html,enhanced_sanitation; port_health_notification,NR
EVT-594,Queen Mary 2,ocean_cruise,NR,2010,16,NR,unknown,NR,acute_gastroenteritis,185,29,NR,NR,NR,0,fecal-oral/person-to-person,official_public_health,NR,https://www.cdc.gov/vessel-sanitation/cruise-ship-outbreaks/index.html,enhanced_sanitation; port_health_notification,NR
EVT-595,Crystal Symphony,ocean_cruise,NR,2010,20,NR,unknown,NR,acute_gastroenteritis,37,14,NR,NR,NR,0,fecal-oral/person-to-person,official_public_health,NR,https://www.cdc.gov/vessel-sanitation/cruise-ship-outbreaks/index.html,enhanced_sanitation; port_health_notification,NR
EVT-596,Nieuw Amsterdam,ocean_cruise,NR,2010,21,Norovirus,gastrointestinal_viral,NR,acute_gastroenteritis,134,6,NR,NR,NR,0,fecal-oral/person-to-person,official_public_health,NR,https://www.cdc.gov/vessel-sanitation/cruise-ship-outbreaks/index.html,enhanced_sanitation; port_health_notification,NR
EVT-597,Carnival Glory,ocean_cruise,NR,2010,8,Norovirus,gastrointestinal_viral,NR,acute_gastroenteritis,113,20,NR,NR,NR,0,fecal-oral/person-to-person,official_public_health,NR,https://www.cdc.gov/vessel-sanitation/cruise-ship-outbreaks/index.html,enhanced_sanitation; port_health_notification,NR
EVT-598,Zuiderdam,ocean_cruise,NR,2010,19,NR,unknown,NR,acute_gastroenteritis,73,5,NR,NR,NR,0,fecal-oral/person-to-person,official_public_health,NR,https://www.cdc.gov/vessel-sanitation/cruise-ship-outbreaks/index.html,enhanced_sanitation; port_health_notification,NR
EVT-599,Mercury,ocean_cruise,NR,2010,12,Norovirus,gastrointestinal_viral,NR,acute_gastroenteritis,406,13,NR,NR,NR,0,fecal-oral/person-to-person,official_public_health,NR,https://www.cdc.gov/vessel-sanitation/cruise-ship-outbreaks/index.html,enhanced_sanitation; port_health_notification,NR
EVT-600,Mercury,ocean_cruise,NR,2010,11,Norovirus,gastrointestinal_viral,NR,acute_gastroenteritis,182,14,NR,NR,NR,0,fecal-oral/person-to-person,official_public_health,NR,https://www.cdc.gov/vessel-sanitation/cruise-ship-outbreaks/index.html,enhanced_sanitation; port_health_notification,NR
EVT-601,Jewel of the Seas,ocean_cruise,NR,2010,12,NR,unknown,NR,acute_gastroenteritis,102,14,NR,NR,NR,0,fecal-oral/person-to-person,official_public_health,NR,https://www.cdc.gov/vessel-sanitation/cruise-ship-outbreaks/index.html,enhanced_sanitation; port_health_notification,NR
EVT-602,Millennium,ocean_cruise,NR,2010,12,Norovirus,gastrointestinal_viral,NR,acute_gastroenteritis,157,23,NR,NR,NR,0,fecal-oral/person-to-person,official_public_health,NR,https://www.cdc.gov/vessel-sanitation/cruise-ship-outbreaks/index.html,enhanced_sanitation; port_health_notification,NR
EVT-603,Maasdam,ocean_cruise,NR,2010,15,Norovirus,gastrointestinal_viral,NR,acute_gastroenteritis,168,19,NR,NR,NR,0,fecal-oral/person-to-person,official_public_health,NR,https://www.cdc.gov/vessel-sanitation/cruise-ship-outbreaks/index.html,enhanced_sanitation; port_health_notification,NR
EVT-604,Mercury,ocean_cruise,NR,2010,12,Norovirus,gastrointestinal_viral,NR,acute_gastroenteritis,411,32,NR,NR,NR,0,fecal-oral/person-to-person,official_public_health,NR,https://www.cdc.gov/vessel-sanitation/cruise-ship-outbreaks/index.html,enhanced_sanitation; port_health_notification,NR
EVT-605,Balmoral,ocean_cruise,NR,2010,31,NR,unknown,NR,acute_gastroenteritis,293,17,NR,NR,NR,0,fecal-oral/person-to-person,official_public_health,NR,https://www.cdc.gov/vessel-sanitation/cruise-ship-outbreaks/index.html,enhanced_sanitation; port_health_notification,NR
EVT-606,Queen Victoria,ocean_cruise,NR,2010,16,NR,unknown,NR,acute_gastroenteritis,168,19,NR,NR,NR,0,fecal-oral/person-to-person,official_public_health,NR,https://www.cdc.gov/vessel-sanitation/cruise-ship-outbreaks/index.html,enhanced_sanitation; port_health_notification,NR
EVT-607,Queen Victoria,ocean_cruise,NR,2010,9,Norovirus,gastrointestinal_viral,NR,acute_gastroenteritis,179,8,NR,NR,NR,0,fecal-oral/person-to-person,official_public_health,NR,https://www.cdc.gov/vessel-sanitation/cruise-ship-outbreaks/index.html,enhanced_sanitation; port_health_notification,NR
EVT-034,Unnamed cruise ship (Cyclospora 2010),ocean_cruise,"Fremantle, Australia",2010,14,Cyclospora cayetanensis,foodborne_waterborne_bacterial,NR,acute_gastroenteritis,73,NR,NR,NR,NR,0,foodborne/waterborne,academic,NR,https://doi.org/10.1017/S0950268811001609,enhanced_sanitation; port_health_notification,NR
EVT-761,Unnamed cruise ship (Lopman et al. 2012),ocean_cruise,Transatlantic,2010,8,Norovirus GII.4 New Orleans,gastrointestinal_viral,NR,acute_gastroenteritis,310,45,NR,NR,NR,0,person-to-person/fomite,academic,NR,https://www.cdc.gov/vessel-sanitation/cruise-ship-outbreaks/index.html,enhanced_sanitation; port_health_notification,NR
EVT-580,ms Maasdam,ocean_cruise,NR,2011,11,Norovirus,gastrointestinal_viral,NR,acute_gastroenteritis,56,6,NR,NR,NR,0,fecal-oral/person-to-person,official_public_health,NR,https://www.cdc.gov/vessel-sanitation/cruise-ship-outbreaks/index.html,enhanced_sanitation; port_health_notification,NR
EVT-581,Norwegian Spirit,ocean_cruise,NR,2011,8,Norovirus,gastrointestinal_viral,NR,acute_gastroenteritis,94,13,NR,NR,NR,0,fecal-oral/person-to-person,official_public_health,NR,https://www.cdc.gov/vessel-sanitation/cruise-ship-outbreaks/index.html,enhanced_sanitation; port_health_notification,NR
EVT-582,Ryndam,ocean_cruise,NR,2011,8,Norovirus,gastrointestinal_viral,NR,acute_gastroenteritis,69,6,NR,NR,NR,0,fecal-oral/person-to-person,official_public_health,NR,https://www.cdc.gov/vessel-sanitation/cruise-ship-outbreaks/index.html,enhanced_sanitation; port_health_notification,NR
EVT-583,Celebrity Solstice,ocean_cruise,NR,2011,14,Norovirus,gastrointestinal_viral,NR,acute_gastroenteritis,128,11,NR,NR,NR,0,fecal-oral/person-to-person,official_public_health,NR,https://www.cdc.gov/vessel-sanitation/cruise-ship-outbreaks/index.html,enhanced_sanitation; port_health_notification,NR
EVT-584,Ryndam,ocean_cruise,NR,2011,18,Norovirus,gastrointestinal_viral,NR,acute_gastroenteritis,148,11,NR,NR,NR,0,fecal-oral/person-to-person,official_public_health,NR,https://www.cdc.gov/vessel-sanitation/cruise-ship-outbreaks/index.html,enhanced_sanitation; port_health_notification,NR
EVT-585,Sea Princess,ocean_cruise,NR,2011,11,Norovirus,gastrointestinal_viral,NR,acute_gastroenteritis,14,8,NR,NR,NR,0,fecal-oral/person-to-person,official_public_health,NR,https://www.cdc.gov/vessel-sanitation/cruise-ship-outbreaks/index.html,enhanced_sanitation; port_health_notification,NR
EVT-586,National Geographic Sea Lion,ocean_cruise,NR,2011,8,NR,unknown,NR,acute_gastroenteritis,17,6,NR,NR,NR,0,fecal-oral/person-to-person,official_public_health,NR,https://www.cdc.gov/vessel-sanitation/cruise-ship-outbreaks/index.html,enhanced_sanitation; port_health_notification,NR
EVT-587,Sea Princess,ocean_cruise,NR,2011,11,Norovirus,gastrointestinal_viral,NR,acute_gastroenteritis,128,13,NR,NR,NR,0,fecal-oral/person-to-person,official_public_health,NR,https://www.cdc.gov/vessel-sanitation/cruise-ship-outbreaks/index.html,enhanced_sanitation; port_health_notification,NR
EVT-588,Celebrity Millennium,ocean_cruise,NR,2011,8,NR,unknown,NR,acute_gastroenteritis,104,9,NR,NR,NR,0,fecal-oral/person-to-person,official_public_health,NR,https://www.cdc.gov/vessel-sanitation/cruise-ship-outbreaks/index.html,enhanced_sanitation; port_health_notification,NR
EVT-589,Coral Princess,ocean_cruise,NR,2011,16,Norovirus,gastrointestinal_viral,NR,acute_gastroenteritis,64,3,NR,NR,NR,0,fecal-oral/person-to-person,official_public_health,NR,https://www.cdc.gov/vessel-sanitation/cruise-ship-outbreaks/index.html,enhanced_sanitation; port_health_notification,NR
EVT-590,Coral Princess,ocean_cruise,NR,2011,11,Escherichia coli (ETEC),foodborne_waterborne_bacterial,NR,acute_gastroenteritis,66,3,NR,NR,NR,0,foodborne,official_public_health,NR,https://www.cdc.gov/vessel-sanitation/cruise-ship-outbreaks/index.html,enhanced_sanitation; port_health_notification,NR
EVT-591,MV Marina,ocean_cruise,NR,2011,18,Escherichia coli (ETEC),foodborne_waterborne_bacterial,NR,acute_gastroenteritis,39,29,NR,NR,NR,0,foodborne,official_public_health,NR,https://www.cdc.gov/vessel-sanitation/cruise-ship-outbreaks/index.html,enhanced_sanitation; port_health_notification,NR
EVT-592,Celebrity Solstice,ocean_cruise,NR,2011,8,Norovirus,gastrointestinal_viral,NR,acute_gastroenteritis,118,10,NR,NR,NR,0,fecal-oral/person-to-person,official_public_health,NR,https://www.cdc.gov/vessel-sanitation/cruise-ship-outbreaks/index.html,enhanced_sanitation; port_health_notification,NR
EVT-593,Radiance of the Seas,ocean_cruise,NR,2011,6,Norovirus,gastrointestinal_viral,NR,acute_gastroenteritis,150,3,NR,NR,NR,0,fecal-oral/person-to-person,official_public_health,NR,https://www.cdc.gov/vessel-sanitation/cruise-ship-outbreaks/index.html,enhanced_sanitation; port_health_notification,NR
EVT-301,NR,ocean_cruise,NR,2012,NR,Varicella-zoster virus,vaccine_preventable,NR,febrile_rash_illness,0,NR,NR,NR,NR,NR,airborne,official_public_health,CDC 2019 report; Maritime varicella reporting 2010-2015,https://www.cdc.gov/vessel-sanitation/cruise-ship-outbreaks/index.html,NR,Representative aggregate event from CDC maritime varicella reporting 2010-2015 (midpoint 2012). CDC reports varicella is most common VPD reported by cruise ships with majority among crew from subtropical countries
EVT-564,Queen Mary 2,ocean_cruise,NR,2012,13,Norovirus,gastrointestinal_viral,NR,acute_gastroenteritis,204,16,NR,NR,NR,0,fecal-oral/person-to-person,official_public_health,NR,https://www.cdc.gov/vessel-sanitation/cruise-ship-outbreaks/index.html,enhanced_sanitation; port_health_notification,NR
EVT-565,Emerald Princess,ocean_cruise,NR,2012,11,Norovirus,gastrointestinal_viral,NR,acute_gastroenteritis,189,31,NR,NR,NR,0,fecal-oral/person-to-person,official_public_health,NR,https://www.cdc.gov/vessel-sanitation/cruise-ship-outbreaks/index.html,enhanced_sanitation; port_health_notification,NR
EVT-566,Oceania Riviera,ocean_cruise,NR,2012,15,Norovirus,gastrointestinal_viral,NR,acute_gastroenteritis,37,13,NR,NR,NR,0,fecal-oral/person-to-person,official_public_health,NR,https://www.cdc.gov/vessel-sanitation/cruise-ship-outbreaks/index.html,enhanced_sanitation; port_health_notification,NR
EVT-567,Amsterdam,ocean_cruise,NR,2012,25,Norovirus,gastrointestinal_viral,NR,acute_gastroenteritis,85,6,NR,NR,NR,0,fecal-oral/person-to-person,official_public_health,NR,https://www.cdc.gov/vessel-sanitation/cruise-ship-outbreaks/index.html,enhanced_sanitation; port_health_notification,NR
EVT-568,Ruby Princess,ocean_cruise,NR,2012,20,Norovirus,gastrointestinal_viral,ETEC,acute_gastroenteritis,149,14,NR,NR,NR,0,fecal-oral/person-to-person,official_public_health,NR,https://www.cdc.gov/vessel-sanitation/cruise-ship-outbreaks/index.html,enhanced_sanitation; port_health_notification,NR
EVT-569,Dawn Princess,ocean_cruise,NR,2012,24,Norovirus,gastrointestinal_viral,NR,acute_gastroenteritis,114,11,NR,NR,NR,0,fecal-oral/person-to-person,official_public_health,NR,https://www.cdc.gov/vessel-sanitation/cruise-ship-outbreaks/index.html,enhanced_sanitation; port_health_notification,NR
EVT-570,Rhapsody of the Seas,ocean_cruise,NR,2012,8,Norovirus,gastrointestinal_viral,NR,acute_gastroenteritis,153,6,NR,NR,NR,0,fecal-oral/person-to-person,official_public_health,NR,https://www.cdc.gov/vessel-sanitation/cruise-ship-outbreaks/index.html,enhanced_sanitation; port_health_notification,NR
EVT-571,Carnival Glory,ocean_cruise,NR,2012,6,Norovirus,gastrointestinal_viral,NR,acute_gastroenteritis,205,3,NR,NR,NR,0,fecal-oral/person-to-person,official_public_health,NR,https://www.cdc.gov/vessel-sanitation/cruise-ship-outbreaks/index.html,enhanced_sanitation; port_health_notification,NR
EVT-572,Sun Princess,ocean_cruise,NR,2012,14,Norovirus,gastrointestinal_viral,NR,acute_gastroenteritis,201,15,NR,NR,NR,0,fecal-oral/person-to-person,official_public_health,NR,https://www.cdc.gov/vessel-sanitation/cruise-ship-outbreaks/index.html,enhanced_sanitation; port_health_notification,NR
EVT-573,Ruby Princess,ocean_cruise,NR,2012,8,Norovirus,gastrointestinal_viral,NR,acute_gastroenteritis,129,9,NR,NR,NR,0,fecal-oral/person-to-person,official_public_health,NR,https://www.cdc.gov/vessel-sanitation/cruise-ship-outbreaks/index.html,enhanced_sanitation; port_health_notification,NR
EVT-574,Crown Princess,ocean_cruise,NR,2012,6,Norovirus,gastrointestinal_viral,NR,acute_gastroenteritis,288,75,NR,NR,NR,0,fecal-oral/person-to-person,official_public_health,NR,https://www.cdc.gov/vessel-sanitation/cruise-ship-outbreaks/index.html,enhanced_sanitation; port_health_notification,NR
EVT-575,Celebrity Silhouette,ocean_cruise,NR,2012,13,Norovirus,gastrointestinal_viral,NR,acute_gastroenteritis,178,11,NR,NR,NR,0,fecal-oral/person-to-person,official_public_health,NR,https://www.cdc.gov/vessel-sanitation/cruise-ship-outbreaks/index.html,enhanced_sanitation; port_health_notification,NR
EVT-576,Celebrity Constellation,ocean_cruise,NR,2012,15,Norovirus,gastrointestinal_viral,NR,acute_gastroenteritis,102,12,NR,NR,NR,0,fecal-oral/person-to-person,official_public_health,NR,https://www.cdc.gov/vessel-sanitation/cruise-ship-outbreaks/index.html,enhanced_sanitation; port_health_notification,NR
EVT-577,Crown Princess,ocean_cruise,NR,2012,8,Norovirus,gastrointestinal_viral,NR,acute_gastroenteritis,364,32,NR,NR,NR,0,fecal-oral/person-to-person,official_public_health,NR,https://www.cdc.gov/vessel-sanitation/cruise-ship-outbreaks/index.html,enhanced_sanitation; port_health_notification,NR
EVT-578,Aurora,ocean_cruise,NR,2012,23,Norovirus,gastrointestinal_viral,NR,acute_gastroenteritis,145,8,NR,NR,NR,0,fecal-oral/person-to-person,official_public_health,NR,https://www.cdc.gov/vessel-sanitation/cruise-ship-outbreaks/index.html,enhanced_sanitation; port_health_notification,NR
EVT-579,Voyager of the Seas,ocean_cruise,NR,2012,8,Norovirus,gastrointestinal_viral,NR,acute_gastroenteritis,248,11,NR,NR,NR,0,fecal-oral/person-to-person,official_public_health,NR,https://www.cdc.gov/vessel-sanitation/cruise-ship-outbreaks/index.html,enhanced_sanitation; port_health_notification,NR
EVT-555,Norwegian Gem,ocean_cruise,NR,2013,10,Norovirus,gastrointestinal_viral,NR,acute_gastroenteritis,111,3,NR,NR,NR,0,fecal-oral/person-to-person,official_public_health,NR,https://www.cdc.gov/vessel-sanitation/cruise-ship-outbreaks/index.html,enhanced_sanitation; port_health_notification,NR
EVT-556,Celebrity Summit,ocean_cruise,NR,2013,15,Norovirus,gastrointestinal_viral,NR,acute_gastroenteritis,322,13,NR,NR,NR,0,fecal-oral/person-to-person,official_public_health,NR,https://www.cdc.gov/vessel-sanitation/cruise-ship-outbreaks/index.html,enhanced_sanitation; port_health_notification,NR
EVT-557,Celebrity Millennium,ocean_cruise,NR,2013,16,Norovirus,gastrointestinal_viral,NR,acute_gastroenteritis,23,16,NR,NR,NR,0,fecal-oral/person-to-person,official_public_health,NR,https://www.cdc.gov/vessel-sanitation/cruise-ship-outbreaks/index.html,enhanced_sanitation; port_health_notification,NR
EVT-558,Crystal Symphony,ocean_cruise,NR,2013,8,Norovirus,gastrointestinal_viral,NR,acute_gastroenteritis,125,22,NR,NR,NR,0,fecal-oral/person-to-person,official_public_health,NR,https://www.cdc.gov/vessel-sanitation/cruise-ship-outbreaks/index.html,enhanced_sanitation; port_health_notification,NR
EVT-559,Veendam,ocean_cruise,NR,2013,22,Escherichia coli (ETEC),foodborne_waterborne_bacterial,NR,acute_gastroenteritis,60,10,NR,NR,NR,0,foodborne,official_public_health,NR,https://www.cdc.gov/vessel-sanitation/cruise-ship-outbreaks/index.html,enhanced_sanitation; port_health_notification,NR
EVT-560,Celebrity Solstice,ocean_cruise,NR,2013,18,Norovirus,gastrointestinal_viral,NR,acute_gastroenteritis,183,2,NR,NR,NR,0,fecal-oral/person-to-person,official_public_health,NR,https://www.cdc.gov/vessel-sanitation/cruise-ship-outbreaks/index.html,enhanced_sanitation; port_health_notification,NR
EVT-561,Celebrity Infinity,ocean_cruise,NR,2013,16,Norovirus,gastrointestinal_viral,NR,acute_gastroenteritis,101,17,NR,NR,NR,0,fecal-oral/person-to-person,official_public_health,NR,https://www.cdc.gov/vessel-sanitation/cruise-ship-outbreaks/index.html,enhanced_sanitation; port_health_notification,NR
EVT-562,Ruby Princess,ocean_cruise,NR,2013,8,Norovirus,gastrointestinal_viral,NR,acute_gastroenteritis,266,10,NR,NR,NR,0,fecal-oral/person-to-person,official_public_health,NR,https://www.cdc.gov/vessel-sanitation/cruise-ship-outbreaks/index.html,enhanced_sanitation; port_health_notification,NR
EVT-563,Vision of the Seas,ocean_cruise,NR,2013,12,Norovirus,gastrointestinal_viral,NR,acute_gastroenteritis,118,3,NR,NR,NR,0,fecal-oral/person-to-person,official_public_health,NR,https://www.cdc.gov/vessel-sanitation/cruise-ship-outbreaks/index.html,enhanced_sanitation; port_health_notification,NR
EVT-023,Explorer of the Seas,ocean_cruise,Cape Liberty NJ - Caribbean,2014,10,Norovirus GII.4 Sydney,gastrointestinal_viral,NR,acute_gastroenteritis,634,55,NR,NR,NR,0,fecal-oral/person-to-person,official_public_health,NR,https://www.cdc.gov/vessel-sanitation/cruise-ship-outbreaks/index.html,enhanced_sanitation; voyage_cancellation_diversion; port_health_notification,NR
EVT-547,Crown Princess,ocean_cruise,NR,2014,30,Norovirus,gastrointestinal_viral,NR,acute_gastroenteritis,158,14,NR,NR,NR,0,fecal-oral/person-to-person,official_public_health,NR,https://www.cdc.gov/vessel-sanitation/cruise-ship-outbreaks/index.html,enhanced_sanitation; port_health_notification,NR
EVT-548,Crown Princess,ocean_cruise,NR,2014,8,Norovirus,gastrointestinal_viral,ETEC,acute_gastroenteritis,122,30,NR,NR,NR,0,fecal-oral/person-to-person,official_public_health,NR,https://www.cdc.gov/vessel-sanitation/cruise-ship-outbreaks/index.html,enhanced_sanitation; port_health_notification,NR
EVT-549,Grandeur of the Seas,ocean_cruise,NR,2014,8,Norovirus,gastrointestinal_viral,NR,acute_gastroenteritis,97,8,NR,NR,NR,0,fecal-oral/person-to-person,official_public_health,NR,https://www.cdc.gov/vessel-sanitation/cruise-ship-outbreaks/index.html,enhanced_sanitation; port_health_notification,NR
EVT-550,Grandeur of the Seas,ocean_cruise,NR,2014,9,Norovirus,gastrointestinal_viral,NR,acute_gastroenteritis,111,6,NR,NR,NR,0,fecal-oral/person-to-person,official_public_health,NR,https://www.cdc.gov/vessel-sanitation/cruise-ship-outbreaks/index.html,enhanced_sanitation; port_health_notification,NR
EVT-551,ms Maasdam,ocean_cruise,NR,2014,27,NR,unknown,NR,acute_gastroenteritis,65,8,NR,NR,NR,0,fecal-oral/person-to-person,official_public_health,NR,https://www.cdc.gov/vessel-sanitation/cruise-ship-outbreaks/index.html,enhanced_sanitation; port_health_notification,NR
EVT-552,ms Veendam,ocean_cruise,NR,2014,15,Norovirus,gastrointestinal_viral,NR,acute_gastroenteritis,114,10,NR,NR,NR,0,fecal-oral/person-to-person,official_public_health,NR,https://www.cdc.gov/vessel-sanitation/cruise-ship-outbreaks/index.html,enhanced_sanitation; port_health_notification,NR
EVT-553,Caribbean Princess,ocean_cruise,NR,2014,8,Norovirus,gastrointestinal_viral,NR,acute_gastroenteritis,181,11,NR,NR,NR,0,fecal-oral/person-to-person,official_public_health,NR,https://www.cdc.gov/vessel-sanitation/cruise-ship-outbreaks/index.html,enhanced_sanitation; port_health_notification,NR
EVT-554,Norwegian Star,ocean_cruise,NR,2014,15,Norovirus,gastrointestinal_viral,NR,acute_gastroenteritis,130,12,NR,NR,NR,0,fecal-oral/person-to-person,official_public_health,NR,https://www.cdc.gov/vessel-sanitation/cruise-ship-outbreaks/index.html,enhanced_sanitation; port_health_notification,NR
EVT-037,Unnamed cruise ship (Influenza 2014),ocean_cruise,South America - Los Angeles,2014,17,Influenza B,respiratory_viral,NR,influenza_like_illness,187,54,NR,NR,NR,0,airborne/droplet,academic,NR,https://doi.org/10.1111/jtm.12215,quarantine_isolation; port_health_notification,Millman et al. J Travel Med 2015; Ship B 2987 passengers + 1157 crew; 187 (6.2%) passengers and 54 (4.7%) crew with MAARI; influenza B confirmed
EVT-305,NR,ocean_cruise,NR,2014,NR,Varicella-zoster virus,vaccine_preventable,NR,febrile_rash_illness,0,15,NR,NR,NR,NR,airborne,academic,"Mouchtouri et al., IJERPH 2019; Systematic review of VPD outbreaks on ships",https://doi.org/10.3390/ijerph16152713,NR,"Representative event from Mouchtouri 2019 systematic review (IJERPH) which identified 115 VPD outbreaks on ships, 1497 varicella cases (83.4%), majority among crew"
EVT-535,Veendam,ocean_cruise,NR,2015,8,Norovirus,gastrointestinal_viral,NR,acute_gastroenteritis,73,11,NR,NR,NR,0,fecal-oral/person-to-person,official_public_health,NR,https://www.cdc.gov/vessel-sanitation/cruise-ship-outbreaks/index.html,enhanced_sanitation; port_health_notification,NR
EVT-536,Caribbean Princess,ocean_cruise,NR,2015,8,Norovirus,gastrointestinal_viral,NR,acute_gastroenteritis,163,13,NR,NR,NR,0,fecal-oral/person-to-person,official_public_health,NR,https://www.cdc.gov/vessel-sanitation/cruise-ship-outbreaks/index.html,enhanced_sanitation; port_health_notification,NR
EVT-537,Oceania Riviera,ocean_cruise,NR,2015,15,Norovirus,gastrointestinal_viral,NR,acute_gastroenteritis,74,12,NR,NR,NR,0,fecal-oral/person-to-person,official_public_health,NR,https://www.cdc.gov/vessel-sanitation/cruise-ship-outbreaks/index.html,enhanced_sanitation; port_health_notification,NR
EVT-538,Star Princess,ocean_cruise,NR,2015,16,Norovirus,gastrointestinal_viral,NR,acute_gastroenteritis,135,16,NR,NR,NR,0,fecal-oral/person-to-person,official_public_health,NR,https://www.cdc.gov/vessel-sanitation/cruise-ship-outbreaks/index.html,enhanced_sanitation; port_health_notification,NR
EVT-539,Oceania Marina,ocean_cruise,NR,2015,17,Norovirus,gastrointestinal_viral,NR,acute_gastroenteritis,69,11,NR,NR,NR,0,fecal-oral/person-to-person,official_public_health,NR,https://www.cdc.gov/vessel-sanitation/cruise-ship-outbreaks/index.html,enhanced_sanitation; port_health_notification,NR
EVT-540,ms Maasdam,ocean_cruise,NR,2015,15,Norovirus,gastrointestinal_viral,NR,acute_gastroenteritis,67,12,NR,NR,NR,0,fecal-oral/person-to-person,official_public_health,NR,https://www.cdc.gov/vessel-sanitation/cruise-ship-outbreaks/index.html,enhanced_sanitation; port_health_notification,NR
EVT-541,Coral Princess,ocean_cruise,NR,2015,16,Norovirus,gastrointestinal_viral,NR,acute_gastroenteritis,99,12,NR,NR,NR,0,fecal-oral/person-to-person,official_public_health,NR,https://www.cdc.gov/vessel-sanitation/cruise-ship-outbreaks/index.html,enhanced_sanitation; port_health_notification,NR
EVT-542,Legend of the Seas,ocean_cruise,NR,2015,16,Norovirus,gastrointestinal_viral,NR,acute_gastroenteritis,135,7,NR,NR,NR,0,fecal-oral/person-to-person,official_public_health,NR,https://www.cdc.gov/vessel-sanitation/cruise-ship-outbreaks/index.html,enhanced_sanitation; port_health_notification,NR
EVT-543,Celebrity Infinity,ocean_cruise,NR,2015,16,Norovirus,gastrointestinal_viral,NR,acute_gastroenteritis,106,6,NR,NR,NR,0,fecal-oral/person-to-person,official_public_health,NR,https://www.cdc.gov/vessel-sanitation/cruise-ship-outbreaks/index.html,enhanced_sanitation; port_health_notification,NR
EVT-544,Norwegian Pearl,ocean_cruise,NR,2015,12,Norovirus,gastrointestinal_viral,NR,acute_gastroenteritis,145,13,NR,NR,NR,0,fecal-oral/person-to-person,official_public_health,NR,https://www.cdc.gov/vessel-sanitation/cruise-ship-outbreaks/index.html,enhanced_sanitation; port_health_notification,NR
EVT-545,Celebrity Equinox,ocean_cruise,NR,2015,11,Norovirus,gastrointestinal_viral,NR,acute_gastroenteritis,142,8,NR,NR,NR,0,fecal-oral/person-to-person,official_public_health,NR,https://www.cdc.gov/vessel-sanitation/cruise-ship-outbreaks/index.html,enhanced_sanitation; port_health_notification,NR
EVT-546,Grandeur of the Seas,ocean_cruise,NR,2015,11,Norovirus,gastrointestinal_viral,NR,acute_gastroenteritis,198,9,NR,NR,NR,0,fecal-oral/person-to-person,official_public_health,NR,https://www.cdc.gov/vessel-sanitation/cruise-ship-outbreaks/index.html,enhanced_sanitation; port_health_notification,NR
EVT-026,Cruise ship (Influenza 2015 MMWR),ocean_cruise,Caribbean,2015,10,Influenza A (H3N2),respiratory_viral,NR,influenza_like_illness,83,12,NR,NR,3,0,airborne/droplet,academic,NR,https://doi.org/10.3201/eid2403.171378,quarantine_isolation; port_health_notification,Payne et al. EID 2018; 25 hospitalized cases at Vancouver hospital from Alaska cruise ships summer 2015; all H3N2 clade 3C.2a
EVT-302,NR,ocean_cruise,Alaska,2015,NR,Influenza A (H3N2),respiratory_viral,NR,influenza_like_illness,NR,NR,NR,NR,NR,NR,airborne/droplet,academic,"CDC EID 2018; Influenza A/H3N2 outbreak associated with cruise ships to Alaska, 2015",https://doi.org/10.3201/eid2403.171378,NR,Increased hospital admissions among travelers associated with cruise ship travel to Alaska
EVT-522,Oosterdam,ocean_cruise,NR,2016,16,Norovirus,gastrointestinal_viral,NR,acute_gastroenteritis,90,22,NR,NR,NR,0,fecal-oral/person-to-person,official_public_health,NR,https://www.cdc.gov/vessel-sanitation/cruise-ship-outbreaks/index.html,enhanced_sanitation; port_health_notification,NR
EVT-523,Adonia,ocean_cruise,NR,2016,8,NR,unknown,NR,acute_gastroenteritis,23,2,NR,NR,NR,0,fecal-oral/person-to-person,official_public_health,NR,https://www.cdc.gov/vessel-sanitation/cruise-ship-outbreaks/index.html,enhanced_sanitation; port_health_notification,NR
EVT-524,Disney Wonder,ocean_cruise,NR,2016,5,Norovirus,gastrointestinal_viral,NR,acute_gastroenteritis,131,14,NR,NR,NR,0,fecal-oral/person-to-person,official_public_health,NR,https://www.cdc.gov/vessel-sanitation/cruise-ship-outbreaks/index.html,enhanced_sanitation; port_health_notification,NR
EVT-525,Balmoral,ocean_cruise,NR,2016,35,Norovirus,gastrointestinal_viral,NR,acute_gastroenteritis,277,9,NR,NR,NR,0,fecal-oral/person-to-person,official_public_health,NR,https://www.cdc.gov/vessel-sanitation/cruise-ship-outbreaks/index.html,enhanced_sanitation; port_health_notification,NR
EVT-526,Oceania Riviera,ocean_cruise,NR,2016,14,Norovirus,gastrointestinal_viral,NR,acute_gastroenteritis,98,6,NR,NR,NR,0,fecal-oral/person-to-person,official_public_health,NR,https://www.cdc.gov/vessel-sanitation/cruise-ship-outbreaks/index.html,enhanced_sanitation; port_health_notification,NR
EVT-527,Norwegian Gem,ocean_cruise,NR,2016,11,Norovirus,gastrointestinal_viral,NR,acute_gastroenteritis,128,7,NR,NR,NR,0,fecal-oral/person-to-person,official_public_health,NR,https://www.cdc.gov/vessel-sanitation/cruise-ship-outbreaks/index.html,enhanced_sanitation; port_health_notification,NR
EVT-528,Silver Spirit,ocean_cruise,NR,2016,19,Escherichia coli (ETEC),foodborne_waterborne_bacterial,NR,acute_gastroenteritis,24,13,NR,NR,NR,0,foodborne,official_public_health,NR,https://www.cdc.gov/vessel-sanitation/cruise-ship-outbreaks/index.html,enhanced_sanitation; port_health_notification,NR
EVT-529,Carnival Sunshine,ocean_cruise,NR,2016,14,Norovirus,gastrointestinal_viral,NR,acute_gastroenteritis,173,5,NR,NR,NR,0,fecal-oral/person-to-person,official_public_health,NR,https://www.cdc.gov/vessel-sanitation/cruise-ship-outbreaks/index.html,enhanced_sanitation; port_health_notification,NR
EVT-530,Anthem of the Seas,ocean_cruise,NR,2016,13,Norovirus,gastrointestinal_viral,NR,acute_gastroenteritis,132,16,NR,NR,NR,0,fecal-oral/person-to-person,official_public_health,NR,https://www.cdc.gov/vessel-sanitation/cruise-ship-outbreaks/index.html,enhanced_sanitation; port_health_notification,NR
EVT-531,Ocean Princess,ocean_cruise,NR,2016,24,Norovirus,gastrointestinal_viral,ETEC,acute_gastroenteritis,63,7,NR,NR,NR,0,fecal-oral/person-to-person,official_public_health,NR,https://www.cdc.gov/vessel-sanitation/cruise-ship-outbreaks/index.html,enhanced_sanitation; port_health_notification,NR
EVT-532,Oceania Riviera,ocean_cruise,NR,2016,11,Norovirus,gastrointestinal_viral,NR,acute_gastroenteritis,124,3,NR,NR,NR,0,fecal-oral/person-to-person,official_public_health,NR,https://www.cdc.gov/vessel-sanitation/cruise-ship-outbreaks/index.html,enhanced_sanitation; port_health_notification,NR
EVT-533,Oceania Riviera,ocean_cruise,NR,2016,11,Norovirus,gastrointestinal_viral,NR,acute_gastroenteritis,33,0,NR,NR,NR,0,fecal-oral/person-to-person,official_public_health,NR,https://www.cdc.gov/vessel-sanitation/cruise-ship-outbreaks/index.html,enhanced_sanitation; port_health_notification,NR
EVT-534,Crown Princess,ocean_cruise,NR,2016,11,Norovirus,gastrointestinal_viral,NR,acute_gastroenteritis,180,24,NR,NR,NR,0,fecal-oral/person-to-person,official_public_health,NR,https://www.cdc.gov/vessel-sanitation/cruise-ship-outbreaks/index.html,enhanced_sanitation; port_health_notification,NR
EVT-762,Unnamed cruise ship (Sakon et al. 2018),ocean_cruise,East Asia,2016,6,Norovirus GII.17,gastrointestinal_viral,NR,acute_gastroenteritis,156,12,NR,NR,NR,0,person-to-person/foodborne,academic,NR,https://www.cdc.gov/vessel-sanitation/cruise-ship-outbreaks/index.html,enhanced_sanitation; port_health_notification,NR
EVT-511,Independence of the Seas,ocean_cruise,NR,2017,6,Norovirus,gastrointestinal_viral,NR,acute_gastroenteritis,310,22,NR,NR,NR,0,fecal-oral/person-to-person,official_public_health,NR,https://www.cdc.gov/vessel-sanitation/cruise-ship-outbreaks/index.html,enhanced_sanitation; port_health_notification,NR
EVT-512,Celebrity Reflection,ocean_cruise,NR,2017,11,Norovirus,gastrointestinal_viral,NR,acute_gastroenteritis,173,3,NR,NR,NR,0,fecal-oral/person-to-person,official_public_health,NR,https://www.cdc.gov/vessel-sanitation/cruise-ship-outbreaks/index.html,enhanced_sanitation; port_health_notification,NR
EVT-513,Crown Princess,ocean_cruise,NR,2017,15,Clostridium perfringens,foodborne_waterborne_bacterial,NR,acute_gastroenteritis,184,12,NR,NR,NR,0,foodborne,official_public_health,NR,https://www.cdc.gov/vessel-sanitation/cruise-ship-outbreaks/index.html,enhanced_sanitation; port_health_notification,NR
EVT-514,National Geographic Sea Bird,ocean_cruise,NR,2017,7,NR,unknown,NR,acute_gastroenteritis,13,1,NR,NR,NR,0,fecal-oral/person-to-person,official_public_health,NR,https://www.cdc.gov/vessel-sanitation/cruise-ship-outbreaks/index.html,enhanced_sanitation; port_health_notification,NR
EVT-515,Noordam,ocean_cruise,NR,2017,8,Norovirus,gastrointestinal_viral,NR,acute_gastroenteritis,82,5,NR,NR,NR,0,fecal-oral/person-to-person,official_public_health,NR,https://www.cdc.gov/vessel-sanitation/cruise-ship-outbreaks/index.html,enhanced_sanitation; port_health_notification,NR
EVT-516,Nieuw Amsterdam,ocean_cruise,NR,2017,8,Norovirus,gastrointestinal_viral,NR,acute_gastroenteritis,73,4,NR,NR,NR,0,fecal-oral/person-to-person,official_public_health,NR,https://www.cdc.gov/vessel-sanitation/cruise-ship-outbreaks/index.html,enhanced_sanitation; port_health_notification,NR
EVT-517,Noordam,ocean_cruise,NR,2017,8,Norovirus,gastrointestinal_viral,NR,acute_gastroenteritis,167,6,NR,NR,NR,0,fecal-oral/person-to-person,official_public_health,NR,https://www.cdc.gov/vessel-sanitation/cruise-ship-outbreaks/index.html,enhanced_sanitation; port_health_notification,NR
EVT-518,Volendam,ocean_cruise,NR,2017,8,Norovirus,gastrointestinal_viral,NR,acute_gastroenteritis,46,10,NR,NR,NR,0,fecal-oral/person-to-person,official_public_health,NR,https://www.cdc.gov/vessel-sanitation/cruise-ship-outbreaks/index.html,enhanced_sanitation; port_health_notification,NR
EVT-519,Volendam,ocean_cruise,NR,2017,8,Norovirus,gastrointestinal_viral,NR,acute_gastroenteritis,68,1,NR,NR,NR,0,fecal-oral/person-to-person,official_public_health,NR,https://www.cdc.gov/vessel-sanitation/cruise-ship-outbreaks/index.html,enhanced_sanitation; port_health_notification,NR
EVT-520,Regatta,ocean_cruise,NR,2017,17,Norovirus,gastrointestinal_viral,NR,acute_gastroenteritis,23,1,NR,NR,NR,0,fecal-oral/person-to-person,official_public_health,NR,https://www.cdc.gov/vessel-sanitation/cruise-ship-outbreaks/index.html,enhanced_sanitation; port_health_notification,NR
EVT-521,Coral Princess,ocean_cruise,NR,2017,11,Norovirus,gastrointestinal_viral,NR,acute_gastroenteritis,157,25,NR,NR,NR,0,fecal-oral/person-to-person,official_public_health,NR,https://www.cdc.gov/vessel-sanitation/cruise-ship-outbreaks/index.html,enhanced_sanitation; port_health_notification,NR
EVT-500,Viking Star,ocean_cruise,NR,2018,22,Rotavirus,gastrointestinal_viral,NR,acute_gastroenteritis,28,5,NR,NR,NR,0,fecal-oral/person-to-person,official_public_health,NR,https://www.cdc.gov/vessel-sanitation/cruise-ship-outbreaks/index.html,enhanced_sanitation; port_health_notification,NR
EVT-501,Crystal Symphony,ocean_cruise,NR,2018,25,Norovirus,gastrointestinal_viral,NR,acute_gastroenteritis,30,17,NR,NR,NR,0,fecal-oral/person-to-person,official_public_health,NR,https://www.cdc.gov/vessel-sanitation/cruise-ship-outbreaks/index.html,enhanced_sanitation; port_health_notification,NR
EVT-502,Volendam,ocean_cruise,NR,2018,16,Norovirus,gastrointestinal_viral,NR,acute_gastroenteritis,68,9,NR,NR,NR,0,fecal-oral/person-to-person,official_public_health,NR,https://www.cdc.gov/vessel-sanitation/cruise-ship-outbreaks/index.html,enhanced_sanitation; port_health_notification,NR
EVT-503,Pearl Mist,ocean_cruise,NR,2018,12,NR,unknown,NR,acute_gastroenteritis,6,0,NR,NR,NR,0,fecal-oral/person-to-person,official_public_health,NR,https://www.cdc.gov/vessel-sanitation/cruise-ship-outbreaks/index.html,enhanced_sanitation; port_health_notification,NR
EVT-504,Seven Seas Mariner,ocean_cruise,NR,2018,11,NR,unknown,NR,acute_gastroenteritis,38,0,NR,NR,NR,0,fecal-oral/person-to-person,official_public_health,NR,https://www.cdc.gov/vessel-sanitation/cruise-ship-outbreaks/index.html,enhanced_sanitation; port_health_notification,NR
EVT-505,Zaandam,ocean_cruise,NR,2018,15,NR,unknown,NR,acute_gastroenteritis,95,18,NR,NR,NR,0,fecal-oral/person-to-person,official_public_health,NR,https://www.cdc.gov/vessel-sanitation/cruise-ship-outbreaks/index.html,enhanced_sanitation; port_health_notification,NR
EVT-506,Silver Shadow,ocean_cruise,NR,2018,15,Norovirus,gastrointestinal_viral,NR,acute_gastroenteritis,28,8,NR,NR,NR,0,fecal-oral/person-to-person,official_public_health,NR,https://www.cdc.gov/vessel-sanitation/cruise-ship-outbreaks/index.html,enhanced_sanitation; port_health_notification,NR
EVT-507,Celebrity Infinity,ocean_cruise,NR,2018,16,Norovirus,gastrointestinal_viral,NR,acute_gastroenteritis,111,7,NR,NR,NR,0,fecal-oral/person-to-person,official_public_health,NR,https://www.cdc.gov/vessel-sanitation/cruise-ship-outbreaks/index.html,enhanced_sanitation; port_health_notification,NR
EVT-508,Queen Victoria,ocean_cruise,NR,2018,17,Escherichia coli (ETEC),foodborne_waterborne_bacterial,NR,acute_gastroenteritis,80,10,NR,NR,NR,0,foodborne,official_public_health,NR,https://www.cdc.gov/vessel-sanitation/cruise-ship-outbreaks/index.html,enhanced_sanitation; port_health_notification,NR
EVT-509,Azamara Quest,ocean_cruise,NR,2018,15,NR,unknown,NR,acute_gastroenteritis,20,2,NR,NR,NR,0,fecal-oral/person-to-person,official_public_health,NR,https://www.cdc.gov/vessel-sanitation/cruise-ship-outbreaks/index.html,enhanced_sanitation; port_health_notification,NR
EVT-510,Island Princess,ocean_cruise,NR,2018,16,Norovirus,gastrointestinal_viral,Campylobacter,acute_gastroenteritis,71,7,NR,NR,NR,0,fecal-oral/person-to-person,official_public_health,NR,https://www.cdc.gov/vessel-sanitation/cruise-ship-outbreaks/index.html,enhanced_sanitation; port_health_notification,NR
EVT-763,Unnamed cruise ship (Rajiuddin et al. 2020),ocean_cruise,Baltic Sea,2018,4,Norovirus GII.4 Sydney,gastrointestinal_viral,NR,acute_gastroenteritis,78,8,NR,NR,NR,0,person-to-person,academic,NR,https://www.cdc.gov/vessel-sanitation/cruise-ship-outbreaks/index.html,enhanced_sanitation; port_health_notification,NR
EVT-211,Multiple cruise ships (frozen fruit-associated norovirus),ocean_cruise,Multiple routes,2019,NR,Norovirus,gastrointestinal_viral,NR,acute_gastroenteritis,NR,NR,NR,NR,NR,NR,foodborne (frozen fruits),official_public_health,CDC MMWR 2020,https://www.cdc.gov/mmwr/volumes/69/wr/mm6916a3.htm,enhanced_sanitation; port_health_notification,Norovirus outbreaks associated with frozen fruits and berries across 3 cruise ships; ~200 total cases; representative event
EVT-851,Norwegian Joy,ocean_cruise,NR,2019,16,NR,unknown,NR,acute_gastroenteritis,NR,NR,NR,NR,NR,NR,fecal-oral/person-to-person,official_public_health,CDC VSP Outbreak Investigations,https://archive.cdc.gov/www_cdc_gov/vessel-sanitation/cruise-ship-outbreaks/earlier-outbreaks-2019-2022.html,enhanced_sanitation; port_health_notification,Norwegian Cruise Line; sailing 11/8/2019-11/24/2019; specimens not obtained
EVT-852,AIDAdiva,ocean_cruise,NR,2019,41,Norovirus,gastrointestinal_viral,NR,acute_gastroenteritis,NR,NR,NR,NR,NR,NR,fecal-oral/person-to-person,official_public_health,CDC VSP Outbreak Investigations,https://archive.cdc.gov/www_cdc_gov/vessel-sanitation/cruise-ship-outbreaks/earlier-outbreaks-2019-2022.html,enhanced_sanitation; port_health_notification,Aida Cruises; sailing 10/3/2019-11/13/2019
EVT-853,AIDAluna,ocean_cruise,NR,2019,14,Norovirus,gastrointestinal_viral,NR,acute_gastroenteritis,NR,NR,NR,NR,NR,NR,fecal-oral/person-to-person,official_public_health,CDC VSP Outbreak Investigations,https://archive.cdc.gov/www_cdc_gov/vessel-sanitation/cruise-ship-outbreaks/earlier-outbreaks-2019-2022.html,enhanced_sanitation; port_health_notification,Aida Cruises; sailing 9/28/2019-10/12/2019
EVT-854,AIDAdiva,ocean_cruise,NR,2019,79,Norovirus,gastrointestinal_viral,NR,acute_gastroenteritis,NR,NR,NR,NR,NR,NR,fecal-oral/person-to-person,official_public_health,CDC VSP Outbreak Investigations,https://archive.cdc.gov/www_cdc_gov/vessel-sanitation/cruise-ship-outbreaks/earlier-outbreaks-2019-2022.html,enhanced_sanitation; port_health_notification,Aida Cruises; sailing 9/5/2019-11/23/2019
EVT-855,Conquest,ocean_cruise,NR,2019,7,Norovirus,gastrointestinal_viral,NR,acute_gastroenteritis,NR,NR,NR,NR,NR,NR,fecal-oral/person-to-person,official_public_health,CDC VSP Outbreak Investigations,https://archive.cdc.gov/www_cdc_gov/vessel-sanitation/cruise-ship-outbreaks/earlier-outbreaks-2019-2022.html,enhanced_sanitation; port_health_notification,Carnival Cruise Line; sailing 9/7/2019-9/14/2019
EVT-856,Oceania Marina,ocean_cruise,NR,2019,18,NR,unknown,NR,acute_gastroenteritis,NR,NR,NR,NR,NR,NR,fecal-oral/person-to-person,official_public_health,CDC VSP Outbreak Investigations,https://archive.cdc.gov/www_cdc_gov/vessel-sanitation/cruise-ship-outbreaks/earlier-outbreaks-2019-2022.html,enhanced_sanitation; port_health_notification,Oceania Cruises; sailing 3/18/2019-4/5/2019; specimens not obtained
EVT-857,Island Princess,ocean_cruise,NR,2019,10,Norovirus,gastrointestinal_viral,NR,acute_gastroenteritis,NR,NR,NR,NR,NR,NR,fecal-oral/person-to-person,official_public_health,CDC VSP Outbreak Investigations,https://archive.cdc.gov/www_cdc_gov/vessel-sanitation/cruise-ship-outbreaks/earlier-outbreaks-2019-2022.html,enhanced_sanitation; port_health_notification,Princess Cruises; sailing 2/8/2019-2/18/2019
EVT-858,Viking Star,ocean_cruise,NR,2019,7,Norovirus,gastrointestinal_viral,NR,acute_gastroenteritis,NR,NR,NR,NR,NR,NR,fecal-oral/person-to-person,official_public_health,CDC VSP Outbreak Investigations,https://archive.cdc.gov/www_cdc_gov/vessel-sanitation/cruise-ship-outbreaks/earlier-outbreaks-2019-2022.html,enhanced_sanitation; port_health_notification,Viking Ocean Cruises; sailing 2/7/2019-2/14/2019
EVT-859,Viking Sea,ocean_cruise,NR,2019,10,Norovirus,gastrointestinal_viral,NR,acute_gastroenteritis,NR,NR,NR,NR,NR,NR,fecal-oral/person-to-person,official_public_health,CDC VSP Outbreak Investigations,https://archive.cdc.gov/www_cdc_gov/vessel-sanitation/cruise-ship-outbreaks/earlier-outbreaks-2019-2022.html,enhanced_sanitation; port_health_notification,Viking Ocean Cruises; sailing 1/18/2019-1/28/2019
EVT-860,Oasis of the Seas,ocean_cruise,NR,2019,7,Norovirus,gastrointestinal_viral,NR,acute_gastroenteritis,NR,NR,NR,NR,NR,NR,fecal-oral/person-to-person,official_public_health,CDC VSP Outbreak Investigations,https://archive.cdc.gov/www_cdc_gov/vessel-sanitation/cruise-ship-outbreaks/earlier-outbreaks-2019-2022.html,enhanced_sanitation; port_health_notification,Royal Caribbean International; sailing 1/6/2019-1/13/2019
EVT-847,Grandeur of the Seas,ocean_cruise,NR,2020,12,Norovirus,gastrointestinal_viral,NR,acute_gastroenteritis,NR,NR,NR,NR,NR,NR,fecal-oral/person-to-person,official_public_health,CDC VSP Outbreak Investigations,https://archive.cdc.gov/www_cdc_gov/vessel-sanitation/cruise-ship-outbreaks/earlier-outbreaks-2019-2022.html,enhanced_sanitation; port_health_notification,Royal Caribbean International; sailing 3/7/2020-3/19/2020
EVT-848,Westerdam,ocean_cruise,NR,2020,15,NR,unknown,NR,acute_gastroenteritis,NR,NR,NR,NR,NR,NR,fecal-oral/person-to-person,official_public_health,CDC VSP Outbreak Investigations,https://archive.cdc.gov/www_cdc_gov/vessel-sanitation/cruise-ship-outbreaks/earlier-outbreaks-2019-2022.html,enhanced_sanitation; port_health_notification,Holland America Line; sailing 3/1/2020-3/16/2020; specimens not obtained
EVT-849,Caribbean Princess,ocean_cruise,NR,2020,14,Norovirus,gastrointestinal_viral,NR,acute_gastroenteritis,NR,NR,NR,NR,NR,NR,fecal-oral/person-to-person,official_public_health,CDC VSP Outbreak Investigations,https://archive.cdc.gov/www_cdc_gov/vessel-sanitation/cruise-ship-outbreaks/earlier-outbreaks-2019-2022.html,enhanced_sanitation; port_health_notification,Princess Cruises; sailing 2/16/2020-3/1/2020
EVT-850,Caribbean Princess,ocean_cruise,NR,2020,14,Norovirus,gastrointestinal_viral,NR,acute_gastroenteritis,NR,NR,NR,NR,NR,NR,fecal-oral/person-to-person,official_public_health,CDC VSP Outbreak Investigations,https://archive.cdc.gov/www_cdc_gov/vessel-sanitation/cruise-ship-outbreaks/earlier-outbreaks-2019-2022.html,enhanced_sanitation; port_health_notification,Princess Cruises; sailing 2/2/2020-2/16/2020
EVT-001,Diamond Princess,ocean_cruise,Yokohama - Hong Kong - Yokohama,2020,28,SARS-CoV-2,respiratory_viral,NR,acute_respiratory_illness,567,145,NR,NR,73,14,airborne/droplet,academic,NR,https://doi.org/10.1056/NEJMoa2001316,quarantine_isolation; disembarkation; medical_evacuation; port_health_notification,NR
EVT-020,Grand Princess,ocean_cruise,San Francisco - Hawaii - Mexico,2020,14,SARS-CoV-2,respiratory_viral,NR,acute_respiratory_illness,103,19,NR,NR,NR,7,airborne/droplet,academic,NR,https://doi.org/10.1093/cid/ciaa1424,quarantine_isolation; disembarkation; medical_evacuation; port_health_notification,NR
EVT-021,Greg Mortimer,expedition_cruise,Ushuaia - Antarctica - Montevideo,2020,28,SARS-CoV-2,respiratory_viral,NR,acute_respiratory_illness,128,0,NR,NR,NR,1,airborne/droplet,academic,NR,https://doi.org/10.3201/eid2702.204443,quarantine_isolation; medical_evacuation; voyage_cancellation_diversion,NR
EVT-022,Coral Princess,ocean_cruise,South America,2020,21,SARS-CoV-2,respiratory_viral,NR,acute_respiratory_illness,12,NR,NR,NR,NR,3,airborne/droplet,academic,"Willebrand et al., Eurosurveillance 2022, Supplement",https://doi.org/10.2807/1560-7917.ES.2022.27.1.2002113,quarantine_isolation; disembarkation; port_health_notification,Coral Princess COVID-19 outbreak; 12 confirmed cases; 3 deaths; also reported by CNN and Reuters
EVT-031,Ruby Princess,ocean_cruise,Sydney - New Zealand,2020,11,SARS-CoV-2,respiratory_viral,NR,acute_respiratory_illness,663,191,NR,NR,NR,28,airborne/droplet,academic,NR,https://doi.org/10.5694/mja2.50648,disembarkation; port_health_notification,NR
EVT-032,MS Zaandam,ocean_cruise,Buenos Aires - Fort Lauderdale,2020,21,SARS-CoV-2,respiratory_viral,NR,acute_respiratory_illness,9,NR,NR,NR,NR,4,airborne/droplet,academic,"Willebrand et al., Eurosurveillance 2022, Supplement",https://doi.org/10.2807/1560-7917.ES.2022.27.1.2002113,quarantine_isolation; medical_evacuation; voyage_cancellation_diversion; port_health_notification,MS Zaandam COVID-19 outbreak; 9 confirmed cases; 4 deaths; also reported by Reuters and Al Jazeera; Wikipedia page exists
EVT-036,Costa Luminosa,ocean_cruise,Mediterranean - Transatlantic,2020,14,SARS-CoV-2,respiratory_viral,NR,acute_respiratory_illness,36,NR,NR,NR,NR,3,airborne/droplet,academic,"Willebrand et al., Eurosurveillance 2022, Supplement",https://doi.org/10.2807/1560-7917.ES.2022.27.1.2002113,quarantine_isolation; disembarkation; port_health_notification,Costa Luminosa COVID-19 outbreak; 36 confirmed cases; 3 deaths; also reported by CBS 60 Minutes and Reuters
EVT-200,Celebrity Apex,ocean_cruise,"Saint-Nazaire, France (crew only, in port)",2020,NR,SARS-CoV-2,respiratory_viral,NR,acute_respiratory_illness,0,284,1440,15.4,NR,0,airborne/droplet,academic,"Willebrand et al., Eurosurveillance 2022, Table 1",https://doi.org/10.2807/1560-7917.ES.2022.27.1.2002113,quarantine_isolation; port_health_notification,Crew-only outbreak; ship in port at Saint-Nazaire shipyard
EVT-201,Costa Atlantica,ocean_cruise,"Nagasaki, Japan (crew only, in port)",2020,NR,SARS-CoV-2,respiratory_viral,NR,acute_respiratory_illness,0,149,623,23.9,NR,0,airborne/droplet,academic,"Willebrand et al., Eurosurveillance 2022, Table 1",https://doi.org/10.2807/1560-7917.ES.2022.27.1.2002113,quarantine_isolation; port_health_notification,Crew-only outbreak; ship docked in Nagasaki for maintenance
EVT-202,Ovation of the Seas,ocean_cruise,"Sydney, Australia",2020,NR,SARS-CoV-2,respiratory_viral,NR,acute_respiratory_illness,107,0,1500,NR,NR,1,airborne/droplet,academic,"Willebrand et al., Eurosurveillance 2022, Table 1",https://doi.org/10.2807/1560-7917.ES.2022.27.1.2002113,quarantine_isolation; disembarkation; port_health_notification,"109 total cases (107 passengers, 0 crew confirmed); 1 death"
EVT-203,MS Roald Amundsen,expedition_cruise,Norway (expedition cruise),2020,NR,SARS-CoV-2,respiratory_viral,NR,acute_respiratory_illness,5,36,NR,NR,NR,0,airborne/droplet,academic,"Willebrand et al., Eurosurveillance 2022, Table 1",https://doi.org/10.2807/1560-7917.ES.2022.27.1.2002113,quarantine_isolation; voyage_cancellation_diversion; port_health_notification,"August 2020; ~400 passengers + crew total; 41 total cases (36 crew, 5 passengers)"
EVT-204,Costa Diadema,ocean_cruise,Mediterranean,2020,NR,SARS-CoV-2,respiratory_viral,NR,acute_respiratory_illness,NR,NR,NR,NR,NR,0,airborne/droplet,academic,"Willebrand et al., Eurosurveillance 2022, Table 1",https://doi.org/10.2807/1560-7917.ES.2022.27.1.2002113,quarantine_isolation; port_health_notification,October 2020; ~3000 passengers + crew; 8 confirmed cases; early resumption of cruising
EVT-205,Costa Favolosa,ocean_cruise,Caribbean,2020,NR,SARS-CoV-2,respiratory_viral,NR,acute_respiratory_illness,NR,NR,NR,NR,NR,NR,airborne/droplet,academic,"Willebrand et al., Eurosurveillance 2022, Supplement",https://doi.org/10.2807/1560-7917.ES.2022.27.1.2002113,quarantine_isolation; disembarkation; port_health_notification,March 2020; 4789 passengers + crew; 58 cases; deaths unknown
EVT-206,Celebrity Flora,expedition_cruise,Galapagos,2020,NR,SARS-CoV-2,respiratory_viral,NR,acute_respiratory_illness,0,48,69,69.6,NR,0,airborne/droplet,academic,"Willebrand et al., Eurosurveillance 2022, Supplement",https://doi.org/10.2807/1560-7917.ES.2022.27.1.2002113,quarantine_isolation; port_health_notification,Crew-only outbreak on expedition vessel in Galapagos; very high attack rate (69.6%)
EVT-207,MS Westerdam,ocean_cruise,Cambodia (Southeast Asia),2020,NR,SARS-CoV-2,respiratory_viral,NR,acute_respiratory_illness,NR,NR,NR,NR,NR,0,airborne/droplet,academic,"Willebrand et al., Eurosurveillance 2022, Supplement",https://doi.org/10.2807/1560-7917.ES.2022.27.1.2002113,quarantine_isolation; disembarkation; port_health_notification,February 2020; ~2200 passengers + crew; 1 confirmed case initially (later additional cases identified post-disembarkation); ship denied port entry by multiple countries
EVT-208,Silver Shadow,ocean_cruise,Brazil (South America),2020,NR,SARS-CoV-2,respiratory_viral,NR,acute_respiratory_illness,NR,NR,NR,NR,NR,0,airborne/droplet,academic,"Willebrand et al., Eurosurveillance 2022, Supplement",https://doi.org/10.2807/1560-7917.ES.2022.27.1.2002113,quarantine_isolation; disembarkation; port_health_notification,March 2020; ~600 passengers + crew; 25 cases; 0 deaths
EVT-209,Horizon,ocean_cruise,"Dubai, UAE (crew only, in port)",2020,NR,SARS-CoV-2,respiratory_viral,NR,acute_respiratory_illness,0,125,250,50.0,NR,0,airborne/droplet,academic,"Willebrand et al., Eurosurveillance 2022, Table 1",https://doi.org/10.2807/1560-7917.ES.2022.27.1.2002113,quarantine_isolation; port_health_notification,Crew-only outbreak; ~250 crew on board; 125 cases (50% attack rate); 0 deaths; outbreak identified 26 March 2020; guests had disembarked >14 days prior
EVT-210,MS Artania,ocean_cruise,"Fremantle, Australia",2020,NR,SARS-CoV-2,respiratory_viral,NR,acute_respiratory_illness,36,43,NR,NR,NR,0,airborne/droplet,academic,CDC EID 2021,https://doi.org/10.3201/eid2702.204443,quarantine_isolation; disembarkation; medical_evacuation; port_health_notification,"March-April 2020; ~800 passengers + crew; 79 total cases (36 passengers, 43 crew); 0 deaths"
EVT-306,Disney Wonder,ocean_cruise,San Diego - Caribbean,2020,NR,SARS-CoV-2,respiratory_viral,NR,acute_respiratory_illness,3,233,935,NR,NR,1,airborne/droplet,academic,"Willebrand et al., Eurosurveillance 2022, Table 1 & Supplement",https://doi.org/10.2807/1560-7917.ES.2022.27.1.2002113,quarantine_isolation; port_health_notification,Disney Wonder COVID-19 outbreak 2020; Voyage B: 36 cases (3 guests + 33 crew) + 1 death; Voyage C (crew-only): ~200 crew cases; combined here as single ship event
EVT-846,Viking Sea,ocean_cruise,NR,2021,14,Vibrio spp.,foodborne_waterborne_bacterial,Escherichia coli (ETEC),acute_gastroenteritis,NR,NR,NR,NR,NR,NR,foodborne,official_public_health,CDC VSP Outbreak Investigations,https://archive.cdc.gov/www_cdc_gov/vessel-sanitation/cruise-ship-outbreaks/earlier-outbreaks-2019-2022.html,enhanced_sanitation; port_health_notification,Viking Cruises; sailing 11/29/2021-12/13/2021
EVT-011,"Ship A (unnamed, MMWR 2024)",ocean_cruise,Not reported,2022,NR,Legionella pneumophila,legionella,NR,legionnaires_disease,8,0,NR,NR,8,0,aerosolized water (private hot tub),official_public_health,NR,https://www.cdc.gov/mmwr/volumes/73/wr/mm7342a3.htm,enhanced_sanitation; port_health_notification,NR
EVT-842,Arcadia,ocean_cruise,NR,2022,5,Norovirus,gastrointestinal_viral,NR,acute_gastroenteritis,NR,NR,NR,NR,NR,NR,fecal-oral/person-to-person,official_public_health,CDC VSP Outbreak Investigations,https://archive.cdc.gov/www_cdc_gov/vessel-sanitation/cruise-ship-outbreaks/earlier-outbreaks-2019-2022.html,enhanced_sanitation; port_health_notification,P&O Cruises; sailing 12/29/2022-1/3/2023
EVT-843,Silver Moon,ocean_cruise,NR,2022,16,NR,unknown,NR,acute_gastroenteritis,NR,NR,NR,NR,NR,NR,fecal-oral/person-to-person,official_public_health,CDC VSP Outbreak Investigations,https://archive.cdc.gov/www_cdc_gov/vessel-sanitation/cruise-ship-outbreaks/earlier-outbreaks-2019-2022.html,enhanced_sanitation; port_health_notification,Silversea Cruises; sailing 12/21/2022-1/6/2023; specimens not obtained
EVT-844,Carnival Splendor,ocean_cruise,NR,2022,7,Norovirus,gastrointestinal_viral,NR,acute_gastroenteritis,NR,NR,NR,NR,NR,NR,fecal-oral/person-to-person,official_public_health,CDC VSP Outbreak Investigations,https://archive.cdc.gov/www_cdc_gov/vessel-sanitation/cruise-ship-outbreaks/earlier-outbreaks-2019-2022.html,enhanced_sanitation; port_health_notification,Carnival Cruise Line; sailing 5/24/2022-5/31/2022
EVT-845,Seabourn Odyssey,ocean_cruise,NR,2022,21,NR,unknown,NR,acute_gastroenteritis,NR,NR,NR,NR,NR,NR,fecal-oral/person-to-person,official_public_health,CDC VSP Outbreak Investigations,https://archive.cdc.gov/www_cdc_gov/vessel-sanitation/cruise-ship-outbreaks/earlier-outbreaks-2019-2022.html,enhanced_sanitation; port_health_notification,Seabourn Cruise Lines; sailing 4/28/2022-5/19/2022; specimens not obtained
EVT-145,Scarlet Lady,ocean_cruise,NR,2023,5,Salmonella spp.,foodborne_waterborne_bacterial,E. coli,acute_gastroenteritis,71,7,NR,NR,NR,0,foodborne,official_public_health,NR,https://www.cdc.gov/vessel-sanitation/cruise-ship-outbreaks/index.html,enhanced_sanitation; port_health_notification,NR
EVT-146,Viking Neptune,ocean_cruise,NR,2023,14,Norovirus,gastrointestinal_viral,NR,acute_gastroenteritis,110,9,NR,NR,NR,0,fecal-oral/person-to-person,official_public_health,NR,https://www.cdc.gov/vessel-sanitation/cruise-ship-outbreaks/index.html,enhanced_sanitation; port_health_notification,NR
EVT-147,Celebrity Summit,ocean_cruise,NR,2023,10,Norovirus,gastrointestinal_viral,NR,acute_gastroenteritis,152,25,NR,NR,NR,0,fecal-oral/person-to-person,official_public_health,NR,https://www.cdc.gov/vessel-sanitation/cruise-ship-outbreaks/index.html,enhanced_sanitation; port_health_notification,NR
EVT-148,Nieuw Amsterdam,ocean_cruise,NR,2023,15,Norovirus,gastrointestinal_viral,NR,acute_gastroenteritis,246,38,NR,NR,NR,0,fecal-oral/person-to-person,official_public_health,NR,https://www.cdc.gov/vessel-sanitation/cruise-ship-outbreaks/index.html,enhanced_sanitation; port_health_notification,NR
EVT-149,Grand Princess,ocean_cruise,NR,2023,28,Norovirus,gastrointestinal_viral,NR,acute_gastroenteritis,99,32,NR,NR,NR,0,fecal-oral/person-to-person,official_public_health,NR,https://www.cdc.gov/vessel-sanitation/cruise-ship-outbreaks/index.html,enhanced_sanitation; port_health_notification,NR
EVT-150,Emerald Princess,ocean_cruise,NR,2023,15,Norovirus,gastrointestinal_viral,NR,acute_gastroenteritis,99,21,NR,NR,NR,0,fecal-oral/person-to-person,official_public_health,NR,https://www.cdc.gov/vessel-sanitation/cruise-ship-outbreaks/index.html,enhanced_sanitation; port_health_notification,NR
EVT-151,Enchantment of the Seas,ocean_cruise,NR,2023,8,Norovirus,gastrointestinal_viral,NR,acute_gastroenteritis,117,20,NR,NR,NR,0,fecal-oral/person-to-person,official_public_health,NR,https://www.cdc.gov/vessel-sanitation/cruise-ship-outbreaks/index.html,enhanced_sanitation; port_health_notification,NR
EVT-152,Enchantment of the Seas,ocean_cruise,NR,2023,12,Norovirus,gastrointestinal_viral,NR,acute_gastroenteritis,155,10,NR,NR,NR,0,fecal-oral/person-to-person,official_public_health,NR,https://www.cdc.gov/vessel-sanitation/cruise-ship-outbreaks/index.html,enhanced_sanitation; port_health_notification,NR
EVT-153,Celebrity Equinox,ocean_cruise,NR,2023,9,Norovirus,gastrointestinal_viral,NR,acute_gastroenteritis,122,14,NR,NR,NR,0,fecal-oral/person-to-person,official_public_health,NR,https://www.cdc.gov/vessel-sanitation/cruise-ship-outbreaks/index.html,enhanced_sanitation; port_health_notification,NR
EVT-154,Celebrity Constellation,ocean_cruise,NR,2023,11,Norovirus,gastrointestinal_viral,NR,acute_gastroenteritis,87,10,NR,NR,NR,0,fecal-oral/person-to-person,official_public_health,NR,https://www.cdc.gov/vessel-sanitation/cruise-ship-outbreaks/index.html,enhanced_sanitation; port_health_notification,NR
EVT-155,Ruby Princess,ocean_cruise,NR,2023,7,Norovirus,gastrointestinal_viral,NR,acute_gastroenteritis,284,34,NR,NR,NR,0,fecal-oral/person-to-person,official_public_health,NR,https://www.cdc.gov/vessel-sanitation/cruise-ship-outbreaks/index.html,enhanced_sanitation; port_health_notification,NR
EVT-156,Jewel of the Seas,ocean_cruise,NR,2023,6,Norovirus,gastrointestinal_viral,NR,acute_gastroenteritis,68,1,NR,NR,NR,0,fecal-oral/person-to-person,official_public_health,NR,https://www.cdc.gov/vessel-sanitation/cruise-ship-outbreaks/index.html,enhanced_sanitation; port_health_notification,NR
EVT-157,Brilliance of the Seas,ocean_cruise,NR,2023,5,Norovirus,gastrointestinal_viral,NR,acute_gastroenteritis,70,8,NR,NR,NR,0,fecal-oral/person-to-person,official_public_health,NR,https://www.cdc.gov/vessel-sanitation/cruise-ship-outbreaks/index.html,enhanced_sanitation; port_health_notification,NR
EVT-158,Arcadia,ocean_cruise,NR,2023,10,Norovirus,gastrointestinal_viral,NR,acute_gastroenteritis,88,20,NR,NR,NR,0,fecal-oral/person-to-person,official_public_health,NR,https://www.cdc.gov/vessel-sanitation/cruise-ship-outbreaks/index.html,enhanced_sanitation; port_health_notification,NR
EVT-012,"Ship B (unnamed, MMWR 2024)",ocean_cruise,Not reported,2024,NR,Legionella pneumophila,legionella,NR,legionnaires_disease,4,0,NR,NR,4,0,aerosolized water (private hot tub),official_public_health,NR,https://www.cdc.gov/mmwr/volumes/73/wr/mm7342a3.htm,enhanced_sanitation; port_health_notification,NR
EVT-127,Eurodam,ocean_cruise,NR,2024,9,Norovirus,gastrointestinal_viral,NR,acute_gastroenteritis,109,13,NR,NR,NR,0,fecal-oral/person-to-person,official_public_health,NR,https://www.cdc.gov/vessel-sanitation/cruise-ship-outbreaks/index.html,enhanced_sanitation; port_health_notification,NR
EVT-128,Oceania Nautica,ocean_cruise,NR,2024,16,Norovirus,gastrointestinal_viral,NR,acute_gastroenteritis,18,20,NR,NR,NR,0,fecal-oral/person-to-person,official_public_health,NR,https://www.cdc.gov/vessel-sanitation/cruise-ship-outbreaks/index.html,enhanced_sanitation; port_health_notification,NR
EVT-129,Queen Mary 2,ocean_cruise,NR,2024,13,Norovirus,gastrointestinal_viral,NR,acute_gastroenteritis,346,71,NR,NR,NR,0,fecal-oral/person-to-person,official_public_health,NR,https://www.cdc.gov/vessel-sanitation/cruise-ship-outbreaks/index.html,enhanced_sanitation; port_health_notification,NR
EVT-130,Queen Mary 2,ocean_cruise,NR,2024,7,Norovirus,gastrointestinal_viral,NR,acute_gastroenteritis,138,12,NR,NR,NR,0,fecal-oral/person-to-person,official_public_health,NR,https://www.cdc.gov/vessel-sanitation/cruise-ship-outbreaks/index.html,enhanced_sanitation; port_health_notification,NR
EVT-131,Rotterdam,ocean_cruise,NR,2024,12,Norovirus,gastrointestinal_viral,NR,acute_gastroenteritis,127,16,NR,NR,NR,0,fecal-oral/person-to-person,official_public_health,NR,https://www.cdc.gov/vessel-sanitation/cruise-ship-outbreaks/index.html,enhanced_sanitation; port_health_notification,NR
EVT-132,Ruby Princess,ocean_cruise,NR,2024,16,Norovirus,gastrointestinal_viral,NR,acute_gastroenteritis,103,12,NR,NR,NR,0,fecal-oral/person-to-person,official_public_health,NR,https://www.cdc.gov/vessel-sanitation/cruise-ship-outbreaks/index.html,enhanced_sanitation; port_health_notification,NR
EVT-133,Zuiderdam,ocean_cruise,NR,2024,10,Norovirus,gastrointestinal_viral,NR,acute_gastroenteritis,87,4,NR,NR,NR,0,fecal-oral/person-to-person,official_public_health,NR,https://www.cdc.gov/vessel-sanitation/cruise-ship-outbreaks/index.html,enhanced_sanitation; port_health_notification,NR
EVT-134,Coral Princess,ocean_cruise,NR,2024,31,Norovirus,gastrointestinal_viral,NR,acute_gastroenteritis,69,22,NR,NR,NR,0,fecal-oral/person-to-person,official_public_health,NR,https://www.cdc.gov/vessel-sanitation/cruise-ship-outbreaks/index.html,enhanced_sanitation; port_health_notification,NR
EVT-135,Radiance of the Seas,ocean_cruise,NR,2024,7,Salmonella spp.,foodborne_waterborne_bacterial,NR,acute_gastroenteritis,180,3,NR,NR,NR,0,foodborne,official_public_health,NR,https://www.cdc.gov/vessel-sanitation/cruise-ship-outbreaks/index.html,enhanced_sanitation; port_health_notification,NR
EVT-136,Arcadia,ocean_cruise,NR,2024,30,Norovirus,gastrointestinal_viral,NR,acute_gastroenteritis,128,19,NR,NR,NR,0,fecal-oral/person-to-person,official_public_health,NR,https://www.cdc.gov/vessel-sanitation/cruise-ship-outbreaks/index.html,enhanced_sanitation; port_health_notification,NR
EVT-137,Celebrity Summit,ocean_cruise,NR,2024,7,Norovirus,gastrointestinal_viral,NR,acute_gastroenteritis,72,6,NR,NR,NR,0,fecal-oral/person-to-person,official_public_health,NR,https://www.cdc.gov/vessel-sanitation/cruise-ship-outbreaks/index.html,enhanced_sanitation; port_health_notification,NR
EVT-138,Allure of the Seas,ocean_cruise,NR,2024,4,NR,unknown,NR,acute_gastroenteritis,121,3,NR,NR,NR,0,fecal-oral/person-to-person,official_public_health,NR,https://www.cdc.gov/vessel-sanitation/cruise-ship-outbreaks/index.html,enhanced_sanitation; port_health_notification,NR
EVT-139,Sapphire Princess,ocean_cruise,NR,2024,32,Norovirus,gastrointestinal_viral,NR,acute_gastroenteritis,123,30,NR,NR,NR,0,fecal-oral/person-to-person,official_public_health,NR,https://www.cdc.gov/vessel-sanitation/cruise-ship-outbreaks/index.html,enhanced_sanitation; port_health_notification,NR
EVT-140,Radiance of the Seas,ocean_cruise,NR,2024,14,Norovirus,gastrointestinal_viral,NR,acute_gastroenteritis,67,2,NR,NR,NR,0,fecal-oral/person-to-person,official_public_health,NR,https://www.cdc.gov/vessel-sanitation/cruise-ship-outbreaks/index.html,enhanced_sanitation; port_health_notification,NR
EVT-141,Silver Nova,ocean_cruise,NR,2024,16,Escherichia coli (unspecified),foodborne_waterborne_bacterial,NR,acute_gastroenteritis,28,1,NR,NR,NR,0,foodborne,official_public_health,NR,https://www.cdc.gov/vessel-sanitation/cruise-ship-outbreaks/index.html,enhanced_sanitation; port_health_notification,NR
EVT-142,Koningsdam,ocean_cruise,NR,2024,36,Norovirus,gastrointestinal_viral,NR,acute_gastroenteritis,104,17,NR,NR,NR,0,fecal-oral/person-to-person,official_public_health,NR,https://www.cdc.gov/vessel-sanitation/cruise-ship-outbreaks/index.html,enhanced_sanitation; port_health_notification,NR
EVT-143,Queen Victoria,ocean_cruise,NR,2024,15,Norovirus,gastrointestinal_viral,NR,acute_gastroenteritis,129,25,NR,NR,NR,0,fecal-oral/person-to-person,official_public_health,NR,https://www.cdc.gov/vessel-sanitation/cruise-ship-outbreaks/index.html,enhanced_sanitation; port_health_notification,NR
EVT-144,Celebrity Constellation,ocean_cruise,NR,2024,9,Norovirus,gastrointestinal_viral,NR,acute_gastroenteritis,92,8,NR,NR,NR,0,fecal-oral/person-to-person,official_public_health,NR,https://www.cdc.gov/vessel-sanitation/cruise-ship-outbreaks/index.html,enhanced_sanitation; port_health_notification,NR
EVT-104,Rotterdam,ocean_cruise,NR,2025,12,Norovirus,gastrointestinal_viral,NR,acute_gastroenteritis,NR,NR,NR,NR,NR,0,fecal-oral/person-to-person,official_public_health,NR,https://www.cdc.gov/vessel-sanitation/cruise-ship-outbreaks/index.html,enhanced_sanitation; port_health_notification,NR
EVT-105,Celebrity Eclipse,ocean_cruise,NR,2025,8,Norovirus,gastrointestinal_viral,NR,acute_gastroenteritis,NR,NR,NR,NR,NR,0,fecal-oral/person-to-person,official_public_health,NR,https://www.cdc.gov/vessel-sanitation/cruise-ship-outbreaks/index.html,enhanced_sanitation; port_health_notification,NR
EVT-106,AIDAdiva,ocean_cruise,NR,2025,36,Norovirus,gastrointestinal_viral,NR,acute_gastroenteritis,NR,NR,NR,NR,NR,0,fecal-oral/person-to-person,official_public_health,NR,https://www.cdc.gov/vessel-sanitation/cruise-ship-outbreaks/index.html,enhanced_sanitation; port_health_notification,NR
EVT-107,Oceania Insignia,ocean_cruise,NR,2025,11,Norovirus,gastrointestinal_viral,NR,acute_gastroenteritis,NR,NR,NR,NR,NR,0,fecal-oral/person-to-person,official_public_health,NR,https://www.cdc.gov/vessel-sanitation/cruise-ship-outbreaks/index.html,enhanced_sanitation; port_health_notification,NR
EVT-108,Serenade of the Seas,ocean_cruise,NR,2025,13,Norovirus,gastrointestinal_viral,NR,acute_gastroenteritis,NR,NR,NR,NR,NR,0,fecal-oral/person-to-person,official_public_health,NR,https://www.cdc.gov/vessel-sanitation/cruise-ship-outbreaks/index.html,enhanced_sanitation; port_health_notification,NR
EVT-109,Navigator of the Seas,ocean_cruise,NR,2025,7,Norovirus,gastrointestinal_viral,NR,acute_gastroenteritis,NR,NR,NR,NR,NR,0,fecal-oral/person-to-person,official_public_health,NR,https://www.cdc.gov/vessel-sanitation/cruise-ship-outbreaks/index.html,enhanced_sanitation; port_health_notification,NR
EVT-110,Seven Seas Explorer,ocean_cruise,NR,2025,18,NR,unknown,NR,acute_gastroenteritis,NR,NR,NR,NR,NR,0,fecal-oral/person-to-person,official_public_health,NR,https://www.cdc.gov/vessel-sanitation/cruise-ship-outbreaks/index.html,enhanced_sanitation; port_health_notification,NR
EVT-111,Eurodam,ocean_cruise,NR,2025,21,Norovirus,gastrointestinal_viral,NR,acute_gastroenteritis,NR,NR,NR,NR,NR,0,fecal-oral/person-to-person,official_public_health,NR,https://www.cdc.gov/vessel-sanitation/cruise-ship-outbreaks/index.html,enhanced_sanitation; port_health_notification,NR
EVT-112,Zuiderdam,ocean_cruise,NR,2025,12,NR,unknown,NR,acute_gastroenteritis,NR,NR,NR,NR,NR,0,fecal-oral/person-to-person,official_public_health,NR,https://www.cdc.gov/vessel-sanitation/cruise-ship-outbreaks/index.html,enhanced_sanitation; port_health_notification,NR
EVT-113,National Geographic Sea Lion,ocean_cruise,NR,2025,14,NR,unknown,NR,acute_gastroenteritis,NR,NR,NR,NR,NR,0,fecal-oral/person-to-person,official_public_health,NR,https://www.cdc.gov/vessel-sanitation/cruise-ship-outbreaks/index.html,enhanced_sanitation; port_health_notification,NR
EVT-114,Viking Polaris,ocean_cruise,NR,2025,12,Norovirus,gastrointestinal_viral,NR,acute_gastroenteritis,NR,NR,NR,NR,NR,0,fecal-oral/person-to-person,official_public_health,NR,https://www.cdc.gov/vessel-sanitation/cruise-ship-outbreaks/index.html,enhanced_sanitation; port_health_notification,NR
EVT-115,Seabourn Encore,ocean_cruise,NR,2025,24,Norovirus,gastrointestinal_viral,NR,acute_gastroenteritis,NR,NR,NR,NR,NR,0,fecal-oral/person-to-person,official_public_health,NR,https://www.cdc.gov/vessel-sanitation/cruise-ship-outbreaks/index.html,enhanced_sanitation; port_health_notification,NR
EVT-116,Queen Mary 2,ocean_cruise,NR,2025,29,Norovirus,gastrointestinal_viral,NR,acute_gastroenteritis,NR,NR,NR,NR,NR,0,fecal-oral/person-to-person,official_public_health,NR,https://www.cdc.gov/vessel-sanitation/cruise-ship-outbreaks/index.html,enhanced_sanitation; port_health_notification,NR
EVT-117,Rotterdam,ocean_cruise,NR,2025,9,Norovirus,gastrointestinal_viral,NR,acute_gastroenteritis,NR,NR,NR,NR,NR,0,fecal-oral/person-to-person,official_public_health,NR,https://www.cdc.gov/vessel-sanitation/cruise-ship-outbreaks/index.html,enhanced_sanitation; port_health_notification,NR
EVT-118,Coral Princess,ocean_cruise,NR,2025,16,Norovirus,gastrointestinal_viral,NR,acute_gastroenteritis,NR,NR,NR,NR,NR,0,fecal-oral/person-to-person,official_public_health,NR,https://www.cdc.gov/vessel-sanitation/cruise-ship-outbreaks/index.html,enhanced_sanitation; port_health_notification,NR
EVT-119,Eurodam,ocean_cruise,NR,2025,10,Norovirus,gastrointestinal_viral,NR,acute_gastroenteritis,NR,NR,NR,NR,NR,0,fecal-oral/person-to-person,official_public_health,NR,https://www.cdc.gov/vessel-sanitation/cruise-ship-outbreaks/index.html,enhanced_sanitation; port_health_notification,NR
EVT-120,Rotterdam,ocean_cruise,NR,2025,12,Norovirus,gastrointestinal_viral,NR,acute_gastroenteritis,NR,NR,NR,NR,NR,0,fecal-oral/person-to-person,official_public_health,NR,https://www.cdc.gov/vessel-sanitation/cruise-ship-outbreaks/index.html,enhanced_sanitation; port_health_notification,NR
EVT-121,Radiance of the Seas,ocean_cruise,NR,2025,7,Norovirus,gastrointestinal_viral,NR,acute_gastroenteritis,NR,NR,NR,NR,NR,0,fecal-oral/person-to-person,official_public_health,NR,https://www.cdc.gov/vessel-sanitation/cruise-ship-outbreaks/index.html,enhanced_sanitation; port_health_notification,NR
EVT-122,Coral Princess,ocean_cruise,NR,2025,16,Norovirus,gastrointestinal_viral,NR,acute_gastroenteritis,NR,NR,NR,NR,NR,0,fecal-oral/person-to-person,official_public_health,NR,https://www.cdc.gov/vessel-sanitation/cruise-ship-outbreaks/index.html,enhanced_sanitation; port_health_notification,NR
EVT-123,Viking Mars,ocean_cruise,NR,2025,14,Norovirus,gastrointestinal_viral,NR,acute_gastroenteritis,NR,NR,NR,NR,NR,0,fecal-oral/person-to-person,official_public_health,NR,https://www.cdc.gov/vessel-sanitation/cruise-ship-outbreaks/index.html,enhanced_sanitation; port_health_notification,NR
EVT-124,Volendam,ocean_cruise,NR,2025,21,Norovirus,gastrointestinal_viral,NR,acute_gastroenteritis,NR,NR,NR,NR,NR,0,fecal-oral/person-to-person,official_public_health,NR,https://www.cdc.gov/vessel-sanitation/cruise-ship-outbreaks/index.html,enhanced_sanitation; port_health_notification,NR
EVT-125,Silver Ray,ocean_cruise,NR,2025,16,Escherichia coli (unspecified),foodborne_waterborne_bacterial,NR,acute_gastroenteritis,NR,NR,NR,NR,NR,0,foodborne,official_public_health,NR,https://www.cdc.gov/vessel-sanitation/cruise-ship-outbreaks/index.html,enhanced_sanitation; port_health_notification,NR
EVT-841,Sea Cloud Spirit,ocean_cruise,NR,2025,6,Ciguatera toxin,foodborne_waterborne_bacterial,NR,acute_gastroenteritis,NR,NR,NR,NR,NR,NR,foodborne,official_public_health,CDC VSP Outbreak Investigations,https://www.cdc.gov/vessel-sanitation/cruise-ship-outbreaks/earlier-outbreaks.html,enhanced_sanitation; port_health_notification,Sea Cloud Cruises; sailing 1/4/2025-1/10/2025
EVT-002,MV Hondius,expedition_cruise,Ushuaia - Antarctica - Cape Verde,2026,14,Andes hantavirus,zoonotic,NR,acute_respiratory_illness,11,0,NR,NR,4,3,rodent excreta/person-to-person,official_public_health,ECDC outbreak update 19 May 2026; WHO Disease Outbreak News 2026-DON601,https://www.ecdc.europa.eu/en/infectious-disease-topics/hantavirus-infection/surveillance-and-updates/andes-hantavirus-outbreak,quarantine_isolation; medical_evacuation; voyage_cancellation_diversion; port_health_notification,ECDC 19 May 2026: 11 cases (9 confirmed + 2 probable); 3 deaths; earlier inconclusive case removed from count
EVT-027,Ambition,ocean_cruise,UK - Western France - Spain,2026,14,Norovirus,gastrointestinal_viral,NR,acute_gastroenteritis,NR,NR,NR,NR,NR,1,fecal-oral/person-to-person,official_public_health,Préfecture de la Gironde communiqué 13 May 2026; CHU Bordeaux laboratory confirmation (norovirus),https://apnews.com/article/cruise-ship-outbreak-gastroenteritis-ambition-bordeaux-france-f5f1f0547483facc6af27866659b82ae,quarantine_isolation; port_health_notification,Ambassador Cruise Line; ~48 active GI cases among passengers + 1 crew; 92-year-old passenger died (cardiac arrest; not directly infection-related); Norovirus confirmed by Bordeaux University Hospital; Gironde prefecture official statement; also reported by Guardian and USA Today
EVT-100,Caribbean Princess,ocean_cruise,NR,2026,13,Norovirus,gastrointestinal_viral,NR,acute_gastroenteritis,145,15,NR,NR,NR,0,fecal-oral/person-to-person,official_public_health,NR,https://www.cdc.gov/vessel-sanitation/cruise-ship-outbreaks/index.html,enhanced_sanitation; port_health_notification,NR
EVT-101,Insignia,ocean_cruise,NR,2026,7,Escherichia coli (unspecified),foodborne_waterborne_bacterial,NR,acute_gastroenteritis,NR,NR,NR,NR,NR,0,foodborne,official_public_health,NR,https://www.cdc.gov/vessel-sanitation/cruise-ship-outbreaks/index.html,enhanced_sanitation; port_health_notification,NR
EVT-102,Star Princess,ocean_cruise,NR,2026,7,Norovirus,gastrointestinal_viral,NR,acute_gastroenteritis,NR,NR,NR,NR,NR,0,fecal-oral/person-to-person,official_public_health,NR,https://www.cdc.gov/vessel-sanitation/cruise-ship-outbreaks/index.html,enhanced_sanitation; port_health_notification,NR
EVT-103,Seven Seas Mariner,ocean_cruise,NR,2026,21,Escherichia coli (unspecified),foodborne_waterborne_bacterial,NR,acute_gastroenteritis,NR,NR,NR,NR,NR,0,foodborne,official_public_health,NR,https://www.cdc.gov/vessel-sanitation/cruise-ship-outbreaks/index.html,enhanced_sanitation; port_health_notification,NR
EVT-872,Unnamed cruise ship (MMWR Legionella 2003-2004),ocean_cruise,NR,2003,NR,Legionella spp.,legionella,NR,legionnaires_disease,8,0,NR,NR,NR,NR,aerosolized water,academic,"MMWR 2005; 54(45): Cruise-ship-associated Legionnaires disease, November 2003-May 2004",https://www.cdc.gov/mmwr/preview/mmwrhtml/mm5445a4.htm,port_health_notification; environmental_investigation,MMWR report of 8 LD cases among recent cruise ship travelers Nov 2003-May 2004; multiple ships involved
EVT-873,Unnamed British cruise ship (Mediterranean 1999),ocean_cruise,Mediterranean,1999,NR,Influenza,respiratory_viral,NR,influenza_like_illness,NR,NR,NR,NR,NR,NR,airborne/droplet,academic,Whiting et al. Commun Dis Public Health 1999; Influenza activity in England and Wales Oct 1998-Jun 1999,NR,NR,"Influenza outbreak on British cruise ship in Mediterranean, June 1999; reported in national influenza surveillance summary"
EVT-874,Unnamed cruise ship (Sydney-Noumea 2000),ocean_cruise,Sydney - Noumea,2000,NR,Influenza A and B,respiratory_viral,NR,influenza_like_illness,NR,NR,NR,NR,40,2,airborne/droplet,academic,Brotherton et al. Epidemiol Infect 2003; 131: 691-700,https://doi.org/10.1017/s0950268802008166,port_health_notification; medical_disembarkation,"Large influenza A+B outbreak Sep 2000; >1100 passengers, 400 crew; 40 hospitalized, 2 deaths; coincided with peak influenza season in Sydney"
EVT-875,Unnamed cruise ship (Meningococcal Italy 2012),ocean_cruise,Italian coast,2012,NR,Neisseria meningitidis serogroup C,vaccine_preventable,NR,invasive_meningococcal_disease,NR,NR,NR,NR,4,1,airborne/droplet,academic,Stefanelli et al. Euro Surveill 2012; 17(50),NR,chemoprophylaxis_all_contacts; port_health_notification,Cluster of 4 invasive meningococcal disease cases on cruise ship along Italian coast Oct 2012; 1 death; prophylaxis administered to all crew and passengers
EVT-876,MSC Armonia,ocean_cruise,"São Paulo coast, Brazil",2012,NR,Influenza B,respiratory_viral,NR,influenza_like_illness,NR,NR,NR,NR,NR,1,airborne/droplet,academic,Fernandes et al. J Travel Med 2014; 21(5): 349-351; Paiva et al. J Clin Virol 2014; 61(1): 152-154,https://doi.org/10.1111/jtm.12132,medical_disembarkation; port_health_notification,Influenza B outbreak on MSC Armonia off São Paulo coast Feb 2012; crew and passengers hospitalized for ARI; 1 crew member (31F) died of respiratory failure
EVT-877,Unnamed cruise ship (Measles Mediterranean 2014),ocean_cruise,Western Mediterranean,2014,NR,Measles virus (genotype B3),vaccine_preventable,NR,measles,4,21,NR,NR,NR,0,airborne/droplet,academic,Lanini et al. Euro Surveill 2014; 19(10): 20735,https://doi.org/10.2807/1560-7917.es2014.19.10.20735,EWRS_alert; port_health_notification; contact_tracing,"Measles outbreak Feb 2014; 27 total cases (21 crew, 4 passengers, 2 unknown); genotype B3; cross-border health threat; Italian MoH coordinated response via EWRS"
EVT-878,Unnamed cruise ship (Omicron Germany 2022),ocean_cruise,Calling at Port of Hamburg,2022,NR,SARS-CoV-2 (Omicron),respiratory_viral,NR,covid_19,0,10,NR,NR,NR,0,airborne/droplet,academic,Bühler et al. Int Marit Health 2023; 74(3),https://doi.org/10.5603/imh.96935,isolation; testing; contact_tracing,SARS-CoV-2 Omicron outbreak among crew members early 2022; 10 infections detected; investigation by Hamburg Institute for Hygiene and Environment
EVT-879,Multiple ships (Mpox MMWR 2024),ocean_cruise,United States,2024,84,Monkeypox virus (clade II),vaccine_preventable,NR,mpox,4,4,NR,NR,0,0,sexual contact,academic,Ortiz et al. MMWR 2025; 74(22),https://doi.org/10.15585/mmwr.mm7422a1,isolation; contact_tracing; PEP_vaccination,"8 mpox cases on 4 cruise ships Jan-Apr 2024 (4 crew, 4 passengers); 7 lab-confirmed clade II; all MSM sexual contact exposure; crew isolated on board; no hospitalizations or deaths"
