record_id,source_database,source_category,title,year,ship_name,pathogen,source_url,retrieval_date,language,screening_outcome
SR-0001,CDC VSP,official_public_health,Caribbean Princess - Norovirus (4/28/2026 – 5/11/2026),2026,Caribbean Princess,Norovirus,https://www.cdc.gov/vessel-sanitation/cruise-ship-outbreaks/index.html,2026-05-14,en,included
SR-0002,CDC VSP,official_public_health,Insignia - E. coli (4/7/2026 – 4/14/2026),2026,Insignia,E. coli,https://www.cdc.gov/vessel-sanitation/cruise-ship-outbreaks/index.html,2026-05-14,en,included
SR-0003,CDC VSP,official_public_health,Star Princess - Norovirus (3/7/2026 – 3/14/2026),2026,Star Princess,Norovirus,https://www.cdc.gov/vessel-sanitation/cruise-ship-outbreaks/index.html,2026-05-14,en,included
SR-0004,CDC VSP,official_public_health,Seven Seas Mariner - E. coli (1/11/2026 – 2/1/2026),2026,Seven Seas Mariner,E. coli,https://www.cdc.gov/vessel-sanitation/cruise-ship-outbreaks/index.html,2026-05-14,en,included
SR-0005,CDC VSP,official_public_health,Rotterdam - Norovirus (12/28/2025 – 1/9/2026),2025,Rotterdam,Norovirus,https://www.cdc.gov/vessel-sanitation/cruise-ship-outbreaks/index.html,2026-05-14,en,included
SR-0006,CDC VSP,official_public_health,Celebrity Eclipse - Norovirus (12/20/2025 – 12/28/2025),2025,Celebrity Eclipse,Norovirus,https://www.cdc.gov/vessel-sanitation/cruise-ship-outbreaks/index.html,2026-05-14,en,included
SR-0007,CDC VSP,official_public_health,AIDAdiva - Norovirus (11/10/2025 – 12/16/2025),2025,AIDAdiva,Norovirus,https://www.cdc.gov/vessel-sanitation/cruise-ship-outbreaks/index.html,2026-05-14,en,included
SR-0008,CDC VSP,official_public_health,Oceania Insignia - Norovirus (10/16/2025 – 10/27/2025),2025,Oceania Insignia,Norovirus,https://www.cdc.gov/vessel-sanitation/cruise-ship-outbreaks/index.html,2026-05-14,en,included
SR-0009,CDC VSP,official_public_health,Serenade of the Seas - Norovirus (9/19/2025 – 10/2/2025),2025,Serenade of the Seas,Norovirus,https://www.cdc.gov/vessel-sanitation/cruise-ship-outbreaks/index.html,2026-05-14,en,included
SR-0010,CDC VSP,official_public_health,Navigator of the Seas - Norovirus (7/4/2025 – 7/11/2025),2025,Navigator of the Seas,Norovirus,https://www.cdc.gov/vessel-sanitation/cruise-ship-outbreaks/index.html,2026-05-14,en,included
SR-0011,CDC VSP,official_public_health,Seven Seas Explorer - Unknown (4/26/2025 – 5/14/2025),2025,Seven Seas Explorer,Unknown,https://www.cdc.gov/vessel-sanitation/cruise-ship-outbreaks/index.html,2026-05-14,en,included
SR-0012,CDC VSP,official_public_health,Eurodam - Norovirus (4/12/2025-5/3/2025),2025,Eurodam,Norovirus,https://www.cdc.gov/vessel-sanitation/cruise-ship-outbreaks/index.html,2026-05-14,en,included
SR-0013,CDC VSP,official_public_health,Zuiderdam - Unknown (1/4/2025-5/9/2025),2025,Zuiderdam,Unknown,https://www.cdc.gov/vessel-sanitation/cruise-ship-outbreaks/index.html,2026-05-14,en,included
SR-0014,CDC VSP,official_public_health,National Geographic Sea Lion - Unknown (4/15/2025-4/29/2025),2025,National Geographic Sea Lion,Unknown,https://www.cdc.gov/vessel-sanitation/cruise-ship-outbreaks/index.html,2026-05-14,en,included
SR-0015,CDC VSP,official_public_health,Viking Polaris - Norovirus (4/11/2025-4/23/2025),2025,Viking Polaris,Norovirus,https://www.cdc.gov/vessel-sanitation/cruise-ship-outbreaks/index.html,2026-05-14,en,included
SR-0016,CDC VSP,official_public_health,Seabourn Encore - Norovirus (3/16/2025-4/9/2025),2025,Seabourn Encore,Norovirus,https://www.cdc.gov/vessel-sanitation/cruise-ship-outbreaks/index.html,2026-05-14,en,included
SR-0017,CDC VSP,official_public_health,Queen Mary 2 - Norovirus (3/8/2025-4/6/2025),2025,Queen Mary 2,Norovirus,https://www.cdc.gov/vessel-sanitation/cruise-ship-outbreaks/index.html,2026-05-14,en,included
SR-0018,CDC VSP,official_public_health,Rotterdam - Norovirus (3/7/2025-3/16/2025),2025,Rotterdam,Norovirus,https://www.cdc.gov/vessel-sanitation/cruise-ship-outbreaks/index.html,2026-05-14,en,included
SR-0019,CDC VSP,official_public_health,Coral Princess - Norovirus (2/21/2025-3/9/2025),2025,Coral Princess,Norovirus,https://www.cdc.gov/vessel-sanitation/cruise-ship-outbreaks/index.html,2026-05-14,en,included
SR-0020,CDC VSP,official_public_health,Eurodam - Norovirus (2/19/2025-3/1/2025),2025,Eurodam,Norovirus,https://www.cdc.gov/vessel-sanitation/cruise-ship-outbreaks/index.html,2026-05-14,en,included
SR-0021,CDC VSP,official_public_health,Rotterdam - Norovirus (2/2/2025-2/14/2025),2025,Rotterdam,Norovirus,https://www.cdc.gov/vessel-sanitation/cruise-ship-outbreaks/index.html,2026-05-14,en,included
SR-0022,CDC VSP,official_public_health,Radiance of the Seas - Norovirus (2/1/2025-2/8/2025),2025,Radiance of the Seas,Norovirus,https://www.cdc.gov/vessel-sanitation/cruise-ship-outbreaks/index.html,2026-05-14,en,included
SR-0023,CDC VSP,official_public_health,Coral Princess - Norovirus (1/20/2025-2/5/2025),2025,Coral Princess,Norovirus,https://www.cdc.gov/vessel-sanitation/cruise-ship-outbreaks/index.html,2026-05-14,en,included
SR-0024,CDC VSP,official_public_health,Viking Mars - Norovirus (1/10/2025-1/24/2025),2025,Viking Mars,Norovirus,https://www.cdc.gov/vessel-sanitation/cruise-ship-outbreaks/index.html,2026-05-14,en,included
SR-0025,CDC VSP,official_public_health,Volendam - Norovirus (1/4/2025-1/25/2025),2025,Volendam,Norovirus,https://www.cdc.gov/vessel-sanitation/cruise-ship-outbreaks/index.html,2026-05-14,en,included
SR-0026,CDC VSP,official_public_health,Silver Ray - E. coli (1/4/2025-1/20/2025),2025,Silver Ray,E. coli,https://www.cdc.gov/vessel-sanitation/cruise-ship-outbreaks/index.html,2026-05-14,en,included
SR-0027,CDC VSP,official_public_health,Sea Cloud Spirit - Ciguatera (presumed) (1/4/2025-1/10/2025),2025,Sea Cloud Spirit,Ciguatera (presumed),https://www.cdc.gov/vessel-sanitation/cruise-ship-outbreaks/index.html,2026-05-14,en,included
SR-0028,CDC VSP,official_public_health,Eurodam - Norovirus (12/30/2024-1/8/2025),2024,Eurodam,Norovirus,https://www.cdc.gov/vessel-sanitation/cruise-ship-outbreaks/index.html,2026-05-14,en,included
SR-0029,CDC VSP,official_public_health,Oceania Nautica - Norovirus (12/23/2024-1/8/2025),2024,Oceania Nautica,Norovirus,https://www.cdc.gov/vessel-sanitation/cruise-ship-outbreaks/index.html,2026-05-14,en,included
SR-0030,CDC VSP,official_public_health,Queen Mary 2 - Norovirus (12/21/2024-1/3/2025),2024,Queen Mary 2,Norovirus,https://www.cdc.gov/vessel-sanitation/cruise-ship-outbreaks/index.html,2026-05-14,en,included
SR-0031,CDC VSP,official_public_health,"Queen Mary 2 - Norovirus (12/14-12/21, 2024)",2024,Queen Mary 2,Norovirus,https://www.cdc.gov/vessel-sanitation/cruise-ship-outbreaks/index.html,2026-05-14,en,included
SR-0032,CDC VSP,official_public_health,"Rotterdam - Norovirus (12/8-12/20, 2024)",2024,Rotterdam,Norovirus,https://www.cdc.gov/vessel-sanitation/cruise-ship-outbreaks/index.html,2026-05-14,en,included
SR-0033,CDC VSP,official_public_health,"Ruby Princess - Norovirus (12/2-12/18, 2024)",2024,Ruby Princess,Norovirus,https://www.cdc.gov/vessel-sanitation/cruise-ship-outbreaks/index.html,2026-05-14,en,included
SR-0034,CDC VSP,official_public_health,"Zuiderdam - Norovirus (12/4-12/14, 2024)",2024,Zuiderdam,Norovirus,https://www.cdc.gov/vessel-sanitation/cruise-ship-outbreaks/index.html,2026-05-14,en,included
SR-0035,CDC VSP,official_public_health,"Coral Princess - Norovirus (10/17-11/17, 2024)",2024,Coral Princess,Norovirus,https://www.cdc.gov/vessel-sanitation/cruise-ship-outbreaks/index.html,2026-05-14,en,included
SR-0036,CDC VSP,official_public_health,"Radiance of the Seas - Salmonella (9/20-9/27, 2024)",2024,Radiance of the Seas,Salmonella,https://www.cdc.gov/vessel-sanitation/cruise-ship-outbreaks/index.html,2026-05-14,en,included
SR-0037,CDC VSP,official_public_health,"Arcadia - Norovirus (9/3-10/3, 2024)",2024,Arcadia,Norovirus,https://www.cdc.gov/vessel-sanitation/cruise-ship-outbreaks/index.html,2026-05-14,en,included
SR-0038,CDC VSP,official_public_health,"Celebrity Summit - Norovirus (5/24-5/31, 2024)",2024,Celebrity Summit,Norovirus,https://www.cdc.gov/vessel-sanitation/cruise-ship-outbreaks/index.html,2026-05-14,en,included
SR-0039,CDC VSP,official_public_health,"Allure of the Seas - Unknown (5/20-5/24, 2024)",2024,Allure of the Seas,Unknown,https://www.cdc.gov/vessel-sanitation/cruise-ship-outbreaks/index.html,2026-05-14,en,included
SR-0040,CDC VSP,official_public_health,"Sapphire Princess - Norovirus (4/5-5/7, 2024)",2024,Sapphire Princess,Norovirus,https://www.cdc.gov/vessel-sanitation/cruise-ship-outbreaks/index.html,2026-05-14,en,included
SR-0041,CDC VSP,official_public_health,"Radiance of the Seas - Norovirus (4/8-4/22, 2024)",2024,Radiance of the Seas,Norovirus,https://www.cdc.gov/vessel-sanitation/cruise-ship-outbreaks/index.html,2026-05-14,en,included
SR-0042,CDC VSP,official_public_health,"Silver Nova - E. coli (3/31-4/16, 2024)",2024,Silver Nova,E. coli,https://www.cdc.gov/vessel-sanitation/cruise-ship-outbreaks/index.html,2026-05-14,en,included
SR-0043,CDC VSP,official_public_health,"Koningsdam - Norovirus (2/17-3/24, 2024)",2024,Koningsdam,Norovirus,https://www.cdc.gov/vessel-sanitation/cruise-ship-outbreaks/index.html,2026-05-14,en,included
SR-0044,CDC VSP,official_public_health,"Queen Victoria - Norovirus (1/22-2/6, 2024)",2024,Queen Victoria,Norovirus,https://www.cdc.gov/vessel-sanitation/cruise-ship-outbreaks/index.html,2026-05-14,en,included
SR-0045,CDC VSP,official_public_health,"Celebrity Constellation - Norovirus (1/3–1/12, 2024)",2024,Celebrity Constellation,Norovirus,https://www.cdc.gov/vessel-sanitation/cruise-ship-outbreaks/index.html,2026-05-14,en,included
SR-0046,CDC VSP,official_public_health,"Scarlet Lady - SalmonellaandE. coli (10/8-10/13, 2023)",2023,Scarlet Lady,SalmonellaandE. coli,https://www.cdc.gov/vessel-sanitation/cruise-ship-outbreaks/index.html,2026-05-14,en,included
SR-0047,CDC VSP,official_public_health,"Viking Neptune - Norovirus (6/6-6/20, 2023)",2023,Viking Neptune,Norovirus,https://www.cdc.gov/vessel-sanitation/cruise-ship-outbreaks/index.html,2026-05-14,en,included
SR-0048,CDC VSP,official_public_health,"Celebrity Summit - Norovirus (5/15-5/25, 2023)",2023,Celebrity Summit,Norovirus,https://www.cdc.gov/vessel-sanitation/cruise-ship-outbreaks/index.html,2026-05-14,en,included
SR-0049,CDC VSP,official_public_health,"Nieuw Amsterdam - Norovirus (5/6-5/21, 2023)",2023,Nieuw Amsterdam,Norovirus,https://www.cdc.gov/vessel-sanitation/cruise-ship-outbreaks/index.html,2026-05-14,en,included
SR-0050,CDC VSP,official_public_health,"Grand Princess - Norovirus (3/31-4/28, 2023)",2023,Grand Princess,Norovirus,https://www.cdc.gov/vessel-sanitation/cruise-ship-outbreaks/index.html,2026-05-14,en,included
SR-0051,CDC VSP,official_public_health,"Emerald Princess - Norovirus (3/17-4/1, 2023)",2023,Emerald Princess,Norovirus,https://www.cdc.gov/vessel-sanitation/cruise-ship-outbreaks/index.html,2026-05-14,en,included
SR-0052,CDC VSP,official_public_health,"Enchantment of the Seas - Norovirus (3/23-3/31, 2023)",2023,Enchantment of the Seas,Norovirus,https://www.cdc.gov/vessel-sanitation/cruise-ship-outbreaks/index.html,2026-05-14,en,included
SR-0053,CDC VSP,official_public_health,"Enchantment of the Seas - Norovirus (3/11-3/23, 2023)",2023,Enchantment of the Seas,Norovirus,https://www.cdc.gov/vessel-sanitation/cruise-ship-outbreaks/index.html,2026-05-14,en,included
SR-0054,CDC VSP,official_public_health,"Celebrity Equinox - Norovirus (3/9-3/18, 2023)",2023,Celebrity Equinox,Norovirus,https://www.cdc.gov/vessel-sanitation/cruise-ship-outbreaks/index.html,2026-05-14,en,included
SR-0055,CDC VSP,official_public_health,"Celebrity Constellation - Norovirus (3/6-3/17, 2023)",2023,Celebrity Constellation,Norovirus,https://www.cdc.gov/vessel-sanitation/cruise-ship-outbreaks/index.html,2026-05-14,en,included
SR-0056,CDC VSP,official_public_health,"Ruby Princess - Norovirus (2/26-3/5, 2023)",2023,Ruby Princess,Norovirus,https://www.cdc.gov/vessel-sanitation/cruise-ship-outbreaks/index.html,2026-05-14,en,included
SR-0057,CDC VSP,official_public_health,"Jewel of the Seas - Norovirus (1/28-2/3, 2023)",2023,Jewel of the Seas,Norovirus,https://www.cdc.gov/vessel-sanitation/cruise-ship-outbreaks/index.html,2026-05-14,en,included
SR-0058,CDC VSP,official_public_health,"Brilliance of the Seas - Norovirus (1/16-1/21, 2023)",2023,Brilliance of the Seas,Norovirus,https://www.cdc.gov/vessel-sanitation/cruise-ship-outbreaks/index.html,2026-05-14,en,included
SR-0059,CDC VSP,official_public_health,"Arcadia - Norovirus (1/3-4/13, 2023)",2023,Arcadia,Norovirus,https://www.cdc.gov/vessel-sanitation/cruise-ship-outbreaks/index.html,2026-05-14,en,included
SR-0060,CDC VSP,official_public_health,Arcadia - Norovirus (12/29/2022-1/3/2023),2022,Arcadia,Norovirus,https://www.cdc.gov/vessel-sanitation/cruise-ship-outbreaks/index.html,2026-05-14,en,included
SR-0061,CDC VSP,official_public_health,Silver Moon - Unknown (12/21/2022-1/6/2023),2022,Silver Moon,Unknown,https://www.cdc.gov/vessel-sanitation/cruise-ship-outbreaks/index.html,2026-05-14,en,included
SR-0062,CDC VSP,official_public_health,Carnival Splendor - Norovirus (5/24/2022-5/31/2022),2022,Carnival Splendor,Norovirus,https://www.cdc.gov/vessel-sanitation/cruise-ship-outbreaks/index.html,2026-05-14,en,included
SR-0063,CDC VSP,official_public_health,Seabourn Odyssey - Unknown (4/28/2022-5/19/2022),2022,Seabourn Odyssey,Unknown,https://www.cdc.gov/vessel-sanitation/cruise-ship-outbreaks/index.html,2026-05-14,en,included
SR-0064,CDC VSP,official_public_health,Viking Sea - VibrioandE. coli (11/29/2021-12/13/2021),2021,Viking Sea,VibrioandE. coli,https://www.cdc.gov/vessel-sanitation/cruise-ship-outbreaks/index.html,2026-05-14,en,included
SR-0065,CDC VSP,official_public_health,Grandeur of the Seas - Norovirus (3/7/2020-3/19/2020),2020,Grandeur of the Seas,Norovirus,https://www.cdc.gov/vessel-sanitation/cruise-ship-outbreaks/index.html,2026-05-14,en,included
SR-0066,CDC VSP,official_public_health,Westerdam - Unknown (3/1/2020-3/16/2020),2020,Westerdam,Unknown,https://www.cdc.gov/vessel-sanitation/cruise-ship-outbreaks/index.html,2026-05-14,en,included
SR-0067,CDC VSP,official_public_health,Caribbean Princess - Norovirus (2/16/2020-3/1/2020),2020,Caribbean Princess,Norovirus,https://www.cdc.gov/vessel-sanitation/cruise-ship-outbreaks/index.html,2026-05-14,en,included
SR-0068,CDC VSP,official_public_health,Caribbean Princess - Norovirus (2/2/2020-2/16/2020),2020,Caribbean Princess,Norovirus,https://www.cdc.gov/vessel-sanitation/cruise-ship-outbreaks/index.html,2026-05-14,en,included
SR-0069,CDC VSP,official_public_health,Norwegian Joy - Unknown (11/8/2019-11/24/2019),2019,Norwegian Joy,Unknown,https://www.cdc.gov/vessel-sanitation/cruise-ship-outbreaks/index.html,2026-05-14,en,included
SR-0070,CDC VSP,official_public_health,AIDAdiva - Norovirus (10/3/2019-11/13/2019),2019,AIDAdiva,Norovirus,https://www.cdc.gov/vessel-sanitation/cruise-ship-outbreaks/index.html,2026-05-14,en,included
SR-0071,CDC VSP,official_public_health,AIDAluna - Norovirus (9/28/2019-10/12/2019),2019,AIDAluna,Norovirus,https://www.cdc.gov/vessel-sanitation/cruise-ship-outbreaks/index.html,2026-05-14,en,included
SR-0072,CDC VSP,official_public_health,AIDAdiva - Norovirus (9/5/2019-11/23/2019),2019,AIDAdiva,Norovirus,https://www.cdc.gov/vessel-sanitation/cruise-ship-outbreaks/index.html,2026-05-14,en,included
SR-0073,CDC VSP,official_public_health,Conquest - Norovirus (9/7/2019-9/14/2019),2019,Conquest,Norovirus,https://www.cdc.gov/vessel-sanitation/cruise-ship-outbreaks/index.html,2026-05-14,en,included
SR-0074,CDC VSP,official_public_health,Oceania Marina - Unknown (3/18/2019-4/5/2019),2019,Oceania Marina,Unknown,https://www.cdc.gov/vessel-sanitation/cruise-ship-outbreaks/index.html,2026-05-14,en,included
SR-0075,CDC VSP,official_public_health,Island Princess - Norovirus (2/8/2019-2/18/2019),2019,Island Princess,Norovirus,https://www.cdc.gov/vessel-sanitation/cruise-ship-outbreaks/index.html,2026-05-14,en,included
SR-0076,CDC VSP,official_public_health,Viking Star - Norovirus (2/7/2019-2/14/2019),2019,Viking Star,Norovirus,https://www.cdc.gov/vessel-sanitation/cruise-ship-outbreaks/index.html,2026-05-14,en,included
SR-0077,CDC VSP,official_public_health,Viking Sea - Norovirus (1/18/2019-1/28/2019),2019,Viking Sea,Norovirus,https://www.cdc.gov/vessel-sanitation/cruise-ship-outbreaks/index.html,2026-05-14,en,included
SR-0078,CDC VSP,official_public_health,Oasis of the Seas - Norovirus (1/6/2019-1/13/2019),2019,Oasis of the Seas,Norovirus,https://www.cdc.gov/vessel-sanitation/cruise-ship-outbreaks/index.html,2026-05-14,en,included
SR-0079,CDC VSP,official_public_health,Viking Star - Rotavirus (12/13/2018-1/3/2019),2018,Viking Star,Rotavirus,https://www.cdc.gov/vessel-sanitation/cruise-ship-outbreaks/index.html,2026-05-14,en,included
SR-0080,CDC VSP,official_public_health,Crystal Symphony - Norovirus (11/8/2018-12/2/2018),2018,Crystal Symphony,Norovirus,https://www.cdc.gov/vessel-sanitation/cruise-ship-outbreaks/index.html,2026-05-14,en,included
SR-0081,CDC VSP,official_public_health,Volendam - Norovirus (11/3/2018-11/18/2018),2018,Volendam,Norovirus,https://www.cdc.gov/vessel-sanitation/cruise-ship-outbreaks/index.html,2026-05-14,en,included
SR-0082,CDC VSP,official_public_health,Pearl Mist - Unknown (9/1/2018-9/12/2018),2018,Pearl Mist,Unknown,https://www.cdc.gov/vessel-sanitation/cruise-ship-outbreaks/index.html,2026-05-14,en,included
SR-0083,CDC VSP,official_public_health,Seven Seas Mariner - Unknown (6/20/2018-6/30/2018),2018,Seven Seas Mariner,Unknown,https://www.cdc.gov/vessel-sanitation/cruise-ship-outbreaks/index.html,2026-05-14,en,included
SR-0084,CDC VSP,official_public_health,Zaandam - Unknown (6/18/2018-7/2/2018),2018,Zaandam,Unknown,https://www.cdc.gov/vessel-sanitation/cruise-ship-outbreaks/index.html,2026-05-14,en,included
SR-0085,CDC VSP,official_public_health,Silver Shadow - Norovirus (5/10/2018-5/24/2018),2018,Silver Shadow,Norovirus,https://www.cdc.gov/vessel-sanitation/cruise-ship-outbreaks/index.html,2026-05-14,en,included
SR-0086,CDC VSP,official_public_health,Celebrity Infinity - Norovirus (4/17/2018-5/2/2018),2018,Celebrity Infinity,Norovirus,https://www.cdc.gov/vessel-sanitation/cruise-ship-outbreaks/index.html,2026-05-14,en,included
SR-0087,CDC VSP,official_public_health,Queen Victoria - EnterotoxigenicE. coli(ETEC) (2/21/2018-3/9/2018),2018,Queen Victoria,EnterotoxigenicE. coli(ETEC),https://www.cdc.gov/vessel-sanitation/cruise-ship-outbreaks/index.html,2026-05-14,en,included
SR-0088,CDC VSP,official_public_health,Azamara Quest - Unknown (1/25/2018-2/8/2018),2018,Azamara Quest,Unknown,https://www.cdc.gov/vessel-sanitation/cruise-ship-outbreaks/index.html,2026-05-14,en,included
SR-0089,CDC VSP,official_public_health,Island Princess - Norovirus andCampylobacter (1/9/2018-1/24/2018),2018,Island Princess,Norovirus andCampylobacter,https://www.cdc.gov/vessel-sanitation/cruise-ship-outbreaks/index.html,2026-05-14,en,included
SR-0090,CDC VSP,official_public_health,Independence of the Seas - Norovirus (12/11/2017-12/16/2017),2017,Independence of the Seas,Norovirus,https://www.cdc.gov/vessel-sanitation/cruise-ship-outbreaks/index.html,2026-05-14,en,included
SR-0091,CDC VSP,official_public_health,Celebrity Reflection - Norovirus (11/17/2017-11/27/2017),2017,Celebrity Reflection,Norovirus,https://www.cdc.gov/vessel-sanitation/cruise-ship-outbreaks/index.html,2026-05-14,en,included
SR-0092,CDC VSP,official_public_health,Crown Princess - C. perfringensenterotoxin (10/25/2017-11/8/2017),2017,Crown Princess,C. perfringensenterotoxin,https://www.cdc.gov/vessel-sanitation/cruise-ship-outbreaks/index.html,2026-05-14,en,included
SR-0093,CDC VSP,official_public_health,National Geographic Sea Bird - Unknown (9/26/2017-10/2/2017),2017,National Geographic Sea Bird,Unknown,https://www.cdc.gov/vessel-sanitation/cruise-ship-outbreaks/index.html,2026-05-14,en,included
SR-0094,CDC VSP,official_public_health,Noordam - Norovirus (7/30/2017-8/6/2017),2017,Noordam,Norovirus,https://www.cdc.gov/vessel-sanitation/cruise-ship-outbreaks/index.html,2026-05-14,en,included
SR-0095,CDC VSP,official_public_health,Nieuw Amsterdam - Norovirus (7/22/2017-7/29/2017),2017,Nieuw Amsterdam,Norovirus,https://www.cdc.gov/vessel-sanitation/cruise-ship-outbreaks/index.html,2026-05-14,en,included
SR-0096,CDC VSP,official_public_health,Noordam - Norovirus (7/23/2017-7/30/2017),2017,Noordam,Norovirus,https://www.cdc.gov/vessel-sanitation/cruise-ship-outbreaks/index.html,2026-05-14,en,included
SR-0097,CDC VSP,official_public_health,Volendam - Norovirus (7/19/2017-7/26/2017),2017,Volendam,Norovirus,https://www.cdc.gov/vessel-sanitation/cruise-ship-outbreaks/index.html,2026-05-14,en,included
SR-0098,CDC VSP,official_public_health,Volendam - Norovirus (7/12/2017-7/19/2017),2017,Volendam,Norovirus,https://www.cdc.gov/vessel-sanitation/cruise-ship-outbreaks/index.html,2026-05-14,en,included
SR-0099,CDC VSP,official_public_health,Regatta - Norovirus (3/29/2017-4/14/2017),2017,Regatta,Norovirus,https://www.cdc.gov/vessel-sanitation/cruise-ship-outbreaks/index.html,2026-05-14,en,included
SR-0100,CDC VSP,official_public_health,Coral Princess - Norovirus (3/8/2017-3/18/2017),2017,Coral Princess,Norovirus,https://www.cdc.gov/vessel-sanitation/cruise-ship-outbreaks/index.html,2026-05-14,en,included
SR-0101,CDC VSP,official_public_health,Oosterdam - Norovirus (11/3/2016-11/18/2016),2016,Oosterdam,Norovirus,https://www.cdc.gov/vessel-sanitation/cruise-ship-outbreaks/index.html,2026-05-14,en,included
SR-0102,CDC VSP,official_public_health,Adonia - Unknown (10/16/2016-10/23/2016),2016,Adonia,Unknown,https://www.cdc.gov/vessel-sanitation/cruise-ship-outbreaks/index.html,2026-05-14,en,included
SR-0103,CDC VSP,official_public_health,Disney Wonder - Norovirus (4/27/2016-5/1/2016),2016,Disney Wonder,Norovirus,https://www.cdc.gov/vessel-sanitation/cruise-ship-outbreaks/index.html,2026-05-14,en,included
SR-0104,CDC VSP,official_public_health,Balmoral - Norovirus (4/16/2016-5/20/2016),2016,Balmoral,Norovirus,https://www.cdc.gov/vessel-sanitation/cruise-ship-outbreaks/index.html,2026-05-14,en,included
SR-0105,CDC VSP,official_public_health,Oceania Riviera - Norovirus (3/20/2016-4/2/2016),2016,Oceania Riviera,Norovirus,https://www.cdc.gov/vessel-sanitation/cruise-ship-outbreaks/index.html,2026-05-14,en,included
SR-0106,CDC VSP,official_public_health,Norwegian Gem - Norovirus (3/12/2016-3/22/2016),2016,Norwegian Gem,Norovirus,https://www.cdc.gov/vessel-sanitation/cruise-ship-outbreaks/index.html,2026-05-14,en,included
SR-0107,CDC VSP,official_public_health,Silver Spirit - EnterotoxigenicE. coli(ETEC) (3/3/2016-3/21/2016),2016,Silver Spirit,EnterotoxigenicE. coli(ETEC),https://www.cdc.gov/vessel-sanitation/cruise-ship-outbreaks/index.html,2026-05-14,en,included
SR-0108,CDC VSP,official_public_health,Carnival Sunshine - Norovirus (2/21/2016-3/5/2016),2016,Carnival Sunshine,Norovirus,https://www.cdc.gov/vessel-sanitation/cruise-ship-outbreaks/index.html,2026-05-14,en,included
SR-0109,CDC VSP,official_public_health,Anthem of the Seas - Norovirus (2/21/2016-3/4/2016),2016,Anthem of the Seas,Norovirus,https://www.cdc.gov/vessel-sanitation/cruise-ship-outbreaks/index.html,2026-05-14,en,included
SR-0110,CDC VSP,official_public_health,Ocean Princess - Norovirus and EnterotoxigenicE. coli(ETEC) (2/13/2016-3/7/2016),2016,Ocean Princess,Norovirus and EnterotoxigenicE. coli(ETEC),https://www.cdc.gov/vessel-sanitation/cruise-ship-outbreaks/index.html,2026-05-14,en,included
SR-0111,CDC VSP,official_public_health,Oceania Riviera - Norovirus (2/12/2016-2/22/2016),2016,Oceania Riviera,Norovirus,https://www.cdc.gov/vessel-sanitation/cruise-ship-outbreaks/index.html,2026-05-14,en,included
SR-0112,CDC VSP,official_public_health,Oceania Riviera - Norovirus (2/2/2016-2/12/2016),2016,Oceania Riviera,Norovirus,https://www.cdc.gov/vessel-sanitation/cruise-ship-outbreaks/index.html,2026-05-14,en,included
SR-0113,CDC VSP,official_public_health,Crown Princess - Norovirus (1/8/2016-1/18/2016),2016,Crown Princess,Norovirus,https://www.cdc.gov/vessel-sanitation/cruise-ship-outbreaks/index.html,2026-05-14,en,included
SR-0114,CDC VSP,official_public_health,Veendam - Norovirus (12/20/2015-12/27/2015),2015,Veendam,Norovirus,https://www.cdc.gov/vessel-sanitation/cruise-ship-outbreaks/index.html,2026-05-14,en,included
SR-0115,CDC VSP,official_public_health,Caribbean Princess - Norovirus (12/13/2015-12/20/2015),2015,Caribbean Princess,Norovirus,https://www.cdc.gov/vessel-sanitation/cruise-ship-outbreaks/index.html,2026-05-14,en,included
SR-0116,CDC VSP,official_public_health,Oceania Riviera - Norovirus (11/18/2015-12/2/2015),2015,Oceania Riviera,Norovirus,https://www.cdc.gov/vessel-sanitation/cruise-ship-outbreaks/index.html,2026-05-14,en,included
SR-0117,CDC VSP,official_public_health,Star Princess - Norovirus (4/29/2015-5/14/2015),2015,Star Princess,Norovirus,https://www.cdc.gov/vessel-sanitation/cruise-ship-outbreaks/index.html,2026-05-14,en,included
SR-0118,CDC VSP,official_public_health,Oceania Marina - Norovirus (4/21/2015-5/7/2015),2015,Oceania Marina,Norovirus,https://www.cdc.gov/vessel-sanitation/cruise-ship-outbreaks/index.html,2026-05-14,en,included
SR-0119,CDC VSP,official_public_health,ms Maasdam - Norovirus (4/17/2015-5/1/2015),2015,ms Maasdam,Norovirus,https://www.cdc.gov/vessel-sanitation/cruise-ship-outbreaks/index.html,2026-05-14,en,included
SR-0120,CDC VSP,official_public_health,Coral Princess - Norovirus (4/12/2015-4/27/2015),2015,Coral Princess,Norovirus,https://www.cdc.gov/vessel-sanitation/cruise-ship-outbreaks/index.html,2026-05-14,en,included
SR-0121,CDC VSP,official_public_health,Legend of the Seas - Norovirus (3/30/2015-4/14/2015),2015,Legend of the Seas,Norovirus,https://www.cdc.gov/vessel-sanitation/cruise-ship-outbreaks/index.html,2026-05-14,en,included
SR-0122,CDC VSP,official_public_health,Celebrity Infinity - Norovirus (3/29/2015-4/13/2015),2015,Celebrity Infinity,Norovirus,https://www.cdc.gov/vessel-sanitation/cruise-ship-outbreaks/index.html,2026-05-14,en,included
SR-0123,CDC VSP,official_public_health,Norwegian Pearl - Norovirus (3/26/2015-4/6/2015),2015,Norwegian Pearl,Norovirus,https://www.cdc.gov/vessel-sanitation/cruise-ship-outbreaks/index.html,2026-05-14,en,included
SR-0124,CDC VSP,official_public_health,Celebrity Equinox - Norovirus (2/13/2015-2/23/2015),2015,Celebrity Equinox,Norovirus,https://www.cdc.gov/vessel-sanitation/cruise-ship-outbreaks/index.html,2026-05-14,en,included
SR-0125,CDC VSP,official_public_health,Grandeur of the Seas - Norovirus (1/24/2015-2/3/2015),2015,Grandeur of the Seas,Norovirus,https://www.cdc.gov/vessel-sanitation/cruise-ship-outbreaks/index.html,2026-05-14,en,included
SR-0126,CDC VSP,official_public_health,Crown Princess - Norovirus (10/18/2014-11/16/2014),2014,Crown Princess,Norovirus,https://www.cdc.gov/vessel-sanitation/cruise-ship-outbreaks/index.html,2026-05-14,en,included
SR-0127,CDC VSP,official_public_health,Crown Princess - Norovirus and EnterotoxigenicE. coli(ETEC) (4/5/2014-4/12/2014),2014,Crown Princess,Norovirus and EnterotoxigenicE. coli(ETEC),https://www.cdc.gov/vessel-sanitation/cruise-ship-outbreaks/index.html,2026-05-14,en,included
SR-0128,CDC VSP,official_public_health,Grandeur of the Seas - Norovirus (4/5/2014-4/12/2014),2014,Grandeur of the Seas,Norovirus,https://www.cdc.gov/vessel-sanitation/cruise-ship-outbreaks/index.html,2026-05-14,en,included
SR-0129,CDC VSP,official_public_health,Grandeur of the Seas - Norovirus (3/28/2014-4/5/2014),2014,Grandeur of the Seas,Norovirus,https://www.cdc.gov/vessel-sanitation/cruise-ship-outbreaks/index.html,2026-05-14,en,included
SR-0130,CDC VSP,official_public_health,ms Maasdam - Unknown (3/2/2014-3/28/2014),2014,ms Maasdam,Unknown,https://www.cdc.gov/vessel-sanitation/cruise-ship-outbreaks/index.html,2026-05-14,en,included
SR-0131,CDC VSP,official_public_health,ms Veendam - Norovirus (2/8/2014-2/22/2014),2014,ms Veendam,Norovirus,https://www.cdc.gov/vessel-sanitation/cruise-ship-outbreaks/index.html,2026-05-14,en,included
SR-0132,CDC VSP,official_public_health,Caribbean Princess - Norovirus (1/25/2014-2/1/2014),2014,Caribbean Princess,Norovirus,https://www.cdc.gov/vessel-sanitation/cruise-ship-outbreaks/index.html,2026-05-14,en,included
SR-0133,CDC VSP,official_public_health,Explorer of the Seas - Norovirus (1/21/2014-1/31/2014),2014,Explorer of the Seas,Norovirus,https://www.cdc.gov/vessel-sanitation/cruise-ship-outbreaks/index.html,2026-05-14,en,included
SR-0134,CDC VSP,official_public_health,Norwegian Star - Norovirus (1/5/2014-1/19/2014),2014,Norwegian Star,Norovirus,https://www.cdc.gov/vessel-sanitation/cruise-ship-outbreaks/index.html,2026-05-14,en,included
SR-0135,CDC VSP,official_public_health,Norwegian Gem - Norovirus (11/16/2013-11/25/2013),2013,Norwegian Gem,Norovirus,https://www.cdc.gov/vessel-sanitation/cruise-ship-outbreaks/index.html,2026-05-14,en,included
SR-0136,CDC VSP,official_public_health,Celebrity Summit - Norovirus (9/21/2013-10/5/2013),2013,Celebrity Summit,Norovirus,https://www.cdc.gov/vessel-sanitation/cruise-ship-outbreaks/index.html,2026-05-14,en,included
SR-0137,CDC VSP,official_public_health,Celebrity Millennium - Norovirus (04/25/2013-05/10/2013),2013,Celebrity Millennium,Norovirus,https://www.cdc.gov/vessel-sanitation/cruise-ship-outbreaks/index.html,2026-05-14,en,included
SR-0138,CDC VSP,official_public_health,Crystal Symphony - Norovirus (04/29/2013-05/06/2013),2013,Crystal Symphony,Norovirus,https://www.cdc.gov/vessel-sanitation/cruise-ship-outbreaks/index.html,2026-05-14,en,included
SR-0139,CDC VSP,official_public_health,Veendam - Enterotoxigenic E. coli(ETEC) (04/13/2013-05/04/2013),2013,Veendam,Enterotoxigenic E. coli(ETEC),https://www.cdc.gov/vessel-sanitation/cruise-ship-outbreaks/index.html,2026-05-14,en,included
SR-0140,CDC VSP,official_public_health,Celebrity Solstice - Norovirus (04/08/2013-04/25/2013),2013,Celebrity Solstice,Norovirus,https://www.cdc.gov/vessel-sanitation/cruise-ship-outbreaks/index.html,2026-05-14,en,included
SR-0141,CDC VSP,official_public_health,Celebrity Infinity - Norovirus (03/17/2013-04/01/2013),2013,Celebrity Infinity,Norovirus,https://www.cdc.gov/vessel-sanitation/cruise-ship-outbreaks/index.html,2026-05-14,en,included
SR-0142,CDC VSP,official_public_health,Ruby Princess - Norovirus (03/03/2013-03/10/2013),2013,Ruby Princess,Norovirus,https://www.cdc.gov/vessel-sanitation/cruise-ship-outbreaks/index.html,2026-05-14,en,included
SR-0143,CDC VSP,official_public_health,Vision of the Seas - Norovirus (02/25/2013-03/08/2013),2013,Vision of the Seas,Norovirus,https://www.cdc.gov/vessel-sanitation/cruise-ship-outbreaks/index.html,2026-05-14,en,included
SR-0144,CDC VSP,official_public_health,Queen Mary 2 - Norovirus (12/22/2012-01/03/2013),2012,Queen Mary 2,Norovirus,https://www.cdc.gov/vessel-sanitation/cruise-ship-outbreaks/index.html,2026-05-14,en,included
SR-0145,CDC VSP,official_public_health,Emerald Princess - Norovirus (12/17/2012-12/27/2012),2012,Emerald Princess,Norovirus,https://www.cdc.gov/vessel-sanitation/cruise-ship-outbreaks/index.html,2026-05-14,en,included
SR-0146,CDC VSP,official_public_health,Oceania Riviera - Norovirus (11/15/2012-11/29/2012),2012,Oceania Riviera,Norovirus,https://www.cdc.gov/vessel-sanitation/cruise-ship-outbreaks/index.html,2026-05-14,en,included
SR-0147,CDC VSP,official_public_health,Amsterdam - Norovirus (11/11/2012-12/5/2012),2012,Amsterdam,Norovirus,https://www.cdc.gov/vessel-sanitation/cruise-ship-outbreaks/index.html,2026-05-14,en,included
SR-0148,CDC VSP,official_public_health,Ruby Princess - Norovirus andEnterotoxigenic E. coli(ETEC) (10/09/2012-10/28/2012),2012,Ruby Princess,Norovirus andEnterotoxigenic E. coli(ETEC),https://www.cdc.gov/vessel-sanitation/cruise-ship-outbreaks/index.html,2026-05-14,en,included
SR-0149,CDC VSP,official_public_health,Dawn Princess - Norovirus (08/21/2012-09/13/2012),2012,Dawn Princess,Norovirus,https://www.cdc.gov/vessel-sanitation/cruise-ship-outbreaks/index.html,2026-05-14,en,included
SR-0150,CDC VSP,official_public_health,Rhapsody of the Seas - Norovirus (08/24/2012-08/31/2012),2012,Rhapsody of the Seas,Norovirus,https://www.cdc.gov/vessel-sanitation/cruise-ship-outbreaks/index.html,2026-05-14,en,included
SR-0151,CDC VSP,official_public_health,Carnival Glory - Norovirus (08/06/2012-08/11/2012),2012,Carnival Glory,Norovirus,https://www.cdc.gov/vessel-sanitation/cruise-ship-outbreaks/index.html,2026-05-14,en,included
SR-0152,CDC VSP,official_public_health,Sun Princess - Norovirus (07/08/2012-07/21/2012),2012,Sun Princess,Norovirus,https://www.cdc.gov/vessel-sanitation/cruise-ship-outbreaks/index.html,2026-05-14,en,included
SR-0153,CDC VSP,official_public_health,Ruby Princess - Norovirus (02/26/2012-03/04/2012),2012,Ruby Princess,Norovirus,https://www.cdc.gov/vessel-sanitation/cruise-ship-outbreaks/index.html,2026-05-14,en,included
SR-0154,CDC VSP,official_public_health,Crown Princess - Norovirus (02/04/2012-02/09/2012),2012,Crown Princess,Norovirus,https://www.cdc.gov/vessel-sanitation/cruise-ship-outbreaks/index.html,2026-05-14,en,included
SR-0155,CDC VSP,official_public_health,Celebrity Silhouette - Norovirus (01/29/2012-02/10/2012),2012,Celebrity Silhouette,Norovirus,https://www.cdc.gov/vessel-sanitation/cruise-ship-outbreaks/index.html,2026-05-14,en,included
SR-0156,CDC VSP,official_public_health,Celebrity Constellation - Norovirus (01/28/2012-02/11/2012),2012,Celebrity Constellation,Norovirus,https://www.cdc.gov/vessel-sanitation/cruise-ship-outbreaks/index.html,2026-05-14,en,included
SR-0157,CDC VSP,official_public_health,Crown Princess - Norovirus (01/28/2012-02/04/2012),2012,Crown Princess,Norovirus,https://www.cdc.gov/vessel-sanitation/cruise-ship-outbreaks/index.html,2026-05-14,en,included
SR-0158,CDC VSP,official_public_health,Aurora - Norovirus (01/04/2012-01/26/2012),2012,Aurora,Norovirus,https://www.cdc.gov/vessel-sanitation/cruise-ship-outbreaks/index.html,2026-05-14,en,included
SR-0159,CDC VSP,official_public_health,Voyager of the Seas - Norovirus (01/28/2012-02/04/2012),2012,Voyager of the Seas,Norovirus,https://www.cdc.gov/vessel-sanitation/cruise-ship-outbreaks/index.html,2026-05-14,en,included
SR-0160,CDC VSP,official_public_health,ms Maasdam - Norovirus (12/23/2011–01/02/2012),2011,ms Maasdam,Norovirus,https://www.cdc.gov/vessel-sanitation/cruise-ship-outbreaks/index.html,2026-05-14,en,included
SR-0161,CDC VSP,official_public_health,Norwegian Spirit - Norovirus (12/18/2011–12/25/2011),2011,Norwegian Spirit,Norovirus,https://www.cdc.gov/vessel-sanitation/cruise-ship-outbreaks/index.html,2026-05-14,en,included
SR-0162,CDC VSP,official_public_health,Ryndam - Norovirus (12/11/2011–12/18/2011),2011,Ryndam,Norovirus,https://www.cdc.gov/vessel-sanitation/cruise-ship-outbreaks/index.html,2026-05-14,en,included
SR-0163,CDC VSP,official_public_health,Celebrity Solstice - Norovirus (11/28/2011–12/11/2011),2011,Celebrity Solstice,Norovirus,https://www.cdc.gov/vessel-sanitation/cruise-ship-outbreaks/index.html,2026-05-14,en,included
SR-0164,CDC VSP,official_public_health,Ryndam - Norovirus (11/03/2011–11/20/2011),2011,Ryndam,Norovirus,https://www.cdc.gov/vessel-sanitation/cruise-ship-outbreaks/index.html,2026-05-14,en,included
SR-0165,CDC VSP,official_public_health,Sea Princess - Norovirus (05/30/2011-06/09/2011),2011,Sea Princess,Norovirus,https://www.cdc.gov/vessel-sanitation/cruise-ship-outbreaks/index.html,2026-05-14,en,included
SR-0166,CDC VSP,official_public_health,National Geographic Sea Lion - Unknown (05/21/2011-05/28/2011),2011,National Geographic Sea Lion,Unknown,https://www.cdc.gov/vessel-sanitation/cruise-ship-outbreaks/index.html,2026-05-14,en,included
SR-0167,CDC VSP,official_public_health,Sea Princess - Norovirus (05/20/2011-05/30/2011),2011,Sea Princess,Norovirus,https://www.cdc.gov/vessel-sanitation/cruise-ship-outbreaks/index.html,2026-05-14,en,included
SR-0168,CDC VSP,official_public_health,Celebrity Millennium - Unknown (05/20/2011-05/27/2011),2011,Celebrity Millennium,Unknown,https://www.cdc.gov/vessel-sanitation/cruise-ship-outbreaks/index.html,2026-05-14,en,included
SR-0169,CDC VSP,official_public_health,Coral Princess - Norovirus (05/04/2011-05/19/2011),2011,Coral Princess,Norovirus,https://www.cdc.gov/vessel-sanitation/cruise-ship-outbreaks/index.html,2026-05-14,en,included
SR-0170,CDC VSP,official_public_health,Coral Princess - EnterotoxigenicE. coli(ETEC) (04/24/2011-05/04/2011),2011,Coral Princess,EnterotoxigenicE. coli(ETEC),https://www.cdc.gov/vessel-sanitation/cruise-ship-outbreaks/index.html,2026-05-14,en,included
SR-0171,CDC VSP,official_public_health,MV Marina - EnterotoxigenicE. coli(ETEC) (02/26/2011-03/15/2011),2011,MV Marina,EnterotoxigenicE. coli(ETEC),https://www.cdc.gov/vessel-sanitation/cruise-ship-outbreaks/index.html,2026-05-14,en,included
SR-0172,CDC VSP,official_public_health,Celebrity Solstice - Norovirus (01/30/2011-02/06/2011),2011,Celebrity Solstice,Norovirus,https://www.cdc.gov/vessel-sanitation/cruise-ship-outbreaks/index.html,2026-05-14,en,included
SR-0173,CDC VSP,official_public_health,Radiance of the Seas - Norovirus (01/03/2011-01/08/2011),2011,Radiance of the Seas,Norovirus,https://www.cdc.gov/vessel-sanitation/cruise-ship-outbreaks/index.html,2026-05-14,en,included
SR-0174,CDC VSP,official_public_health,Queen Mary 2 - Unknown (12/19/2010-01/03/2011),2010,Queen Mary 2,Unknown,https://www.cdc.gov/vessel-sanitation/cruise-ship-outbreaks/index.html,2026-05-14,en,included
SR-0175,CDC VSP,official_public_health,Crystal Symphony - Unknown (11/02/2010-11/21/2010),2010,Crystal Symphony,Unknown,https://www.cdc.gov/vessel-sanitation/cruise-ship-outbreaks/index.html,2026-05-14,en,included
SR-0176,CDC VSP,official_public_health,Nieuw Amsterdam - Norovirus (10/18/2010-11/07/2010),2010,Nieuw Amsterdam,Norovirus,https://www.cdc.gov/vessel-sanitation/cruise-ship-outbreaks/index.html,2026-05-14,en,included
SR-0177,CDC VSP,official_public_health,Carnival Glory - Norovirus (10/09/2010-10/16/2010),2010,Carnival Glory,Norovirus,https://www.cdc.gov/vessel-sanitation/cruise-ship-outbreaks/index.html,2026-05-14,en,included
SR-0178,CDC VSP,official_public_health,Zuiderdam - Unknown (04/20/2010-05/08/2010),2010,Zuiderdam,Unknown,https://www.cdc.gov/vessel-sanitation/cruise-ship-outbreaks/index.html,2026-05-14,en,included
SR-0179,CDC VSP,official_public_health,Mercury - Norovirus (03/08/2010-03/19/2010),2010,Mercury,Norovirus,https://www.cdc.gov/vessel-sanitation/cruise-ship-outbreaks/index.html,2026-05-14,en,included
SR-0180,CDC VSP,official_public_health,Mercury - Norovirus (02/26/2010-03/08/2010),2010,Mercury,Norovirus,https://www.cdc.gov/vessel-sanitation/cruise-ship-outbreaks/index.html,2026-05-14,en,included
SR-0181,CDC VSP,official_public_health,Jewel of the Seas - Unknown (02/22/2010-03/05/2010),2010,Jewel of the Seas,Unknown,https://www.cdc.gov/vessel-sanitation/cruise-ship-outbreaks/index.html,2026-05-14,en,included
SR-0182,CDC VSP,official_public_health,Millennium - Norovirus (02/22/2010-03/05/2010),2010,Millennium,Norovirus,https://www.cdc.gov/vessel-sanitation/cruise-ship-outbreaks/index.html,2026-05-14,en,included
SR-0183,CDC VSP,official_public_health,Maasdam - Norovirus (02/19/2010-03/05/2010),2010,Maasdam,Norovirus,https://www.cdc.gov/vessel-sanitation/cruise-ship-outbreaks/index.html,2026-05-14,en,included
SR-0184,CDC VSP,official_public_health,Mercury - Norovirus (02/15/2010-02/26/2010),2010,Mercury,Norovirus,https://www.cdc.gov/vessel-sanitation/cruise-ship-outbreaks/index.html,2026-05-14,en,included
SR-0185,CDC VSP,official_public_health,Balmoral - Unknown (01/05/2010-02/04/2010),2010,Balmoral,Unknown,https://www.cdc.gov/vessel-sanitation/cruise-ship-outbreaks/index.html,2026-05-14,en,included
SR-0186,CDC VSP,official_public_health,Queen Victoria - Unknown (01/12/2010-01/27/2010),2010,Queen Victoria,Unknown,https://www.cdc.gov/vessel-sanitation/cruise-ship-outbreaks/index.html,2026-05-14,en,included
SR-0187,CDC VSP,official_public_health,Queen Victoria - Norovirus (01/04/2010-01/12/2010),2010,Queen Victoria,Norovirus,https://www.cdc.gov/vessel-sanitation/cruise-ship-outbreaks/index.html,2026-05-14,en,included
SR-0188,CDC VSP,official_public_health,Amsterdam - Norovirus (12/02/2009-12/23/2009),2009,Amsterdam,Norovirus,https://www.cdc.gov/vessel-sanitation/cruise-ship-outbreaks/index.html,2026-05-14,en,included
SR-0189,CDC VSP,official_public_health,Seven Seas Mariner - Norovirus (12/02/2009-12/20/2009),2009,Seven Seas Mariner,Norovirus,https://www.cdc.gov/vessel-sanitation/cruise-ship-outbreaks/index.html,2026-05-14,en,included
SR-0190,CDC VSP,official_public_health,Norwegian Spirit - Norovirus (10/23/2009-11/08/2009),2009,Norwegian Spirit,Norovirus,https://www.cdc.gov/vessel-sanitation/cruise-ship-outbreaks/index.html,2026-05-14,en,included
SR-0191,CDC VSP,official_public_health,Noordam - Norovirus (10/16/2009-11/1/2009),2009,Noordam,Norovirus,https://www.cdc.gov/vessel-sanitation/cruise-ship-outbreaks/index.html,2026-05-14,en,included
SR-0192,CDC VSP,official_public_health,Amsterdam - Unknown (5/23/2009-5/30/2009),2009,Amsterdam,Unknown,https://www.cdc.gov/vessel-sanitation/cruise-ship-outbreaks/index.html,2026-05-14,en,included
SR-0193,CDC VSP,official_public_health,Coral Princess - Unknown (5/18/2009-5/25/2009),2009,Coral Princess,Unknown,https://www.cdc.gov/vessel-sanitation/cruise-ship-outbreaks/index.html,2026-05-14,en,included
SR-0194,CDC VSP,official_public_health,Island Princess - Shigella sonneiand EnterotoxigenicE. coli(ETEC) (4/23/2009-5/07/2009),2009,Island Princess,Shigella sonneiand EnterotoxigenicE. coli(ETEC),https://www.cdc.gov/vessel-sanitation/cruise-ship-outbreaks/index.html,2026-05-14,en,included
SR-0195,CDC VSP,official_public_health,Carnival Liberty - Norovirus (4/18/2009-4/25/2009),2009,Carnival Liberty,Norovirus,https://www.cdc.gov/vessel-sanitation/cruise-ship-outbreaks/index.html,2026-05-14,en,included
SR-0196,CDC VSP,official_public_health,Amsterdam - Cyclospora cayetanensis (4/2/2009-4/24/2009),2009,Amsterdam,Cyclospora cayetanensis,https://www.cdc.gov/vessel-sanitation/cruise-ship-outbreaks/index.html,2026-05-14,en,included
SR-0197,CDC VSP,official_public_health,Celebrity Mercury - Norovirus (2/28/2009-3/15/2009),2009,Celebrity Mercury,Norovirus,https://www.cdc.gov/vessel-sanitation/cruise-ship-outbreaks/index.html,2026-05-14,en,included
SR-0198,CDC VSP,official_public_health,Oosterdam - Norovirus (2/21/2009-2/28/2009),2009,Oosterdam,Norovirus,https://www.cdc.gov/vessel-sanitation/cruise-ship-outbreaks/index.html,2026-05-14,en,included
SR-0199,CDC VSP,official_public_health,Zaandam - Norovirus (2/5/2009-2/20/2009),2009,Zaandam,Norovirus,https://www.cdc.gov/vessel-sanitation/cruise-ship-outbreaks/index.html,2026-05-14,en,included
SR-0200,CDC VSP,official_public_health,Coral Princess - Norovirus (2/3/2009-2/13/2009),2009,Coral Princess,Norovirus,https://www.cdc.gov/vessel-sanitation/cruise-ship-outbreaks/index.html,2026-05-14,en,included
SR-0201,CDC VSP,official_public_health,Celebrity Mercury - Norovirus (1/3/2009-1/17/2009),2009,Celebrity Mercury,Norovirus,https://www.cdc.gov/vessel-sanitation/cruise-ship-outbreaks/index.html,2026-05-14,en,included
SR-0202,CDC VSP,official_public_health,Maasdam - Unknown (1/2/2009-1/9/2009),2009,Maasdam,Unknown,https://www.cdc.gov/vessel-sanitation/cruise-ship-outbreaks/index.html,2026-05-14,en,included
SR-0203,CDC VSP,official_public_health,Zuiderdam - Norovirus (10/23/2008-11/09/2008),2008,Zuiderdam,Norovirus,https://www.cdc.gov/vessel-sanitation/cruise-ship-outbreaks/index.html,2026-05-14,en,included
SR-0204,CDC VSP,official_public_health,Caribbean Princess - Norovirus (10/19/2008-10/26/2008),2008,Caribbean Princess,Norovirus,https://www.cdc.gov/vessel-sanitation/cruise-ship-outbreaks/index.html,2026-05-14,en,included
SR-0205,CDC VSP,official_public_health,Norwegian Jewel - Norovirus (10/8/2008-10/18/2008),2008,Norwegian Jewel,Norovirus,https://www.cdc.gov/vessel-sanitation/cruise-ship-outbreaks/index.html,2026-05-14,en,included
SR-0206,CDC VSP,official_public_health,Grande Caribe - Norovirus (9/30/2008-10/12/2008),2008,Grande Caribe,Norovirus,https://www.cdc.gov/vessel-sanitation/cruise-ship-outbreaks/index.html,2026-05-14,en,included
SR-0207,CDC VSP,official_public_health,Norwegian Jewel - Norovirus (9/28/2008-10/8/2008),2008,Norwegian Jewel,Norovirus,https://www.cdc.gov/vessel-sanitation/cruise-ship-outbreaks/index.html,2026-05-14,en,included
SR-0208,CDC VSP,official_public_health,Seven Seas Mariner - Norovirus (8/27/2008-9/3/2008),2008,Seven Seas Mariner,Norovirus,https://www.cdc.gov/vessel-sanitation/cruise-ship-outbreaks/index.html,2026-05-14,en,included
SR-0209,CDC VSP,official_public_health,Veendam - Norovirus (6/13/2008-6/20/2008),2008,Veendam,Norovirus,https://www.cdc.gov/vessel-sanitation/cruise-ship-outbreaks/index.html,2026-05-14,en,included
SR-0210,CDC VSP,official_public_health,Norwegian Dream - Norovirus and EnterotoxigenicE. coli (ETEC) (4/13/2008-5/1/2008),2008,Norwegian Dream,Norovirus and EnterotoxigenicE. coli (ETEC),https://www.cdc.gov/vessel-sanitation/cruise-ship-outbreaks/index.html,2026-05-14,en,included
SR-0211,CDC VSP,official_public_health,Zaandam - Norovirus (3/19/2008-4/3/2008),2008,Zaandam,Norovirus,https://www.cdc.gov/vessel-sanitation/cruise-ship-outbreaks/index.html,2026-05-14,en,included
SR-0212,CDC VSP,official_public_health,Ryndam - Norovirus (2/15/2008-2/25/2008),2008,Ryndam,Norovirus,https://www.cdc.gov/vessel-sanitation/cruise-ship-outbreaks/index.html,2026-05-14,en,included
SR-0213,CDC VSP,official_public_health,Holiday - Norovirus (1/24/2008-1/28/2008),2008,Holiday,Norovirus,https://www.cdc.gov/vessel-sanitation/cruise-ship-outbreaks/index.html,2026-05-14,en,included
SR-0214,CDC VSP,official_public_health,Norwegian Star - Norovirus (1/19/2008-1/27/2008),2008,Norwegian Star,Norovirus,https://www.cdc.gov/vessel-sanitation/cruise-ship-outbreaks/index.html,2026-05-14,en,included
SR-0215,CDC VSP,official_public_health,Noordam - Norovirus (1/5/2008-1/16/2008),2008,Noordam,Norovirus,https://www.cdc.gov/vessel-sanitation/cruise-ship-outbreaks/index.html,2026-05-14,en,included
SR-0216,CDC VSP,official_public_health,Volendam - Norovirus (1/2/2008-1/12/2008),2008,Volendam,Norovirus,https://www.cdc.gov/vessel-sanitation/cruise-ship-outbreaks/index.html,2026-05-14,en,included
SR-0217,CDC VSP,official_public_health,Pacific Princess - EnterotoxigenicE. coli(ETEC) (12/15/2007-1/10/2008),2007,Pacific Princess,EnterotoxigenicE. coli(ETEC),https://www.cdc.gov/vessel-sanitation/cruise-ship-outbreaks/index.html,2026-05-14,en,included
SR-0218,CDC VSP,official_public_health,Emerald Princess - Norovirus (12/16/2007-12/26/2007),2007,Emerald Princess,Norovirus,https://www.cdc.gov/vessel-sanitation/cruise-ship-outbreaks/index.html,2026-05-14,en,included
SR-0219,CDC VSP,official_public_health,Norwegian Pearl - Norovirus (11/30/2007-12/9/2007),2007,Norwegian Pearl,Norovirus,https://www.cdc.gov/vessel-sanitation/cruise-ship-outbreaks/index.html,2026-05-14,en,included
SR-0220,CDC VSP,official_public_health,Zaandam - Norovirus (11/5/2007-11/20/2007),2007,Zaandam,Norovirus,https://www.cdc.gov/vessel-sanitation/cruise-ship-outbreaks/index.html,2026-05-14,en,included
SR-0221,CDC VSP,official_public_health,Norwegian Dawn - Norovirus (10/14/2007-10/26/2007),2007,Norwegian Dawn,Norovirus,https://www.cdc.gov/vessel-sanitation/cruise-ship-outbreaks/index.html,2026-05-14,en,included
SR-0222,CDC VSP,official_public_health,Norwegian Crown - Norovirus (8/12/2007-8/19/2007),2007,Norwegian Crown,Norovirus,https://www.cdc.gov/vessel-sanitation/cruise-ship-outbreaks/index.html,2026-05-14,en,included
SR-0223,CDC VSP,official_public_health,Carnival Spirit - Norovirus (6/13/2007-6/20/2007),2007,Carnival Spirit,Norovirus,https://www.cdc.gov/vessel-sanitation/cruise-ship-outbreaks/index.html,2026-05-14,en,included
SR-0224,CDC VSP,official_public_health,Liberty of the Seas - Norovirus (5/26/2007-6/2/2007),2007,Liberty of the Seas,Norovirus,https://www.cdc.gov/vessel-sanitation/cruise-ship-outbreaks/index.html,2026-05-14,en,included
SR-0225,CDC VSP,official_public_health,Norwegian Star - Norovirus (5/19/2007-5/26/2007),2007,Norwegian Star,Norovirus,https://www.cdc.gov/vessel-sanitation/cruise-ship-outbreaks/index.html,2026-05-14,en,included
SR-0226,CDC VSP,official_public_health,Norwegian Pearl - Specimens not obtained (4/13/2007-4/22/2007),2007,Norwegian Pearl,Specimens not obtained,https://www.cdc.gov/vessel-sanitation/cruise-ship-outbreaks/index.html,2026-05-14,en,included
SR-0227,CDC VSP,official_public_health,Volendam - Specimens not obtained (4/12/2007-4/22/2007),2007,Volendam,Specimens not obtained,https://www.cdc.gov/vessel-sanitation/cruise-ship-outbreaks/index.html,2026-05-14,en,included
SR-0228,CDC VSP,official_public_health,Seven Seas Navigator - Norovirus (4/5/2007-4/16/2007),2007,Seven Seas Navigator,Norovirus,https://www.cdc.gov/vessel-sanitation/cruise-ship-outbreaks/index.html,2026-05-14,en,included
SR-0229,CDC VSP,official_public_health,Zenith - Norovirus (4/2/2007-4/13/2007),2007,Zenith,Norovirus,https://www.cdc.gov/vessel-sanitation/cruise-ship-outbreaks/index.html,2026-05-14,en,included
SR-0230,CDC VSP,official_public_health,Empress of the North - Norovirus (3/16/2007-3/21/2007),2007,Empress of the North,Norovirus,https://www.cdc.gov/vessel-sanitation/cruise-ship-outbreaks/index.html,2026-05-14,en,included
SR-0231,CDC VSP,official_public_health,Regal Princess - Unknown (3/13/2007-3/25/2007),2007,Regal Princess,Unknown,https://www.cdc.gov/vessel-sanitation/cruise-ship-outbreaks/index.html,2026-05-14,en,included
SR-0232,CDC VSP,official_public_health,Ryndam - Norovirus (3/3/2007-3/13/2007),2007,Ryndam,Norovirus,https://www.cdc.gov/vessel-sanitation/cruise-ship-outbreaks/index.html,2026-05-14,en,included
SR-0233,CDC VSP,official_public_health,"Seven Seas Mariner - Shigella, Salmonella, Enterobacter,andEntameoba histolytica (2/25/2007-3/9/2007)",2007,Seven Seas Mariner,"Shigella, Salmonella, Enterobacter,andEntameoba histolytica",https://www.cdc.gov/vessel-sanitation/cruise-ship-outbreaks/index.html,2026-05-14,en,included
SR-0234,CDC VSP,official_public_health,Ryndam - Norovirus (2/21/2007-3/3/2007),2007,Ryndam,Norovirus,https://www.cdc.gov/vessel-sanitation/cruise-ship-outbreaks/index.html,2026-05-14,en,included
SR-0235,CDC VSP,official_public_health,Westerdam - Norovirus (2/2/2007-2/11/2007),2007,Westerdam,Norovirus,https://www.cdc.gov/vessel-sanitation/cruise-ship-outbreaks/index.html,2026-05-14,en,included
SR-0236,CDC VSP,official_public_health,Spirit of Nantucket - Unknown (1/27/2007-2/3/2007),2007,Spirit of Nantucket,Unknown,https://www.cdc.gov/vessel-sanitation/cruise-ship-outbreaks/index.html,2026-05-14,en,included
SR-0237,CDC VSP,official_public_health,Island Princess - Norovirus (1/26/2007-2/10/2007),2007,Island Princess,Norovirus,https://www.cdc.gov/vessel-sanitation/cruise-ship-outbreaks/index.html,2026-05-14,en,included
SR-0238,CDC VSP,official_public_health,Ryndam - Norovirus (1/22/2007-2/21/2007),2007,Ryndam,Norovirus,https://www.cdc.gov/vessel-sanitation/cruise-ship-outbreaks/index.html,2026-05-14,en,included
SR-0239,CDC VSP,official_public_health,Volendam - Specimens not obtained (1/22/2007-2/1/2007),2007,Volendam,Specimens not obtained,https://www.cdc.gov/vessel-sanitation/cruise-ship-outbreaks/index.html,2026-05-14,en,included
SR-0240,CDC VSP,official_public_health,Queen Elizabeth 2 - Norovirus (1/8/2007-1/22/2007),2007,Queen Elizabeth 2,Norovirus,https://www.cdc.gov/vessel-sanitation/cruise-ship-outbreaks/index.html,2026-05-14,en,included
SR-0241,CDC VSP,official_public_health,Regal Princess - Norovirus (12/7/2006-12/27/2006),2006,Regal Princess,Norovirus,https://www.cdc.gov/vessel-sanitation/cruise-ship-outbreaks/index.html,2026-05-14,en,included
SR-0242,CDC VSP,official_public_health,Freedom of the Seas - Norovirus (12/3/2006-12/10/2006 (no sail recommendation)),2006,Freedom of the Seas,Norovirus,https://www.cdc.gov/vessel-sanitation/cruise-ship-outbreaks/index.html,2026-05-14,en,included
SR-0243,CDC VSP,official_public_health,Sun Princess - Norovirus (11/30/2006-12/10/2006),2006,Sun Princess,Norovirus,https://www.cdc.gov/vessel-sanitation/cruise-ship-outbreaks/index.html,2026-05-14,en,included
SR-0244,CDC VSP,official_public_health,Norwegian Wind - Norovirus (11/29/2006-12/9/2006),2006,Norwegian Wind,Norovirus,https://www.cdc.gov/vessel-sanitation/cruise-ship-outbreaks/index.html,2026-05-14,en,included
SR-0245,CDC VSP,official_public_health,Zaandam - Norovirus (11/26/2006-12/11/2006),2006,Zaandam,Norovirus,https://www.cdc.gov/vessel-sanitation/cruise-ship-outbreaks/index.html,2026-05-14,en,included
SR-0246,CDC VSP,official_public_health,Freedom of the Seas - Norovirus (11/26/2006-12/3/2006),2006,Freedom of the Seas,Norovirus,https://www.cdc.gov/vessel-sanitation/cruise-ship-outbreaks/index.html,2026-05-14,en,included
SR-0247,CDC VSP,official_public_health,Serenade of the Seas - Norovirus (11/18/2006-11/25/2006),2006,Serenade of the Seas,Norovirus,https://www.cdc.gov/vessel-sanitation/cruise-ship-outbreaks/index.html,2026-05-14,en,included
SR-0248,CDC VSP,official_public_health,"Summit - Unknown, negative for norovirus (11/11/2006-11/25/2006)",2006,Summit,"Unknown, negative for norovirus",https://www.cdc.gov/vessel-sanitation/cruise-ship-outbreaks/index.html,2026-05-14,en,included
SR-0249,CDC VSP,official_public_health,Adventure of the Seas - Norovirus (11/5/2006-11/12/2006),2006,Adventure of the Seas,Norovirus,https://www.cdc.gov/vessel-sanitation/cruise-ship-outbreaks/index.html,2026-05-14,en,included
SR-0250,CDC VSP,official_public_health,Carnival Liberty - Norovirus (11/3/2006-11/19/2006),2006,Carnival Liberty,Norovirus,https://www.cdc.gov/vessel-sanitation/cruise-ship-outbreaks/index.html,2026-05-14,en,included
SR-0251,CDC VSP,official_public_health,Serenade of the Seas - Norovirus (10/29/2006-11/11/2006),2006,Serenade of the Seas,Norovirus,https://www.cdc.gov/vessel-sanitation/cruise-ship-outbreaks/index.html,2026-05-14,en,included
SR-0252,CDC VSP,official_public_health,Constellation - Norovirus (10/27/2006-11/7/2006),2006,Constellation,Norovirus,https://www.cdc.gov/vessel-sanitation/cruise-ship-outbreaks/index.html,2026-05-14,en,included
SR-0253,CDC VSP,official_public_health,Island Princess - Norovirus (10/21/2006-11/5/2006),2006,Island Princess,Norovirus,https://www.cdc.gov/vessel-sanitation/cruise-ship-outbreaks/index.html,2026-05-14,en,included
SR-0254,CDC VSP,official_public_health,Constellation - Norovirus (10/16/2006-10/27/2006),2006,Constellation,Norovirus,https://www.cdc.gov/vessel-sanitation/cruise-ship-outbreaks/index.html,2026-05-14,en,included
SR-0255,CDC VSP,official_public_health,Diamond Princess - Norovirus (9/2/2006-9/9/2006),2006,Diamond Princess,Norovirus,https://www.cdc.gov/vessel-sanitation/cruise-ship-outbreaks/index.html,2026-05-14,en,included
SR-0256,CDC VSP,official_public_health,"Radiance of the Seas - Unknown, negative for norovirus (9/2/2006-9/9/2006)",2006,Radiance of the Seas,"Unknown, negative for norovirus",https://www.cdc.gov/vessel-sanitation/cruise-ship-outbreaks/index.html,2026-05-14,en,included
SR-0257,CDC VSP,official_public_health,Mariner of the Seas - Norovirus (7/23/2006-7/30/2006),2006,Mariner of the Seas,Norovirus,https://www.cdc.gov/vessel-sanitation/cruise-ship-outbreaks/index.html,2026-05-14,en,included
SR-0258,CDC VSP,official_public_health,Infinity - Norovirus (7/9/2006-7/16/2006),2006,Infinity,Norovirus,https://www.cdc.gov/vessel-sanitation/cruise-ship-outbreaks/index.html,2026-05-14,en,included
SR-0259,CDC VSP,official_public_health,Mercury - Norovirus (6/2/2006-6/9/2006),2006,Mercury,Norovirus,https://www.cdc.gov/vessel-sanitation/cruise-ship-outbreaks/index.html,2026-05-14,en,included
SR-0260,CDC VSP,official_public_health,Ryndam - Norovirus (5/28/2006-6/4/2006),2006,Ryndam,Norovirus,https://www.cdc.gov/vessel-sanitation/cruise-ship-outbreaks/index.html,2026-05-14,en,included
SR-0261,CDC VSP,official_public_health,Ryndam - Norovirus (5/14/2006-5/21/2006),2006,Ryndam,Norovirus,https://www.cdc.gov/vessel-sanitation/cruise-ship-outbreaks/index.html,2026-05-14,en,included
SR-0262,CDC VSP,official_public_health,Norwegian Star - Norovirus (5/14/2006-5/21/2006),2006,Norwegian Star,Norovirus,https://www.cdc.gov/vessel-sanitation/cruise-ship-outbreaks/index.html,2026-05-14,en,included
SR-0263,CDC VSP,official_public_health,Norwegian Sun - Norovirus (5/13/2006-5/20/2006),2006,Norwegian Sun,Norovirus,https://www.cdc.gov/vessel-sanitation/cruise-ship-outbreaks/index.html,2026-05-14,en,included
SR-0264,CDC VSP,official_public_health,Explorer of the Seas - Norovirus (4/23/2006-4/30/2006),2006,Explorer of the Seas,Norovirus,https://www.cdc.gov/vessel-sanitation/cruise-ship-outbreaks/index.html,2026-05-14,en,included
SR-0265,CDC VSP,official_public_health,Veendam - Norovirus (4/22-5/9/2006),2006,Veendam,Norovirus,https://www.cdc.gov/vessel-sanitation/cruise-ship-outbreaks/index.html,2026-05-14,en,included
SR-0266,CDC VSP,official_public_health,Amsterdam - Norovirus (3/22/2006-4/6/2006),2006,Amsterdam,Norovirus,https://www.cdc.gov/vessel-sanitation/cruise-ship-outbreaks/index.html,2026-05-14,en,included
SR-0267,CDC VSP,official_public_health,Mercury - Norovirus (3/17/2006-3/27/2006),2006,Mercury,Norovirus,https://www.cdc.gov/vessel-sanitation/cruise-ship-outbreaks/index.html,2026-05-14,en,included
SR-0268,CDC VSP,official_public_health,Island Princess - Norovirus (3/7/2006-3/22/2006),2006,Island Princess,Norovirus,https://www.cdc.gov/vessel-sanitation/cruise-ship-outbreaks/index.html,2026-05-14,en,included
SR-0269,CDC VSP,official_public_health,Amsterdam - Norovirus (3/7/2006-3/22/2006),2006,Amsterdam,Norovirus,https://www.cdc.gov/vessel-sanitation/cruise-ship-outbreaks/index.html,2026-05-14,en,included
SR-0270,CDC VSP,official_public_health,Mercury - Norovirus (3/6/2006-3/17/2006),2006,Mercury,Norovirus,https://www.cdc.gov/vessel-sanitation/cruise-ship-outbreaks/index.html,2026-05-14,en,included
SR-0271,CDC VSP,official_public_health,Grandeur of the Seas - Norovirus (3/6/2006-3/11/2006),2006,Grandeur of the Seas,Norovirus,https://www.cdc.gov/vessel-sanitation/cruise-ship-outbreaks/index.html,2026-05-14,en,included
SR-0272,CDC VSP,official_public_health,Volendam - Norovirus (3/3/2006-3/13/2006),2006,Volendam,Norovirus,https://www.cdc.gov/vessel-sanitation/cruise-ship-outbreaks/index.html,2026-05-14,en,included
SR-0273,CDC VSP,official_public_health,Seven Seas Mariner - Unknown (2/28/2006-3/13/2006),2006,Seven Seas Mariner,Unknown,https://www.cdc.gov/vessel-sanitation/cruise-ship-outbreaks/index.html,2026-05-14,en,included
SR-0274,CDC VSP,official_public_health,Explorer of the Seas - Norovirus (2/26/2006-3/5/2006),2006,Explorer of the Seas,Norovirus,https://www.cdc.gov/vessel-sanitation/cruise-ship-outbreaks/index.html,2026-05-14,en,included
SR-0275,CDC VSP,official_public_health,Queen Mary 2 - EnterotoxigenicE. coli(ETEC) (2/8/2006-2/22/2006),2006,Queen Mary 2,EnterotoxigenicE. coli(ETEC),https://www.cdc.gov/vessel-sanitation/cruise-ship-outbreaks/index.html,2026-05-14,en,included
SR-0276,CDC VSP,official_public_health,Minerva II - Unknown (1/12/2006-1/26/2006),2006,Minerva II,Unknown,https://www.cdc.gov/vessel-sanitation/cruise-ship-outbreaks/index.html,2026-05-14,en,included
SR-0277,CDC VSP,official_public_health,Zuiderdam - Norovirus (12/30/2005-1/7/2006),2005,Zuiderdam,Norovirus,https://www.cdc.gov/vessel-sanitation/cruise-ship-outbreaks/index.html,2026-05-14,en,included
SR-0278,CDC VSP,official_public_health,Splendour of the Seas - Norovirus (11/12/2005-11/26/2005),2005,Splendour of the Seas,Norovirus,https://www.cdc.gov/vessel-sanitation/cruise-ship-outbreaks/index.html,2026-05-14,en,included
SR-0279,CDC VSP,official_public_health,Sun Princess - Norovirus (5/9/2005-5/16/2005),2005,Sun Princess,Norovirus,https://www.cdc.gov/vessel-sanitation/cruise-ship-outbreaks/index.html,2026-05-14,en,included
SR-0280,CDC VSP,official_public_health,Dawn Princess - Norovirus (4/29/2005-5/14/2005),2005,Dawn Princess,Norovirus,https://www.cdc.gov/vessel-sanitation/cruise-ship-outbreaks/index.html,2026-05-14,en,included
SR-0281,CDC VSP,official_public_health,Horizon - Unknown (4/23/2005-4/30/2005),2005,Horizon,Unknown,https://www.cdc.gov/vessel-sanitation/cruise-ship-outbreaks/index.html,2026-05-14,en,included
SR-0282,CDC VSP,official_public_health,Crystal Symphony - Unknown (4/14/2005-4/25/2005),2005,Crystal Symphony,Unknown,https://www.cdc.gov/vessel-sanitation/cruise-ship-outbreaks/index.html,2026-05-14,en,included
SR-0283,CDC VSP,official_public_health,Norwegian Crown - Unknown (3/13/2005-3/28/2005),2005,Norwegian Crown,Unknown,https://www.cdc.gov/vessel-sanitation/cruise-ship-outbreaks/index.html,2026-05-14,en,included
SR-0284,CDC VSP,official_public_health,Royal Princess - Unknown (3/7/2005-3/24/2005),2005,Royal Princess,Unknown,https://www.cdc.gov/vessel-sanitation/cruise-ship-outbreaks/index.html,2026-05-14,en,included
SR-0285,CDC VSP,official_public_health,Veendam - Norovirus (3/5/2005-3/12/2005),2005,Veendam,Norovirus,https://www.cdc.gov/vessel-sanitation/cruise-ship-outbreaks/index.html,2026-05-14,en,included
SR-0286,CDC VSP,official_public_health,Zenith - Norovirus (2/27/2005-3/13/2005),2005,Zenith,Norovirus,https://www.cdc.gov/vessel-sanitation/cruise-ship-outbreaks/index.html,2026-05-14,en,included
SR-0287,CDC VSP,official_public_health,Celebration - Norovirus (2/21/2005-2/26/2005),2005,Celebration,Norovirus,https://www.cdc.gov/vessel-sanitation/cruise-ship-outbreaks/index.html,2026-05-14,en,included
SR-0288,CDC VSP,official_public_health,Celebration - Norovirus (2/17/2005-2/21/2005),2005,Celebration,Norovirus,https://www.cdc.gov/vessel-sanitation/cruise-ship-outbreaks/index.html,2026-05-14,en,included
SR-0289,CDC VSP,official_public_health,Seven Seas Mariner - Salmonella (2/12/2005-2/24/2005),2005,Seven Seas Mariner,Salmonella,https://www.cdc.gov/vessel-sanitation/cruise-ship-outbreaks/index.html,2026-05-14,en,included
SR-0290,CDC VSP,official_public_health,Empress of the Seas - Norovirus (1/17/2005-1/28/2005),2005,Empress of the Seas,Norovirus,https://www.cdc.gov/vessel-sanitation/cruise-ship-outbreaks/index.html,2026-05-14,en,included
SR-0291,CDC VSP,official_public_health,Mariner of the Seas - Norovirus (1/16/2005-1/23/2005),2005,Mariner of the Seas,Norovirus,https://www.cdc.gov/vessel-sanitation/cruise-ship-outbreaks/index.html,2026-05-14,en,included
SR-0292,CDC VSP,official_public_health,Veendam - Norovirus (1/15/2005-1/29/2005),2005,Veendam,Norovirus,https://www.cdc.gov/vessel-sanitation/cruise-ship-outbreaks/index.html,2026-05-14,en,included
SR-0293,CDC VSP,official_public_health,Ryndam - Norovirus (1/13/2005-1/29/2005),2005,Ryndam,Norovirus,https://www.cdc.gov/vessel-sanitation/cruise-ship-outbreaks/index.html,2026-05-14,en,included
SR-0294,CDC VSP,official_public_health,Sun Princess - Norovirus (1/8/2005-1/18/2005),2005,Sun Princess,Norovirus,https://www.cdc.gov/vessel-sanitation/cruise-ship-outbreaks/index.html,2026-05-14,en,included
SR-0295,CDC VSP,official_public_health,Veendam - Norovirus (1/3/2005-1/15/2005),2005,Veendam,Norovirus,https://www.cdc.gov/vessel-sanitation/cruise-ship-outbreaks/index.html,2026-05-14,en,included
SR-0296,CDC VSP,official_public_health,Enchantment of the Seas - Norovirus (1/3/2005-1/8/2005),2005,Enchantment of the Seas,Norovirus,https://www.cdc.gov/vessel-sanitation/cruise-ship-outbreaks/index.html,2026-05-14,en,included
SR-0297,CDC VSP,official_public_health,Coral Princess - Norovirus (12/28/2004-1/07/2005),2004,Coral Princess,Norovirus,https://www.cdc.gov/vessel-sanitation/cruise-ship-outbreaks/index.html,2026-05-14,en,included
SR-0298,CDC VSP,official_public_health,Golden Princess - Norovirus (12/12/2004-12/19/2004),2004,Golden Princess,Norovirus,https://www.cdc.gov/vessel-sanitation/cruise-ship-outbreaks/index.html,2026-05-14,en,included
SR-0299,CDC VSP,official_public_health,Norwegian Dream - Norovirus (12/5/2004-12/12/2004),2004,Norwegian Dream,Norovirus,https://www.cdc.gov/vessel-sanitation/cruise-ship-outbreaks/index.html,2026-05-14,en,included
SR-0300,CDC VSP,official_public_health,Silver Shadow - Specimens not obtained (12/4/2004-12/14/2004),2004,Silver Shadow,Specimens not obtained,https://www.cdc.gov/vessel-sanitation/cruise-ship-outbreaks/index.html,2026-05-14,en,included
SR-0301,CDC VSP,official_public_health,M/V Explorer - Unknown (6/19/2004-12/8/2004),2004,M/V Explorer,Unknown,https://www.cdc.gov/vessel-sanitation/cruise-ship-outbreaks/index.html,2026-05-14,en,included
SR-0302,CDC VSP,official_public_health,Veendam - Unknown (9/26/2004-10/14/2004),2004,Veendam,Unknown,https://www.cdc.gov/vessel-sanitation/cruise-ship-outbreaks/index.html,2026-05-14,en,included
SR-0303,CDC VSP,official_public_health,Regal Princess - Unknown (9/11/2004-9/20/2004),2004,Regal Princess,Unknown,https://www.cdc.gov/vessel-sanitation/cruise-ship-outbreaks/index.html,2026-05-14,en,included
SR-0304,CDC VSP,official_public_health,Sun Princess - Unknown (9/13/2004-9/20/2004),2004,Sun Princess,Unknown,https://www.cdc.gov/vessel-sanitation/cruise-ship-outbreaks/index.html,2026-05-14,en,included
SR-0305,CDC VSP,official_public_health,Sun Princess - Norovirus (9/6/2004-9/13/2004),2004,Sun Princess,Norovirus,https://www.cdc.gov/vessel-sanitation/cruise-ship-outbreaks/index.html,2026-05-14,en,included
SR-0306,CDC VSP,official_public_health,Nantucket Clipper - Specimens not obtained (9/3/2004-8/11/2004),2004,Nantucket Clipper,Specimens not obtained,https://www.cdc.gov/vessel-sanitation/cruise-ship-outbreaks/index.html,2026-05-14,en,included
SR-0307,CDC VSP,official_public_health,Silver Shadow - Unknown (7/26/2004-8/6/2004),2004,Silver Shadow,Unknown,https://www.cdc.gov/vessel-sanitation/cruise-ship-outbreaks/index.html,2026-05-14,en,included
SR-0308,CDC VSP,official_public_health,Pacific Princess - Unknown (7/25/2004-8/17/2004),2004,Pacific Princess,Unknown,https://www.cdc.gov/vessel-sanitation/cruise-ship-outbreaks/index.html,2026-05-14,en,included
SR-0309,CDC VSP,official_public_health,Serenade of the Seas - Unknown (6/6/2004-6/13/2004),2004,Serenade of the Seas,Unknown,https://www.cdc.gov/vessel-sanitation/cruise-ship-outbreaks/index.html,2026-05-14,en,included
SR-0310,CDC VSP,official_public_health,Island Princess - Unknown (6/5/2004-6/12/2004),2004,Island Princess,Unknown,https://www.cdc.gov/vessel-sanitation/cruise-ship-outbreaks/index.html,2026-05-14,en,included
SR-0311,CDC VSP,official_public_health,Island Princess - Norovirus (5/29/2004-6/5/2004),2004,Island Princess,Norovirus,https://www.cdc.gov/vessel-sanitation/cruise-ship-outbreaks/index.html,2026-05-14,en,included
SR-0312,CDC VSP,official_public_health,Norwegian Crown - Norovirus (5/2/2004-5/9/2004),2004,Norwegian Crown,Norovirus,https://www.cdc.gov/vessel-sanitation/cruise-ship-outbreaks/index.html,2026-05-14,en,included
SR-0313,CDC VSP,official_public_health,Norwegian Crown - Norovirus (4/17/2004-5/2/2004),2004,Norwegian Crown,Norovirus,https://www.cdc.gov/vessel-sanitation/cruise-ship-outbreaks/index.html,2026-05-14,en,included
SR-0314,CDC VSP,official_public_health,Veendam - Norovirus (4/17/2004-5/2/2004),2004,Veendam,Norovirus,https://www.cdc.gov/vessel-sanitation/cruise-ship-outbreaks/index.html,2026-05-14,en,included
SR-0315,CDC VSP,official_public_health,Norwegian Wind - Specimens not obtained (4/17/2004-5/2/2004),2004,Norwegian Wind,Specimens not obtained,https://www.cdc.gov/vessel-sanitation/cruise-ship-outbreaks/index.html,2026-05-14,en,included
SR-0316,CDC VSP,official_public_health,Rotterdam - Unknown (4/2/2004-4/15/2004),2004,Rotterdam,Unknown,https://www.cdc.gov/vessel-sanitation/cruise-ship-outbreaks/index.html,2026-05-14,en,included
SR-0317,CDC VSP,official_public_health,Amsterdam - EnterotoxigenicE. coli(ETEC) (3/31/2004-4/17/2004),2004,Amsterdam,EnterotoxigenicE. coli(ETEC),https://www.cdc.gov/vessel-sanitation/cruise-ship-outbreaks/index.html,2026-05-14,en,included
SR-0318,CDC VSP,official_public_health,Zenith - Norovirus (3/28/2004-4/11/2004),2004,Zenith,Norovirus,https://www.cdc.gov/vessel-sanitation/cruise-ship-outbreaks/index.html,2026-05-14,en,included
SR-0319,CDC VSP,official_public_health,Horizon - Norovirus (3/22/2004-4/2/2004),2004,Horizon,Norovirus,https://www.cdc.gov/vessel-sanitation/cruise-ship-outbreaks/index.html,2026-05-14,en,included
SR-0320,CDC VSP,official_public_health,Norwegian Crown - Norovirus (3/22/2004-4/4/2004),2004,Norwegian Crown,Norovirus,https://www.cdc.gov/vessel-sanitation/cruise-ship-outbreaks/index.html,2026-05-14,en,included
SR-0321,CDC VSP,official_public_health,"Royal Princess - Unknown, negative for norovirus (3/8/2004-3/25/2004)",2004,Royal Princess,"Unknown, negative for norovirus",https://www.cdc.gov/vessel-sanitation/cruise-ship-outbreaks/index.html,2026-05-14,en,included
SR-0322,CDC VSP,official_public_health,"Norwegian Crown - Unknown, negative for norovirus (3/7/2004-3/22/2004)",2004,Norwegian Crown,"Unknown, negative for norovirus",https://www.cdc.gov/vessel-sanitation/cruise-ship-outbreaks/index.html,2026-05-14,en,included
SR-0323,CDC VSP,official_public_health,Queen Mary 2 - Norovirus (2/23/2004-3/6/2004),2004,Queen Mary 2,Norovirus,https://www.cdc.gov/vessel-sanitation/cruise-ship-outbreaks/index.html,2026-05-14,en,included
SR-0324,CDC VSP,official_public_health,Brilliance of the Seas - Norovirus (2/16/2004-2/27/2004),2004,Brilliance of the Seas,Norovirus,https://www.cdc.gov/vessel-sanitation/cruise-ship-outbreaks/index.html,2026-05-14,en,included
SR-0325,CDC VSP,official_public_health,Queen Elizabeth 2 - Unknown (2/17/2004-3/1/2004),2004,Queen Elizabeth 2,Unknown,https://www.cdc.gov/vessel-sanitation/cruise-ship-outbreaks/index.html,2026-05-14,en,included
SR-0326,CDC VSP,official_public_health,The World - Specimens not obtained (2/3/2004-2/24/2004),2004,The World,Specimens not obtained,https://www.cdc.gov/vessel-sanitation/cruise-ship-outbreaks/index.html,2026-05-14,en,included
SR-0327,CDC VSP,official_public_health,Oriana - Norovirus (2/20/2004-3/5/2004),2004,Oriana,Norovirus,https://www.cdc.gov/vessel-sanitation/cruise-ship-outbreaks/index.html,2026-05-14,en,included
SR-0328,CDC VSP,official_public_health,Carnival Celebration - Norovirus (2/9/2004-2/14/2004),2004,Carnival Celebration,Norovirus,https://www.cdc.gov/vessel-sanitation/cruise-ship-outbreaks/index.html,2026-05-14,en,included
SR-0329,CDC VSP,official_public_health,Ryndam - Norovirus (2/7/2004-2/14/2004),2004,Ryndam,Norovirus,https://www.cdc.gov/vessel-sanitation/cruise-ship-outbreaks/index.html,2026-05-14,en,included
SR-0330,CDC VSP,official_public_health,Coral Princess - Norovirus (1/12/2004-1/22/2004),2004,Coral Princess,Norovirus,https://www.cdc.gov/vessel-sanitation/cruise-ship-outbreaks/index.html,2026-05-14,en,included
SR-0331,CDC VSP,official_public_health,Queen Elizabeth 2 - Specimens not obtained (1/5/2004-1/19/2004),2004,Queen Elizabeth 2,Specimens not obtained,https://www.cdc.gov/vessel-sanitation/cruise-ship-outbreaks/index.html,2026-05-14,en,included
SR-0332,CDC VSP,official_public_health,Legacy - Specimens not obtained (1/4/2004-1/10/2004),2004,Legacy,Specimens not obtained,https://www.cdc.gov/vessel-sanitation/cruise-ship-outbreaks/index.html,2026-05-14,en,included
SR-0333,CDC VSP,official_public_health,Legacy - Specimens not obtained (12/27/2003-1/3/2004),2003,Legacy,Specimens not obtained,https://www.cdc.gov/vessel-sanitation/cruise-ship-outbreaks/index.html,2026-05-14,en,included
SR-0334,CDC VSP,official_public_health,Volendam - Norovirus (12/21/2003-12/28/2003),2003,Volendam,Norovirus,https://www.cdc.gov/vessel-sanitation/cruise-ship-outbreaks/index.html,2026-05-14,en,included
SR-0335,CDC VSP,official_public_health,Carnival Legend - Norovirus (11/21/2003-11/29/2003),2003,Carnival Legend,Norovirus,https://www.cdc.gov/vessel-sanitation/cruise-ship-outbreaks/index.html,2026-05-14,en,included
SR-0336,CDC VSP,official_public_health,Carnival Legend - Norovirus (11/13/2003-11/21/2003),2003,Carnival Legend,Norovirus,https://www.cdc.gov/vessel-sanitation/cruise-ship-outbreaks/index.html,2026-05-14,en,included
SR-0337,CDC VSP,official_public_health,Carnival Holiday - Norovirus (10/16/2003-10/20/2003),2003,Carnival Holiday,Norovirus,https://www.cdc.gov/vessel-sanitation/cruise-ship-outbreaks/index.html,2026-05-14,en,included
SR-0338,CDC VSP,official_public_health,Carnival Holiday - Norovirus (10/11/2003-10/16/2003),2003,Carnival Holiday,Norovirus,https://www.cdc.gov/vessel-sanitation/cruise-ship-outbreaks/index.html,2026-05-14,en,included
SR-0339,CDC VSP,official_public_health,Nantucket Clipper - Specimens not obtained (10/4/2003-10/11/2003),2003,Nantucket Clipper,Specimens not obtained,https://www.cdc.gov/vessel-sanitation/cruise-ship-outbreaks/index.html,2026-05-14,en,included
SR-0340,CDC VSP,official_public_health,Norwegian Star - Specimens not obtained (9/21/2003-9/28/2003),2003,Norwegian Star,Specimens not obtained,https://www.cdc.gov/vessel-sanitation/cruise-ship-outbreaks/index.html,2026-05-14,en,included
SR-0341,CDC VSP,official_public_health,Clipper Odyssey - Specimens not obtained (8/15/2003-8/26/2003),2003,Clipper Odyssey,Specimens not obtained,https://www.cdc.gov/vessel-sanitation/cruise-ship-outbreaks/index.html,2026-05-14,en,included
SR-0342,CDC VSP,official_public_health,Regal Princess - Norovirus (8/18/2003-9/2/2003),2003,Regal Princess,Norovirus,https://www.cdc.gov/vessel-sanitation/cruise-ship-outbreaks/index.html,2026-05-14,en,included
SR-0343,CDC VSP,official_public_health,Star Princess - Norovirus (8/2/2003-8/9/2003),2003,Star Princess,Norovirus,https://www.cdc.gov/vessel-sanitation/cruise-ship-outbreaks/index.html,2026-05-14,en,included
SR-0344,CDC VSP,official_public_health,Star Princess - Norovirus (7/26/2003-8/2/2003),2003,Star Princess,Norovirus,https://www.cdc.gov/vessel-sanitation/cruise-ship-outbreaks/index.html,2026-05-14,en,included
SR-0345,CDC VSP,official_public_health,Rhapsody of the Seas - Specimens not obtained (7/20/2003-7/27/2003),2003,Rhapsody of the Seas,Specimens not obtained,https://www.cdc.gov/vessel-sanitation/cruise-ship-outbreaks/index.html,2026-05-14,en,included
SR-0346,CDC VSP,official_public_health,Norwegian Sky - Norovirus (5/17/2003-5/24/2003),2003,Norwegian Sky,Norovirus,https://www.cdc.gov/vessel-sanitation/cruise-ship-outbreaks/index.html,2026-05-14,en,included
SR-0347,CDC VSP,official_public_health,Royal Princess - Specimens not obtained (4/5/2003-4/22/2003),2003,Royal Princess,Specimens not obtained,https://www.cdc.gov/vessel-sanitation/cruise-ship-outbreaks/index.html,2026-05-14,en,included
SR-0348,CDC VSP,official_public_health,Norwegian Dream - Norovirus (3/16/2003-3/31/2003),2003,Norwegian Dream,Norovirus,https://www.cdc.gov/vessel-sanitation/cruise-ship-outbreaks/index.html,2026-05-14,en,included
SR-0349,CDC VSP,official_public_health,Nantucket Clipper - Specimens not obtained (3/1/2003-3/6/2003),2003,Nantucket Clipper,Specimens not obtained,https://www.cdc.gov/vessel-sanitation/cruise-ship-outbreaks/index.html,2026-05-14,en,included
SR-0350,CDC VSP,official_public_health,Sun Dream - Norovirus (2/17/2003-2/24/2003),2003,Sun Dream,Norovirus,https://www.cdc.gov/vessel-sanitation/cruise-ship-outbreaks/index.html,2026-05-14,en,included
SR-0351,CDC VSP,official_public_health,Sun Princess - Norovirus (1/25/2003-2/9/2003),2003,Sun Princess,Norovirus,https://www.cdc.gov/vessel-sanitation/cruise-ship-outbreaks/index.html,2026-05-14,en,included
SR-0352,CDC VSP,official_public_health,Carnival Spirit - Norovirus (1/27/2003-2/4/2003),2003,Carnival Spirit,Norovirus,https://www.cdc.gov/vessel-sanitation/cruise-ship-outbreaks/index.html,2026-05-14,en,included
SR-0353,CDC VSP,official_public_health,Sun Dream - Norovirus (1/20/2003-2/3/2003),2003,Sun Dream,Norovirus,https://www.cdc.gov/vessel-sanitation/cruise-ship-outbreaks/index.html,2026-05-14,en,included
SR-0354,CDC VSP,official_public_health,Olympia Voyager - Unknown (1/15/2003-2/3/2003),2003,Olympia Voyager,Unknown,https://www.cdc.gov/vessel-sanitation/cruise-ship-outbreaks/index.html,2026-05-14,en,included
SR-0355,CDC VSP,official_public_health,Regal Empress - Unknown (1/11/2003-1/18/2003),2003,Regal Empress,Unknown,https://www.cdc.gov/vessel-sanitation/cruise-ship-outbreaks/index.html,2026-05-14,en,included
SR-0356,CDC VSP,official_public_health,Arabella - Specimens not obtained (1/11/2003-1/18/2003),2003,Arabella,Specimens not obtained,https://www.cdc.gov/vessel-sanitation/cruise-ship-outbreaks/index.html,2026-05-14,en,included
SR-0357,CDC VSP,official_public_health,Queen Elizabeth 2 - Norovirus (1/5/2003-1/18/2003),2003,Queen Elizabeth 2,Norovirus,https://www.cdc.gov/vessel-sanitation/cruise-ship-outbreaks/index.html,2026-05-14,en,included
SR-0358,CDC VSP,official_public_health,Nantucket Clipper - Specimens not obtained (12/28/2002-1/4/2003),2002,Nantucket Clipper,Specimens not obtained,https://www.cdc.gov/vessel-sanitation/cruise-ship-outbreaks/index.html,2026-05-14,en,included
SR-0359,CDC VSP,official_public_health,Norway - Specimens not obtained (12/28/2002-1/4/2003),2002,Norway,Specimens not obtained,https://www.cdc.gov/vessel-sanitation/cruise-ship-outbreaks/index.html,2026-05-14,en,included
SR-0360,CDC VSP,official_public_health,Carnival Conquest - Norovirus (12/8/2002-12/15/2002),2002,Carnival Conquest,Norovirus,https://www.cdc.gov/vessel-sanitation/cruise-ship-outbreaks/index.html,2026-05-14,en,included
SR-0361,CDC VSP,official_public_health,Oceana - Norovirus (11/29/2002-12/12/2002),2002,Oceana,Norovirus,https://www.cdc.gov/vessel-sanitation/cruise-ship-outbreaks/index.html,2026-05-14,en,included
SR-0362,CDC VSP,official_public_health,Seven Seas Mariner - Salmonella (11/23/2002-12/2/2002),2002,Seven Seas Mariner,Salmonella,https://www.cdc.gov/vessel-sanitation/cruise-ship-outbreaks/index.html,2026-05-14,en,included
SR-0363,CDC VSP,official_public_health,Constellation - Norovirus (10/25/2002-11/8/2002),2002,Constellation,Norovirus,https://www.cdc.gov/vessel-sanitation/cruise-ship-outbreaks/index.html,2026-05-14,en,included
SR-0364,CDC VSP,official_public_health,Fascination - Norovirus (11/30/2002-12/2/2002),2002,Fascination,Norovirus,https://www.cdc.gov/vessel-sanitation/cruise-ship-outbreaks/index.html,2026-05-14,en,included
SR-0365,CDC VSP,official_public_health,Disney Magic - Norovirus (11/11/2002-11/21/2002),2002,Disney Magic,Norovirus,https://www.cdc.gov/vessel-sanitation/cruise-ship-outbreaks/index.html,2026-05-14,en,included
SR-0366,CDC VSP,official_public_health,Seabourn Pride - Specimens not obtained (10/28/2002-11/10/2002),2002,Seabourn Pride,Specimens not obtained,https://www.cdc.gov/vessel-sanitation/cruise-ship-outbreaks/index.html,2026-05-14,en,included
SR-0367,CDC VSP,official_public_health,Amsterdam - Norovirus (11/11/2002-11/21/2002),2002,Amsterdam,Norovirus,https://www.cdc.gov/vessel-sanitation/cruise-ship-outbreaks/index.html,2026-05-14,en,included
SR-0368,CDC VSP,official_public_health,Amsterdam - Norovirus (10/1/2002-10/22/2002),2002,Amsterdam,Norovirus,https://www.cdc.gov/vessel-sanitation/cruise-ship-outbreaks/index.html,2026-05-14,en,included
SR-0369,CDC VSP,official_public_health,Nantucket Clipper - Sappovirus (10/19/2002-10/29/2002),2002,Nantucket Clipper,Sappovirus,https://www.cdc.gov/vessel-sanitation/cruise-ship-outbreaks/index.html,2026-05-14,en,included
SR-0370,CDC VSP,official_public_health,Norwegian Sun - Norovirus (9/28/2002-10/5/2002),2002,Norwegian Sun,Norovirus,https://www.cdc.gov/vessel-sanitation/cruise-ship-outbreaks/index.html,2026-05-14,en,included
SR-0371,CDC VSP,official_public_health,"Norwegian Dream - Shigella, Giardia (9/10/2002-9/25/2002)",2002,Norwegian Dream,"Shigella, Giardia",https://www.cdc.gov/vessel-sanitation/cruise-ship-outbreaks/index.html,2026-05-14,en,included
SR-0372,CDC VSP,official_public_health,Norwegian Sun - Specimens not obtained (8/3/2002-8/10/2002),2002,Norwegian Sun,Specimens not obtained,https://www.cdc.gov/vessel-sanitation/cruise-ship-outbreaks/index.html,2026-05-14,en,included
SR-0373,CDC VSP,official_public_health,Yorktown Clipper - Specimens not obtained (7/27/2002-8/3/2002),2002,Yorktown Clipper,Specimens not obtained,https://www.cdc.gov/vessel-sanitation/cruise-ship-outbreaks/index.html,2026-05-14,en,included
SR-0374,CDC VSP,official_public_health,Ryndam - Norovirus (7/25/2002-8/1/2002),2002,Ryndam,Norovirus,https://www.cdc.gov/vessel-sanitation/cruise-ship-outbreaks/index.html,2026-05-14,en,included
SR-0375,CDC VSP,official_public_health,Ocean Princess - Norovirus (5/25/2002-6/1/2002),2002,Ocean Princess,Norovirus,https://www.cdc.gov/vessel-sanitation/cruise-ship-outbreaks/index.html,2026-05-14,en,included
SR-0376,CDC VSP,official_public_health,Ryndam - Norovirus (4/7/2002-4/24/2002),2002,Ryndam,Norovirus,https://www.cdc.gov/vessel-sanitation/cruise-ship-outbreaks/index.html,2026-05-14,en,included
SR-0377,CDC VSP,official_public_health,Amsterdam - Specimens not obtained (1/4/2002-4/28/2002),2002,Amsterdam,Specimens not obtained,https://www.cdc.gov/vessel-sanitation/cruise-ship-outbreaks/index.html,2026-05-14,en,included
SR-0378,CDC VSP,official_public_health,Caronia - EnterotoxigenicE. coli(ETEC) /Shigella (3/24/2002-4/5/2002),2002,Caronia,EnterotoxigenicE. coli(ETEC) /Shigella,https://www.cdc.gov/vessel-sanitation/cruise-ship-outbreaks/index.html,2026-05-14,en,included
SR-0379,CDC VSP,official_public_health,Nantucket Clipper - Norovirus (3/23/2002-3/30/2002),2002,Nantucket Clipper,Norovirus,https://www.cdc.gov/vessel-sanitation/cruise-ship-outbreaks/index.html,2026-05-14,en,included
SR-0380,CDC VSP,official_public_health,Carnival Pride - Norovirus (March 2002),2002,Carnival Pride,Norovirus,https://www.cdc.gov/vessel-sanitation/cruise-ship-outbreaks/index.html,2026-05-14,en,included
SR-0381,CDC VSP,official_public_health,Nantucket Clipper - Norovirus (September 2001),2001,Nantucket Clipper,Norovirus,https://www.cdc.gov/vessel-sanitation/cruise-ship-outbreaks/index.html,2026-05-14,en,included
SR-0382,CDC VSP,official_public_health,Mississippi - Norovirus (August 2001),2001,Mississippi,Norovirus,https://www.cdc.gov/vessel-sanitation/cruise-ship-outbreaks/index.html,2026-05-14,en,included
SR-0383,CDC VSP,official_public_health,Coronia - Norovirus (3/11/2001-3/29/2001),2001,Coronia,Norovirus,https://www.cdc.gov/vessel-sanitation/cruise-ship-outbreaks/index.html,2026-05-14,en,included
SR-0384,CDC VSP,official_public_health,Oriana - Specimens not obtained (2/20/2001-3/14/2001),2001,Oriana,Specimens not obtained,https://www.cdc.gov/vessel-sanitation/cruise-ship-outbreaks/index.html,2026-05-14,en,included
SR-0385,CDC VSP,official_public_health,Disney Magic - Salmonella (6/2/2000-6/5/2000),2000,Disney Magic,Salmonella,https://www.cdc.gov/vessel-sanitation/cruise-ship-outbreaks/index.html,2026-05-14,en,included
SR-0386,CDC VSP,official_public_health,Spirit of Glacier Bay - Norovirus (5/28/2000-6/1/2000),2000,Spirit of Glacier Bay,Norovirus,https://www.cdc.gov/vessel-sanitation/cruise-ship-outbreaks/index.html,2026-05-14,en,included
SR-0387,CDC VSP,official_public_health,Palm Beach Princess - Specimens not obtained (5/18/2000-6/1/2000),2000,Palm Beach Princess,Specimens not obtained,https://www.cdc.gov/vessel-sanitation/cruise-ship-outbreaks/index.html,2026-05-14,en,included
SR-0388,CDC VSP,official_public_health,Nantucket Clipper - Norovirus (2/5/2000-2/12/2000),2000,Nantucket Clipper,Norovirus,https://www.cdc.gov/vessel-sanitation/cruise-ship-outbreaks/index.html,2026-05-14,en,included
SR-0389,CDC VSP,official_public_health,Nantucket Clipper - Norovirus (1/22/2000-1/29/2000),2000,Nantucket Clipper,Norovirus,https://www.cdc.gov/vessel-sanitation/cruise-ship-outbreaks/index.html,2026-05-14,en,included
SR-0390,CDC VSP,official_public_health,Nantucket Clipper - Norovirus (1/15/2000-1/22/2000),2000,Nantucket Clipper,Norovirus,https://www.cdc.gov/vessel-sanitation/cruise-ship-outbreaks/index.html,2026-05-14,en,included
SR-0391,CDC VSP,official_public_health,Nantucket Clipper - Norovirus (1/30/1999-2/6/1999),1999,Nantucket Clipper,Norovirus,https://www.cdc.gov/vessel-sanitation/cruise-ship-outbreaks/index.html,2026-05-14,en,included
SR-0392,CDC VSP,official_public_health,Nantucket Clipper - Norovirus (1/23/1999-1/30/1999),1999,Nantucket Clipper,Norovirus,https://www.cdc.gov/vessel-sanitation/cruise-ship-outbreaks/index.html,2026-05-14,en,included
SR-0393,CDC VSP,official_public_health,Nantucket Clipper - Norovirus (1/16/1999-1/23/1999),1999,Nantucket Clipper,Norovirus,https://www.cdc.gov/vessel-sanitation/cruise-ship-outbreaks/index.html,2026-05-14,en,included
SR-0394,CDC VSP,official_public_health,Nantucket Clipper - Norovirus (1/9/1999-1/16/1999),1999,Nantucket Clipper,Norovirus,https://www.cdc.gov/vessel-sanitation/cruise-ship-outbreaks/index.html,2026-05-14,en,included
SR-0395,CDC VSP,official_public_health,Nantucket Clipper - Norovirus (1/2/1998-1/9/1999),1998,Nantucket Clipper,Norovirus,https://www.cdc.gov/vessel-sanitation/cruise-ship-outbreaks/index.html,2026-05-14,en,included
SR-0396,CDC VSP,official_public_health,Vision of the Seas - Specimens not obtained (11/28/1998-12/7/1998),1998,Vision of the Seas,Specimens not obtained,https://www.cdc.gov/vessel-sanitation/cruise-ship-outbreaks/index.html,2026-05-14,en,included
SR-0397,CDC VSP,official_public_health,Norway - Norovirus (10/10/1998-10/24/1998),1998,Norway,Norovirus,https://www.cdc.gov/vessel-sanitation/cruise-ship-outbreaks/index.html,2026-05-14,en,included
SR-0398,CDC VSP,official_public_health,Regal Princess - Norovirus (6/21/1998-6/28/1998),1998,Regal Princess,Norovirus,https://www.cdc.gov/vessel-sanitation/cruise-ship-outbreaks/index.html,2026-05-14,en,included
SR-0399,CDC VSP,official_public_health,Regal Princess - Norovirus (6/14/1998-6/21/1998),1998,Regal Princess,Norovirus,https://www.cdc.gov/vessel-sanitation/cruise-ship-outbreaks/index.html,2026-05-14,en,included
SR-0400,CDC VSP,official_public_health,Regal Princess - Norovirus (6/7/1998-6/14/1998),1998,Regal Princess,Norovirus,https://www.cdc.gov/vessel-sanitation/cruise-ship-outbreaks/index.html,2026-05-14,en,included
SR-0401,CDC VSP,official_public_health,Ocean Breeze - EnterotoxigenicE. coli(ETEC) (5/17/1998-5/24/1998),1998,Ocean Breeze,EnterotoxigenicE. coli(ETEC),https://www.cdc.gov/vessel-sanitation/cruise-ship-outbreaks/index.html,2026-05-14,en,included
SR-0402,CDC VSP,official_public_health,Statendam - Specimens not obtained (3/29/1998-4/8/1998),1998,Statendam,Specimens not obtained,https://www.cdc.gov/vessel-sanitation/cruise-ship-outbreaks/index.html,2026-05-14,en,included
SR-0403,CDC VSP,official_public_health,Legend of the Seas - Norovirus (2/28/1998-3/11/1998),1998,Legend of the Seas,Norovirus,https://www.cdc.gov/vessel-sanitation/cruise-ship-outbreaks/index.html,2026-05-14,en,included
SR-0404,CDC VSP,official_public_health,Regal Empress - EnterotoxigenicE. coli(ETEC) (12/17/1997-12/21/1997),1997,Regal Empress,EnterotoxigenicE. coli(ETEC),https://www.cdc.gov/vessel-sanitation/cruise-ship-outbreaks/index.html,2026-05-14,en,included
SR-0405,CDC VSP,official_public_health,Zenith - Specimens not obtained (12/5/1997-12/15/1997),1997,Zenith,Specimens not obtained,https://www.cdc.gov/vessel-sanitation/cruise-ship-outbreaks/index.html,2026-05-14,en,included
SR-0406,CDC VSP,official_public_health,Nantucket Clipper - Norovirus (10/23/1997-10/30/1997),1997,Nantucket Clipper,Norovirus,https://www.cdc.gov/vessel-sanitation/cruise-ship-outbreaks/index.html,2026-05-14,en,included
SR-0407,CDC VSP,official_public_health,Royal Princess - EnterotoxigenicE. coli(ETEC) (4/15/1997-4/19/1997),1997,Royal Princess,EnterotoxigenicE. coli(ETEC),https://www.cdc.gov/vessel-sanitation/cruise-ship-outbreaks/index.html,2026-05-14,en,included
SR-0408,CDC VSP,official_public_health,Noordam - Cyclospora (3/29/1997-4/5/1997),1997,Noordam,Cyclospora,https://www.cdc.gov/vessel-sanitation/cruise-ship-outbreaks/index.html,2026-05-14,en,included
SR-0409,CDC VSP,official_public_health,Royal Odyssey - Norovirus (3/25/1997-4/4/1997 (no sail recommendation)),1997,Royal Odyssey,Norovirus,https://www.cdc.gov/vessel-sanitation/cruise-ship-outbreaks/index.html,2026-05-14,en,included
SR-0410,CDC VSP,official_public_health,Royal Odyssey - Norovirus (3/4/1997-3/14/1997),1997,Royal Odyssey,Norovirus,https://www.cdc.gov/vessel-sanitation/cruise-ship-outbreaks/index.html,2026-05-14,en,included
SR-0411,CDC VSP,official_public_health,Regal Princess - Specimens not obtained (2/13/1997-2/28/1997),1997,Regal Princess,Specimens not obtained,https://www.cdc.gov/vessel-sanitation/cruise-ship-outbreaks/index.html,2026-05-14,en,included
SR-0412,CDC VSP,official_public_health,Nantucket Clipper - Norovirus (2/8/1997-2/15/1997),1997,Nantucket Clipper,Norovirus,https://www.cdc.gov/vessel-sanitation/cruise-ship-outbreaks/index.html,2026-05-14,en,included
SR-0413,CDC VSP,official_public_health,Jubilee - Norovirus (6/16/1996-6/23/1996),1996,Jubilee,Norovirus,https://www.cdc.gov/vessel-sanitation/cruise-ship-outbreaks/index.html,2026-05-14,en,included
SR-0414,CDC VSP,official_public_health,Noordam - Norovirus (4/27/1996-5/11/1996),1996,Noordam,Norovirus,https://www.cdc.gov/vessel-sanitation/cruise-ship-outbreaks/index.html,2026-05-14,en,included
SR-0415,CDC VSP,official_public_health,Royal Princess - EnterotoxigenicE. coli(ETEC) (3/15/1996-3/26/1996),1996,Royal Princess,EnterotoxigenicE. coli(ETEC),https://www.cdc.gov/vessel-sanitation/cruise-ship-outbreaks/index.html,2026-05-14,en,included
SR-0416,CDC VSP,official_public_health,Horizon - Salmonella (7/15/1995-7/22/1995),1995,Horizon,Salmonella,https://www.cdc.gov/vessel-sanitation/cruise-ship-outbreaks/index.html,2026-05-14,en,included
SR-0417,CDC VSP,official_public_health,Fantasy - Shigella sonnei (4/30/1995-5/4/1995),1995,Fantasy,Shigella sonnei,https://www.cdc.gov/vessel-sanitation/cruise-ship-outbreaks/index.html,2026-05-14,en,included
SR-0418,CDC VSP,official_public_health,Crown Odyssey - EnterotoxigenicE. coli(ETEC) (1/12/1995-1/26/1995),1995,Crown Odyssey,EnterotoxigenicE. coli(ETEC),https://www.cdc.gov/vessel-sanitation/cruise-ship-outbreaks/index.html,2026-05-14,en,included
SR-0419,CDC VSP,official_public_health,Viking Serenade - Shigella flexneri (8/29/1994-9/1/1994),1994,Viking Serenade,Shigella flexneri,https://www.cdc.gov/vessel-sanitation/cruise-ship-outbreaks/index.html,2026-05-14,en,included
SR-0420,CDC VSP,official_public_health,Horizon - Legionella (6/26/1994-7/2/1994),1994,Horizon,Legionella,https://www.cdc.gov/vessel-sanitation/cruise-ship-outbreaks/index.html,2026-05-14,en,included
SR-0421,CDC VSP,official_public_health,StarShip Oceanic - Norovirus (6/13/1994-6/17/1994),1994,StarShip Oceanic,Norovirus,https://www.cdc.gov/vessel-sanitation/cruise-ship-outbreaks/index.html,2026-05-14,en,included
SR-0422,CDC VSP,official_public_health,Regent Rainbow - Viral gastroenteritis (3/18/1994-4/1/1994),1994,Regent Rainbow,Viral gastroenteritis,https://www.cdc.gov/vessel-sanitation/cruise-ship-outbreaks/index.html,2026-05-14,en,included
SR-0423,CDC VSP,official_public_health,American Adventure - Shigella flexneri (12/26/1993-2/2/1994),1993,American Adventure,Shigella flexneri,https://www.cdc.gov/vessel-sanitation/cruise-ship-outbreaks/index.html,2026-05-14,en,included
SR-0424,PubMed,academic,Andes hantavirus outbreak on a cruise ship - an ESCMID Emerging Infections Subcommittee (EIS) rapid assessment.,2026,,,https://doi.org/10.1016/j.cmi.2026.05.016,2026-05-14,en,pending_review
SR-0425,PubMed,academic,Cruise-ship hantavirus cluster exposes a wider preparedness gap.,2026,,,https://doi.org/10.1038/d41586-026-01518-4,2026-05-14,en,excluded_irrelevant
SR-0426,PubMed,academic,Hantavirus: French and US nationals test positive as cruise ship docks in Canary Islands.,2026,,,https://doi.org/10.1136/bmj.s916,2026-05-14,en,pending_review
SR-0427,PubMed,academic,"""Navigating Healthy Waters"": monitoring ship wastewater as a key defense against infectious diseases-a pilot study on a Mediterranean seaport.",2026,,,https://doi.org/10.3389/fpubh.2026.1786232,2026-05-14,en,pending_review
SR-0428,PubMed,academic,"When Rare Zoonoses Travel: Andes virus, Hantavirus Cardiopulmonary Syndrome, and the Preparedness Gap.",2026,,,https://doi.org/10.1016/j.ijid.2026.108778,2026-05-14,en,pending_review
SR-0429,PubMed,academic,Lethal Hantavirus at Sea: Infectious Disease Outbreaks on Cruise Ships and Limits of Preparedness.,2026,,,https://doi.org/10.1016/j.tmaid.2026.102989,2026-05-14,en,pending_review
SR-0430,PubMed,academic,Hantavirus: Three dead in cruise ship outbreak as authorities investigate human-to-human transmission.,2026,,,https://doi.org/10.1136/bmj.s875,2026-05-14,en,pending_review
SR-0431,PubMed,academic,Hantavirus crops up on a cruise ship - what scientists are watching.,2026,,,https://doi.org/10.1038/d41586-026-01450-7,2026-05-14,en,pending_review
SR-0432,PubMed,academic,Passive wastewater surveillance of viral pathogens on cruise ships as a powerful tool for public health protection.,2026,,,https://doi.org/10.1016/j.envpol.2026.127953,2026-05-14,en,pending_review
SR-0433,PubMed,academic,Seabird responses to altered marine vessel activity during the COVID-19 anthropause: insights from citizen science.,2026,,,https://doi.org/10.1016/j.scitotenv.2026.181456,2026-05-14,en,excluded_irrelevant
SR-0434,PubMed,academic,Real-time spatiotemporal tracking of infectious outbreaks in confined environments with a host-pathogen agent-based system.,2026,,,https://doi.org/10.1073/pnas.2422574123,2026-05-14,en,pending_review
SR-0435,PubMed,academic,IMPROVING HAND HYGIENE IN CRUISE SHIP: AN INTERVENTION STUDY.,2025,,,https://doi.org/10.12688/openreseurope.20172.3,2026-05-14,en,pending_review
SR-0436,PubMed,academic,Exhaled CO2 and aerosol dispersion on a cruise ship: Airflow and infection risk insights.,2026,,,https://doi.org/10.1016/j.scitotenv.2025.181112,2026-05-14,en,pending_review
SR-0437,PubMed,academic,"Travel After Transplant: Demographics, Travel Trends, and Vaccination Practices of US Immunocompromised Travelers.",2026,,,https://doi.org/10.1097/TP.0000000000005580,2026-05-14,en,pending_review
SR-0438,PubMed,academic,Examination of factors affecting SARS-CoV-2 transmission among healthcare workers following a large healthcare-associated outbreak of COVID-19 in North West Tasmania.,2025,,,https://doi.org/10.1071/PU24030,2026-05-14,en,pending_review
SR-0439,PubMed,academic,Preventing SARS-CoV-2 superspreading events with antiviral intranasal sprays.,2025,,,https://doi.org/10.1016/j.jtbi.2025.112237,2026-05-14,en,pending_review
SR-0440,PubMed,academic,"Most Common Causes of Death Among Travelers on Aircraft and Maritime Vessels and During Land-Border Crossings Reported to the Centers for Disease Control and Prevention, 2008-2022.",2025,,,https://doi.org/10.1177/00333549251358657,2026-05-14,en,excluded_irrelevant
SR-0441,PubMed,academic,"Legionella sheltonii sp. nov., a novel species isolated on a cruise ship during routine monitoring.",2025,,,https://doi.org/10.1099/ijsem.0.006813,2026-05-14,en,pending_review
SR-0442,PubMed,academic,Mitigating norovirus spread on cruise ships: a model-based assessment of diagnostic timing and isolation.,2025,,,https://doi.org/10.1093/jtm/taaf059,2026-05-14,en,pending_review
SR-0443,PubMed,academic,"Clade II Mpox Infections Among Cruise Ship Passengers and Crew Members - United States, 2024.",2025,,,https://doi.org/10.15585/mmwr.mm7422a1,2026-05-14,en,pending_review
SR-0444,PubMed,academic,"Public Health Response to COVID-19 Among Travelers Disembarked From the Grand Princess Cruise Ship, March 2020.",2025,,,https://doi.org/10.1177/00333549251321762,2026-05-14,en,pending_review
SR-0445,PubMed,academic,Estimating epidemic dynamics with genomic and time series data.,2025,,,https://doi.org/10.1098/rsif.2024.0632,2026-05-14,en,pending_review
SR-0446,PubMed,academic,Practicing pharmacist education based on the experiences of medical support on the cruise ship Diamond Princess.,2025,,,https://doi.org/10.1186/s12909-025-07291-8,2026-05-14,en,pending_review
SR-0447,PubMed,academic,Monitoring of indoor air quality at a large sailing cruise ship to assess ventilation performance and disease transmission risk.,2025,,,https://doi.org/10.1016/j.scitotenv.2024.178286,2026-05-14,en,pending_review
SR-0448,PubMed,academic,Public good or climate washing? A guideline for climate and health researchers considering funding from carbon-intensive industries.,2024,,,https://doi.org/10.1016/S2542-5196(24)00231-6,2026-05-14,en,excluded_irrelevant
SR-0449,PubMed,academic,"Two Outbreaks of Legionnaires Disease Associated with Outdoor Hot Tubs for Private Use - Two Cruise Ships, November 2022-July 2024.",2024,,,https://doi.org/10.15585/mmwr.mm7342a3,2026-05-14,en,pending_review
SR-0450,PubMed,academic,Evaluating infectious disease outbreak potential and mitigation effectiveness on cruise ships.,2024,,,https://doi.org/10.1016/j.jtbi.2024.111875,2026-05-14,en,pending_review
SR-0451,PubMed,academic,The impact of the cruise ship Coral Princess on COVID-19 transmission in regional Western Australia in 2022.,2025,,,https://doi.org/10.1093/jtm/taae044,2026-05-14,en,pending_review
SR-0452,PubMed,academic,Using a bottom-up method to assess cruise ship activity impacts on emissions during 2019-2020 in China.,2024,,,https://doi.org/10.1016/j.heliyon.2024.e27101,2026-05-14,en,pending_review
SR-0453,PubMed,academic,"Systematic literature review and meta-analysis on preventing and controlling norovirus outbreaks on cruise ships, 1990 to 2020: calling for behaviour change strategies of travellers.",2024,,,https://doi.org/10.2807/1560-7917.ES.2024.29.10.2300345,2026-05-14,en,pending_review
SR-0454,PubMed,academic,"Large outbreak of typhoid fever on a river cruise ship used as accommodation for asylum seekers, the Netherlands, 2022.",2024,,,https://doi.org/10.2807/1560-7917.ES.2024.29.5.2300211,2026-05-14,en,pending_review
SR-0455,PubMed,academic,Estimates of early outbreak-specific SARS-CoV-2 epidemiological parameters from genomic data.,2024,,,https://doi.org/10.1073/pnas.2308125121,2026-05-14,en,pending_review
SR-0456,PubMed,academic,The Epidemiology of Maritime Patients Requiring Medical Evacuation: A Literature Review.,2023,,,https://doi.org/10.7759/cureus.49606,2026-05-14,en,excluded_irrelevant
SR-0457,PubMed,academic,"Responses to the correspondence on ""COVID-19 on board a cruise ship: medical management"".",2023,,,https://doi.org/10.5603/imh.98374,2026-05-14,en,pending_review
SR-0458,PubMed,academic,"""COVID-19 on board a cruise ship: medical management"" - correspondence.",2023,,,https://doi.org/10.5603/imh.96427,2026-05-14,en,pending_review
SR-0459,PubMed,academic,A SARS-CoV-2 Omicron outbreak among crew members on a cruise ship in Germany in early 2022.,2023,,,https://doi.org/10.5603/imh.96935,2026-05-14,en,pending_review
SR-0460,PubMed,academic,The value of universal screening for COVID-19 cases on cruise ships during outbreaks.,2023,,,https://doi.org/10.17061/phrp3342338,2026-05-14,en,pending_review
SR-0461,PubMed,academic,Influenza: seasonality and travel-related considerations.,2023,,,https://doi.org/10.1093/jtm/taad102,2026-05-14,en,pending_review
SR-0462,PubMed,academic,"Notes from the Field: Cruise Ship Norovirus Outbreak Associated with Person-to-Person Transmission - United States Jurisdiction, January 2023.",2023,,,https://doi.org/10.15585/mmwr.mm7230a5,2026-05-14,en,pending_review
SR-0463,PubMed,academic,Zombie Cruise Ship Virtual Escape Room for POCUS Pulmonary: Scan Your Way Out.,2022,,,https://doi.org/10.21980/J8RM0M,2026-05-14,en,pending_review
SR-0464,PubMed,academic,COVID-19 on board a cruise ship: medical management.,2023,,,https://doi.org/10.5603/IMH.2023.0012,2026-05-14,en,pending_review
SR-0465,PubMed,academic,Lessons learned from practices during the initial response to COVID-19 on the cruise ship Diamond Princess.,2023,,,https://doi.org/10.35772/ghm.2023.01025,2026-05-14,en,pending_review
SR-0466,PubMed,academic,Can ship travel contain COVID-19 outbreak after re-opening: a Bayesian meta-analysis.,2023,,,https://doi.org/10.1017/S0950268823000821,2026-05-14,en,pending_review
SR-0467,PubMed,academic,"An empirical and modelling approach to the evaluation of cruise ships' influence on air quality: The case of La Paz, Mexico.",2023,,,https://doi.org/10.1016/j.scitotenv.2023.163855,2026-05-14,en,pending_review
SR-0468,PubMed,academic,A Quieter Ocean: Experimentally Derived Differences in Attentive Responses of Tursiops truncatus to Anthropogenic Noise Playbacks before and during the COVID-19-Related Anthropause.,2023,,,https://doi.org/10.3390/ani13071269,2026-05-14,en,pending_review
SR-0469,PubMed,academic,Compulsory insurance for cruise vessels as a preparation for the next pandemic: Law of the sea perspective.,2023,,,https://doi.org/10.1016/j.marpol.2023.105586,2026-05-14,en,pending_review
SR-0470,PubMed,academic,"Extensive Spread of SARS-CoV-2 Delta Variant among Vaccinated Persons during 7-Day River Cruise, the Netherlands.",2023,,,https://doi.org/10.3201/eid2904.221433,2026-05-14,en,pending_review
SR-0471,PubMed,academic,The impact of the COVID-19 outbreak on Japanese shipping industry: An event study approach.,2023,,,https://doi.org/10.1016/j.tranpol.2022.11.002,2026-05-14,en,pending_review
SR-0472,PubMed,academic,Transmission of SARS-CoV-2 Associated with Cruise Ship Travel: A Systematic Review.,2022,,,https://doi.org/10.3390/tropicalmed7100290,2026-05-14,en,pending_review
SR-0473,PubMed,academic,A major outbreak of the COVID-19 on the Diamond Princess cruise ship: Estimation of the basic reproduction number.,2022,,,https://doi.org/10.1097/JCMA.0000000000000820,2026-05-14,en,pending_review
SR-0474,PubMed,academic,COVID-19 outbreaks on ships: Analysis of three representative cases.,2022,,,https://doi.org/10.1016/j.puhip.2022.100320,2026-05-14,en,pending_review
SR-0475,PubMed,academic,Impacts of cruise ship anchoring during COVID-19: Management failures and lessons learnt.,2022,,,https://doi.org/10.1016/j.ocecoaman.2022.106332,2026-05-14,en,pending_review
SR-0476,PubMed,academic,Mental health needs associated with COVID-19 on the diamond princess cruise ship: A case series recorded by the disaster psychiatric assistance team.,2022,,,https://doi.org/10.1016/j.ijdrr.2022.103250,2026-05-14,en,pending_review
SR-0477,PubMed,academic,"Comparison of effectiveness of enhanced infection countermeasures in different scenarios, using a dynamic-spread-function model.",2022,,,https://doi.org/10.3934/mbe.2022445,2026-05-14,en,pending_review
SR-0478,PubMed,academic,"The value of contact tracing and isolation in mitigation of COVID-19 epidemic: findings from outbreak investigation of COVID-19 onboard Nile Cruise Ship, Egypt, March 2020.",2022,,,https://doi.org/10.1136/bmjgh-2022-008681,2026-05-14,en,pending_review
SR-0479,PubMed,academic,Quantitative Real-Time RT-PCR Systems to Detect SARS-CoV-2.,2022,,,https://doi.org/10.1007/978-1-0716-2395-4_7,2026-05-14,en,pending_review
SR-0480,PubMed,academic,An integrated expert weight determination method for design concept evaluation.,2022,,,https://doi.org/10.1038/s41598-022-10333-6,2026-05-14,en,pending_review
SR-0481,PubMed,academic,"Mosquito surveillance in maritime entry ports in Miami-Dade County, Florida to increase preparedness and allow the early detection of invasive mosquito species.",2022,,,https://doi.org/10.1371/journal.pone.0267224,2026-05-14,en,excluded_irrelevant
SR-0482,PubMed,academic,Transmission data of Covid 19- Lessons of diamond princess cruise ship event.,2021,,,https://doi.org/10.4103/jfmpc.jfmpc_1337_21,2026-05-14,en,pending_review
SR-0483,PubMed,academic,"Lessons learnt from the first large outbreak of COVID-19 in health-care settings in Tasmania, Australia.",2021,,,https://doi.org/10.5365/wpsar.2021.12.4.884,2026-05-14,en,pending_review
SR-0484,PubMed,academic,"Risk factors, immune response and whole-genome sequencing of SARS-CoV-2 in a cruise ship outbreak in Norway.",2022,,,https://doi.org/10.1016/j.ijid.2022.02.025,2026-05-14,en,pending_review
SR-0485,PubMed,academic,Unique Evolution of SARS-CoV-2 in the Second Large Cruise Ship Cluster in Japan.,2022,,,https://doi.org/10.3390/microorganisms10010099,2026-05-14,en,pending_review
SR-0486,PubMed,academic,Stochasticity among Victims of COVID-19 Pandemic.,2022,,,https://doi.org/10.2147/JMDH.S322637,2026-05-14,en,pending_review
SR-0487,PubMed,academic,"A review of COVID-19 transmission dynamics and clinical outcomes on cruise ships worldwide, January to October 2020.",2022,,,https://doi.org/10.2807/1560-7917.ES.2022.27.1.2002113,2026-05-14,en,pending_review
SR-0488,PubMed,academic,"'COVID containers' in pandemic mediascapes: discursive economies of health, bodies, and race in North America.",2022,,,https://doi.org/10.1080/13648470.2021.2012997,2026-05-14,en,pending_review
SR-0489,PubMed,academic,Age dependence of the natural history of infection with severe acute respiratory syndrome coronavirus 2 (SARS-CoV-2): an analysis of Diamond Princess data.,2022,,,https://doi.org/10.1016/j.ijid.2021.12.319,2026-05-14,en,pending_review
SR-0490,PubMed,academic,The utility of SARS-CoV-2-specific serology in COVID-19 diagnosis.,2021,,,https://doi.org/10.1111/1753-6405.13155,2026-05-14,en,pending_review
SR-0491,PubMed,academic,Influenza epidemic on a world cruise ship: A descriptive study.,2021,,,https://doi.org/10.1016/j.tmaid.2021.102176,2026-05-14,en,pending_review
SR-0492,PubMed,academic,[The problems of organization of medical care of crews of passenger ships in the system of inner water transport of the Russian Federation].,2021,,,https://doi.org/10.32687/0869-866X-2021-29-5-1201-1206,2026-05-14,en,pending_review
SR-0493,PubMed,academic,How to control cruise ship disease risk? Inspiration from the research literature.,2021,,,https://doi.org/10.1016/j.marpol.2021.104652,2026-05-14,en,pending_review
SR-0494,PubMed,academic,Performance of anti-SARS-CoV-2 antibody testing in asymptomatic or mild COVID-19 patients: A retrospective study in outbreak on a cruise ship.,2021,,,https://doi.org/10.1371/journal.pone.0257452,2026-05-14,en,pending_review
SR-0495,PubMed,academic,"Acute Gastroenteritis on Cruise Ships - Maritime Illness Database and Reporting System, United States, 2006-2019.",2021,,,https://doi.org/10.15585/mmwr.ss7006a1,2026-05-14,en,pending_review
SR-0496,PubMed,academic,SARS-CoV-2 infections among Australian passengers on the Diamond Princess cruise ship: A retrospective cohort study.,2021,,,https://doi.org/10.1371/journal.pone.0255401,2026-05-14,en,pending_review
SR-0497,PubMed,academic,Dynamic network strategies for SARS-CoV-2 control on a cruise ship.,2021,,,https://doi.org/10.1016/j.epidem.2021.100488,2026-05-14,en,pending_review
SR-0498,PubMed,academic,"Epidemiology of Coronavirus Disease Outbreak among Crewmembers on Cruise Ship, Nagasaki City, Japan, April 2020.",2021,,,https://doi.org/10.3201/eid2709.204596,2026-05-14,en,pending_review
SR-0499,PubMed,academic,Development of Corona-virus-disease-19 Vaccines.,2021,,,https://doi.org/10.31662/jmaj.2021-0068,2026-05-14,en,pending_review
SR-0500,PubMed,academic,[A Report from the Front Line of New Coronavirus Treatment].,2021,,,https://pubmed.ncbi.nlm.nih.gov/34404064/,2026-05-14,en,pending_review
SR-0501,PubMed,academic,Possibility of transmission of severe acute respiratory syndrome coronavirus 2 in a tertiary care hospital setting: A case study.,2020,,,https://doi.org/10.1016/j.infpip.2020.100079,2026-05-14,en,pending_review
SR-0502,PubMed,academic,Influenza-Like Illness Among Personnel Responding to U.S. Quarantine of Cruise Ship Passengers Exposed to SARS-CoV-2.,2022,,,https://doi.org/10.1097/JOM.0000000000002335,2026-05-14,en,pending_review
SR-0503,PubMed,academic,How is the iceberg of COVID-19? Results from a rapid literature review.,2021,,,https://doi.org/10.47176/mjiri.35.77,2026-05-14,en,pending_review
SR-0504,PubMed,academic,Prevalence of COVID-19 and the Continued Citizen-Based Control in Japan.,2021,,,https://doi.org/10.1007/978-3-030-71697-4_2,2026-05-14,en,pending_review
SR-0505,PubMed,academic,Efficacy of Chest Radiography as a Primary Care Triage Tool in Severe Coronavirus Disease.,2021,,,https://doi.org/10.2169/internalmedicine.5205-20,2026-05-14,en,pending_review
SR-0506,PubMed,academic,"Travel medicine meets conservation medicine in St. Kitts: Disinhibition, cognitive-affective inconsistency, and disease risk among vacationers around green monkeys (Chlorocebus sabaeus).",2022,,,https://doi.org/10.1002/ajp.23301,2026-05-14,en,excluded_irrelevant
SR-0507,PubMed,academic,Viral transmission and evolution dynamics of SARS-CoV-2 in shipboard quarantine.,2021,,,https://doi.org/10.2471/BLT.20.255752,2026-05-14,en,pending_review
SR-0508,PubMed,academic,"Clinical characteristics and outcomes of COVID-19 in a low-prevalence, well resourced setting, Sydney, Australia.",2021,,,https://doi.org/10.1111/imj.15445,2026-05-14,en,pending_review
SR-0509,PubMed,academic,Trauma- and stressor-related disorders in survivors from a shipwreck: a short report on forensic implications.,2021,,,https://doi.org/10.1708/3635.36159,2026-05-14,en,excluded_irrelevant
SR-0510,PubMed,academic,The cruise industry and the COVID-19 outbreak.,2020,,,https://doi.org/10.1016/j.trip.2020.100136,2026-05-14,en,pending_review
SR-0511,PubMed,academic,"Detection of SARS-CoV-2 using qRT-PCR in saliva obtained from asymptomatic or mild COVID-19 patients, comparative analysis with matched nasopharyngeal samples.",2021,,,https://doi.org/10.1371/journal.pone.0252964,2026-05-14,en,pending_review
SR-0512,PubMed,academic,Mask-Ematics: Modeling the Effects of Masks in COVID-19 Transmission in High-Risk Environments.,2021,,,https://doi.org/10.3390/epidemiologia2020016,2026-05-14,en,pending_review
SR-0513,PubMed,academic,"Demographics, clinical characteristics and outcomes among 197 patients with COVID-19 in the Gold Coast area.",2021,,,https://doi.org/10.1111/imj.15260,2026-05-14,en,pending_review
SR-0514,PubMed,academic,Shedding of Viable Virus in Asymptomatic SARS-CoV-2 Carriers.,2021,,,https://doi.org/10.1128/mSphere.00019-21,2026-05-14,en,pending_review
SR-0515,PubMed,academic,Estimating COVID-19 mortality in Italy early in the COVID-19 pandemic.,2021,,,https://doi.org/10.1038/s41467-021-22944-0,2026-05-14,en,pending_review
SR-0516,PubMed,academic,Cruise Ship Travel in the Era of Coronavirus Disease 2019 (COVID-19): A Summary of Outbreaks and a Model of Public Health Interventions.,2022,,,https://doi.org/10.1093/cid/ciab433,2026-05-14,en,pending_review
SR-0517,PubMed,academic,A systematic approach to estimating the effectiveness of multi-scale IAQ strategies for reducing the risk of airborne infection of SARS-CoV-2.,2021,,,https://doi.org/10.1016/j.buildenv.2021.107926,2026-05-14,en,pending_review
SR-0518,PubMed,academic,Managing passenger flows for seaborne transportation during COVID-19 pandemic.,2021,,,https://doi.org/10.1093/jtm/taab068,2026-05-14,en,excluded_irrelevant
SR-0519,PubMed,academic,Cruise ship dining experiencescape: The perspective of female cruise travelers in the midst of the COVID-19 pandemic.,2021,,,https://doi.org/10.1016/j.ijhm.2021.102923,2026-05-14,en,pending_review
SR-0520,PubMed,academic,"Successful Control of an Onboard COVID-19 Outbreak Using the Cruise Ship as a Quarantine Facility, Western Australia, Australia.",2021,,,https://doi.org/10.3201/eid2705.204142,2026-05-14,en,pending_review
SR-0521,PubMed,academic,Lack of cross-transmission of SARS-CoV-2 between passenger's cabins on the Diamond Princess cruise ship.,2021,,,https://doi.org/10.1016/j.buildenv.2021.107839,2026-05-14,en,pending_review
SR-0522,PubMed,academic,Association between underlying disease and serious events on a world cruise ship: A prospective cohort study.,2021,,,https://doi.org/10.1016/j.tmaid.2021.102052,2026-05-14,en,excluded_irrelevant
SR-0523,PubMed,academic,Prevention and Control of COVID-19 Pandemic on International Cruise Ships: The Legal Controversies.,2021,,,https://doi.org/10.3390/healthcare9030281,2026-05-14,en,pending_review
SR-0524,PubMed,academic,Estimation of the SARS-CoV-2 transmission probability in confined traffic space and evaluation of the mitigation strategies.,2021,,,https://doi.org/10.1007/s11356-021-13617-y,2026-05-14,en,pending_review
SR-0525,PubMed,academic,"Erratum: Chest CT Findings in Cases from the Cruise Ship ""Diamond Princess"" with Coronavirus Disease 2019 (COVID-19).",2020,,,https://doi.org/10.1148/ryct.2020204002,2026-05-14,en,pending_review
SR-0526,PubMed,academic,Chest CT Findings in Cases from the Cruise Ship Diamond Princess with Coronavirus Disease (COVID-19).,2020,,,https://doi.org/10.1148/ryct.2020200110,2026-05-14,en,pending_review
SR-0527,PubMed,academic,Daily briefing: Cruise ship coronavirus outbreak gave scientists 'an ideal experiment'.,2020,,,https://doi.org/10.1038/d41586-020-00932-6,2026-05-14,en,pending_review
SR-0528,PubMed,academic,"[Field investigations of SARS-CoV-2-outbreaks in Germany by the Robert Koch Institute, February-October 2020].",2021,,,https://doi.org/10.1007/s00103-021-03296-y,2026-05-14,en,pending_review
SR-0529,PubMed,academic,Taking account of asymptomatic infections: A modeling study of the COVID-19 outbreak on the Diamond Princess cruise ship.,2021,,,https://doi.org/10.1371/journal.pone.0248273,2026-05-14,en,pending_review
SR-0530,PubMed,academic,Lessons learned from keeping NSW's prisons COVID-free.,2021,,,https://doi.org/10.1108/IJPH-09-2020-0073,2026-05-14,en,pending_review
SR-0531,PubMed,academic,"COVID-19: cross-border contact tracing in Germany, February to April 2020.",2021,,,https://doi.org/10.2807/1560-7917.ES.2021.26.10.2001236,2026-05-14,en,pending_review
SR-0532,PubMed,academic,The dynamic change of antibody index against Covid-19 is a powerful diagnostic tool for the early phase of the infection and salvage PCR assay errors.,2021,,,https://doi.org/10.1016/j.jmii.2020.12.009,2026-05-14,en,pending_review
SR-0533,PubMed,academic,Transmission dynamics of SARS-CoV-2 on the Diamond Princess uncovered using viral genome sequence analysis.,2021,,,https://doi.org/10.1016/j.gene.2021.145496,2026-05-14,en,pending_review
SR-0534,PubMed,academic,Symptoms and laboratory manifestations of mild COVID-19 in a repatriated cruise ship cohort.,2021,,,https://doi.org/10.1017/S0950268821000315,2026-05-14,en,pending_review
SR-0535,PubMed,academic,Mechanistic transmission modeling of COVID-19 on the Diamond Princess cruise ship demonstrates the importance of aerosol transmission.,2021,,,https://doi.org/10.1073/pnas.2015482118,2026-05-14,en,pending_review
SR-0536,PubMed,academic,Exploring geographical distribution of transportation research themes related to COVID-19 using text network approach.,2021,,,https://doi.org/10.1016/j.scs.2021.102729,2026-05-14,en,pending_review
SR-0537,PubMed,academic,The Bayesian Susceptible-Exposed-Infected-Recovered model for the outbreak of COVID-19 on the Diamond Princess Cruise Ship.,2021,,,https://doi.org/10.1007/s00477-020-01968-w,2026-05-14,en,pending_review
SR-0538,PubMed,academic,"Use of US Public Health Travel Restrictions during COVID-19 Outbreak on Diamond Princess Ship, Japan, February-April 2020.",2021,,,https://doi.org/10.3201/eid2703.203820,2026-05-14,en,pending_review
SR-0539,PubMed,academic,Travel-related control measures to contain the COVID-19 pandemic: a rapid review.,2020,,,https://doi.org/10.1002/14651858.CD013717,2026-05-14,en,excluded_irrelevant
SR-0540,PubMed,academic,Reconstitution of Oseltamivir Capsules for Pediatric Use on a Long-Term Cruise: A Treatment Option.,2021,,,https://doi.org/10.1016/j.wem.2020.09.008,2026-05-14,en,pending_review
SR-0541,PubMed,academic,The psychological effects of COVID-19 on hospital workers at the beginning of the outbreak with a large disease cluster on the Diamond Princess cruise ship.,2021,,,https://doi.org/10.1371/journal.pone.0245294,2026-05-14,en,pending_review
SR-0542,PubMed,academic,Four Cases of Coronavirus Disease 2019 Transferred from a Cruise Ship.,2021,,,https://doi.org/10.2169/internalmedicine.4939-20,2026-05-14,en,pending_review
SR-0543,PubMed,academic,"Epidemiology and quarantine measures during COVID-19 outbreak on the cruise ship Diamond Princess docked at Yokohama, Japan in 2020: a descriptive analysis.",2020,,,https://doi.org/10.35772/ghm.2020.01037,2026-05-14,en,pending_review
SR-0544,PubMed,academic,"Challenges of COVID-19 outbreak on the cruise ship Diamond Princess docked at Yokohama, Japan: a real-world story.",2020,,,https://doi.org/10.35772/ghm.2020.01038,2026-05-14,en,pending_review
SR-0545,PubMed,academic,"The Perspective of Coronavirus Disease Outbreak: Epidemiology, Transmission, and Possible Treatment.",2021,,,https://doi.org/10.1089/vbz.2020.2678,2026-05-14,en,pending_review
SR-0546,PubMed,academic,Global health governance for travel health: lessons learned from the coronavirus disease 2019 (COVID-19) outbreaks in large cruise ships.,2020,,,https://doi.org/10.1016/j.glohj.2020.11.006,2026-05-14,en,pending_review
SR-0547,PubMed,academic,Japan DMAT operations in the Diamond Princess cruise ship: COVID-19 medical operation.,,,,https://doi.org/10.5055/ajdm.2020.0369,2026-05-14,en,pending_review
SR-0548,PubMed,academic,Lessons learned for COVID-19 in the cruise ship industry.,2020,,,https://doi.org/10.1177/0748233720964631,2026-05-14,en,pending_review
SR-0549,PubMed,academic,How many COVID-19 PCR positive individuals do we expect to see on the Diamond Princess cruise ship?,2020,,,https://doi.org/10.1101/2020.11.14.20230938,2026-05-14,en,pending_review
SR-0550,PubMed,academic,Reproductive number of coronavirus: A systematic review and meta-analysis based on global level evidence.,2020,,,https://doi.org/10.1371/journal.pone.0242128,2026-05-14,en,pending_review
SR-0551,PubMed,academic,Lessons Learned From a COVID-19 Biohazard Spill During Swabbing at a Quarantine Facility.,2022,,,https://doi.org/10.1017/dmp.2020.436,2026-05-14,en,pending_review
SR-0552,PubMed,academic,Clinical and Microbiological Features of Asymptomatic SARS-CoV-2 Infection and Mild COVID-19 in Seven Crewmembers of a Cruise Ship.,2020,,,https://doi.org/10.2169/internalmedicine.5601-20,2026-05-14,en,pending_review
SR-0553,PubMed,academic,Evaluating the Need for Routine COVID-19 Testing of Emergency Department Staff: Quantitative Analysis.,2020,,,https://doi.org/10.2196/20260,2026-05-14,en,pending_review
SR-0554,PubMed,academic,Flight-Associated Transmission of Severe Acute Respiratory Syndrome Coronavirus 2 Corroborated by Whole-Genome Sequencing.,2020,,,https://doi.org/10.3201/eid2612.203910,2026-05-14,en,pending_review
SR-0555,PubMed,academic,Fear and Trembling of Cruise Ship Employees: Psychological Effects of the COVID-19 Pandemic.,2020,,,https://doi.org/10.3390/ijerph17186741,2026-05-14,en,pending_review
SR-0556,PubMed,academic,Dynamic Network Strategies for SARS-CoV-2 Control on a Cruise Ship.,2020,,,https://doi.org/10.1101/2020.08.26.20182766,2026-05-14,en,pending_review
SR-0557,PubMed,academic,Corrigendum to: Environmental Sampling for Severe Acute Respiratory Syndrome Coronavirus 2 During a COVID-19 Outbreak on the Diamond Princess Cruise Ship.,2021,,,https://doi.org/10.1093/infdis/jiaa525,2026-05-14,en,pending_review
SR-0558,PubMed,academic,COVID-19 outbreak on the Costa Atlantica cruise ship: use of a remote health monitoring system.,2021,,,https://doi.org/10.1093/jtm/taaa163,2026-05-14,en,pending_review
SR-0559,PubMed,academic,Variation and multilevel selection of SARS-CoV-2.,2020,,,https://doi.org/10.1111/evo.14080,2026-05-14,en,pending_review
SR-0560,PubMed,academic,Tracking COVID-19: There's an App for That.,2020,,,https://doi.org/10.1109/MPULS.2020.3008356,2026-05-14,en,pending_review
SR-0561,PubMed,academic,A comparative analysis of control measures on-board ship against COVID-19 and similar novel viral respiratory disease outbreak: Quarantine ship or disembark suspects?,2021,,,https://doi.org/10.1016/j.mjafi.2020.06.003,2026-05-14,en,pending_review
SR-0562,PubMed,academic,Fighting COVID-19 through Government Initiatives and Collaborative Governance: The Taiwan Experience.,2020,,,https://doi.org/10.1111/puar.13239,2026-05-14,en,pending_review
SR-0563,PubMed,academic,An emergency responding mechanism for cruise epidemic prevention-taking COVID-19 as an example.,2020,,,https://doi.org/10.1016/j.marpol.2020.104093,2026-05-14,en,pending_review
SR-0564,PubMed,academic,The contribution of asymptomatic SARS-CoV-2 infections to transmission on the Diamond Princess cruise ship.,2020,,,https://doi.org/10.7554/eLife.58699,2026-05-14,en,pending_review
SR-0565,PubMed,academic,"Epidemiology of COVID-19 Outbreak on Cruise Ship Quarantined at Yokohama, Japan, February 2020.",2020,,,https://doi.org/10.3201/eid2611.201165,2026-05-14,en,pending_review
SR-0566,PubMed,academic,"Renin-angiotensin system inhibitors and the severity of coronavirus disease 2019 in Kanagawa, Japan: a retrospective cohort study.",2020,,,https://doi.org/10.1038/s41440-020-00535-8,2026-05-14,en,pending_review
SR-0567,PubMed,academic,Emergence of coronavirus disease 2019 (COVID-19) in Austria.,2020,,,https://doi.org/10.1007/s00508-020-01723-9,2026-05-14,en,pending_review
SR-0568,PubMed,academic,Comparison of the Clinical Course of COVID-19 Pneumonia and Acute Respiratory Distress Syndrome in 2 Passengers from the Cruise Ship Diamond Princess in February 2020.,2020,,,https://doi.org/10.12659/AJCR.926835,2026-05-14,en,pending_review
SR-0569,PubMed,academic,Airway Hygiene in COVID-19 Pneumonia: Treatment Responses of 3 Critically Ill Cruise Ship Employees.,2020,,,https://doi.org/10.12659/AJCR.926596,2026-05-14,en,pending_review
SR-0570,PubMed,academic,Insights on Coronavirus Disease 2019 Epidemiology From a Historic Cruise Ship Quarantine.,2021,,,https://doi.org/10.1093/cid/ciaa1214,2026-05-14,en,excluded_irrelevant
SR-0571,PubMed,academic,Coronavirus Disease 2019 (COVID-19) in Americans Aboard the Diamond Princess Cruise Ship.,2021,,,https://doi.org/10.1093/cid/ciaa1180,2026-05-14,en,pending_review
SR-0572,PubMed,academic,An Experience of the Ibaraki Disaster Psychiatric Assistance Team on the Diamond Princess Cruise Ship: Mental Health Issues Induced by COVID-19.,2020,,,https://doi.org/10.1017/dmp.2020.305,2026-05-14,en,pending_review
SR-0573,PubMed,academic,Minimizing disease spread on a quarantined cruise ship: A model of COVID-19 with asymptomatic infections.,2020,,,https://doi.org/10.1016/j.mbs.2020.108442,2026-05-14,en,pending_review
SR-0574,PubMed,academic,"Quarantine measures for coronavirus disease 2019 on a cruise ship, Taiwan, February 2020.",2020,,,https://doi.org/10.1016/j.ijid.2020.08.011,2026-05-14,en,pending_review
SR-0575,PubMed,academic,COVID-19 outbreak on the Diamond Princess Cruise Ship in February 2020.,2020,,,https://doi.org/10.1002/jgf2.326,2026-05-14,en,pending_review
SR-0576,PubMed,academic,Haplotype networks of SARS-CoV-2 infections in the Diamond Princess cruise ship outbreak.,2020,,,https://doi.org/10.1073/pnas.2006824117,2026-05-14,en,pending_review
SR-0577,PubMed,academic,Environmental Sampling for Severe Acute Respiratory Syndrome Coronavirus 2 During a COVID-19 Outbreak on the Diamond Princess Cruise Ship.,2020,,,https://doi.org/10.1093/infdis/jiaa437,2026-05-14,en,pending_review
SR-0578,PubMed,academic,[Retrospective analysis of the on-site treatment of the coronavirus disease 2019 epidemic on the Costa Crociere cruise].,2020,,,https://doi.org/10.3760/cma.j.cn121430-20200223-00162,2026-05-14,en,pending_review
SR-0579,PubMed,academic,"Cruise Ships, Nursing Homes, and Prisons as COVID-19 Epicenters: A ""Wicked Problem"" With Breakthrough Solutions?",2020,,,https://doi.org/10.1016/j.jamda.2020.04.020,2026-05-14,en,pending_review
SR-0580,PubMed,academic,Detection of SARS-CoV-2 RNA in commercial passenger aircraft and cruise ship wastewater: a surveillance tool for assessing the presence of COVID-19 infected travellers.,2020,,,https://doi.org/10.1093/jtm/taaa116,2026-05-14,en,pending_review
SR-0581,PubMed,academic,Asymptomatic COVID-19 or are we missing something?,2020,,,https://doi.org/10.33321/cdi.2020.44.55,2026-05-14,en,pending_review
SR-0582,PubMed,academic,"The first 2 months of COVID-19 contact tracing in the Northern Territory of Australia, March-April 2020.",2020,,,https://doi.org/10.33321/cdi.2020.44.53,2026-05-14,en,pending_review
SR-0583,PubMed,academic,Underperformance of Reverse-Transcriptase Polymerase Chain Reaction in Japan and Potential Implications From Diamond Princess Cruise Ship and Other Countries During the Ongoing COVID-19 Pandemic.,2020,,,https://doi.org/10.34172/ijhpm.2020.109,2026-05-14,en,pending_review
SR-0584,PubMed,academic,SARS-CoV-2 Genome Analysis of Japanese Travelers in Nile River Cruise.,2020,,,https://doi.org/10.3389/fmicb.2020.01316,2026-05-14,en,excluded_irrelevant
SR-0585,PubMed,academic,Three Novel COVID-19 Pneumonia Cases Successfully Treated With Lopinavir/Ritonavir.,2020,,,https://doi.org/10.3389/fmed.2020.00241,2026-05-14,en,pending_review
SR-0586,PubMed,academic,Clinical characteristics of the coronavirus disease 2019 (COVID-19) outbreak on a cruise ship.,2020,,,https://doi.org/10.1016/j.jiac.2020.06.010,2026-05-14,en,pending_review
SR-0587,PubMed,academic,Clinical course of a critically ill patient with severe acute respiratory syndrome coronavirus 2 (SARS-CoV-2).,2020,,,https://doi.org/10.1007/s10047-020-01183-y,2026-05-14,en,pending_review
SR-0588,PubMed,academic,"Descriptive study of COVID-19 outbreak among passengers and crew on Diamond Princess cruise ship, Yokohama Port, Japan, 20 January to 9 February 2020.",2020,,,https://doi.org/10.2807/1560-7917.ES.2020.25.23.2000272,2026-05-14,en,pending_review
SR-0589,PubMed,academic,Clinical characteristics of COVID-19 in 104 people with SARS-CoV-2 infection on the Diamond Princess cruise ship: a retrospective analysis.,2020,,,https://doi.org/10.1016/S1473-3099(20)30482-5,2026-05-14,en,pending_review
SR-0590,PubMed,academic,SARS-CoV-2 shedding and seroconversion among passengers quarantined after disembarking a cruise ship: a case series.,2020,,,https://doi.org/10.1016/S1473-3099(20)30364-9,2026-05-14,en,pending_review
SR-0591,PubMed,academic,"Duration of viral shedding in asymptomatic or mild cases of novel coronavirus disease 2019 (COVID-19) from a cruise ship: A single-hospital experience in Tokyo, Japan.",2020,,,https://doi.org/10.1016/j.ijid.2020.06.020,2026-05-14,en,pending_review
SR-0592,PubMed,academic,Japanese citizens' behavioral changes and preparedness against COVID-19: An online survey during the early phase of the pandemic.,2020,,,https://doi.org/10.1371/journal.pone.0234292,2026-05-14,en,pending_review
SR-0593,PubMed,academic,Genomic surveillance reveals multiple introductions of SARS-CoV-2 into Northern California.,2020,,,https://doi.org/10.1126/science.abb9263,2026-05-14,en,pending_review
SR-0594,PubMed,academic,A Genomic Survey of SARS-CoV-2 Reveals Multiple Introductions into Northern California without a Predominant Lineage.,2020,,,https://doi.org/10.1101/2020.03.27.20044925,2026-05-14,en,pending_review
SR-0595,PubMed,academic,CrAssphage as a Novel Tool to Detect Human Fecal Contamination on Environmental Surfaces and Hands.,2020,,,https://doi.org/10.3201/eid2608.200346,2026-05-14,en,excluded_irrelevant
SR-0596,PubMed,academic,Medical Transport for 769 COVID-19 Patients on a Cruise Ship by Japan Disaster Medical Assistance Team.,2020,,,https://doi.org/10.1017/dmp.2020.187,2026-05-14,en,pending_review
SR-0597,PubMed,academic,"Evidence for Limited Early Spread of COVID-19 Within the United States, January-February 2020.",2020,,,https://doi.org/10.15585/mmwr.mm6922e1,2026-05-14,en,pending_review
SR-0598,PubMed,academic,COVID-19: in the footsteps of Ernest Shackleton.,2020,,,https://doi.org/10.1136/thoraxjnl-2020-215091,2026-05-14,en,pending_review
SR-0599,PubMed,academic,The COVID-19 Infection in Italy: A Statistical Study of an Abnormally Severe Disease.,2020,,,https://doi.org/10.3390/jcm9051564,2026-05-14,en,pending_review
SR-0600,PubMed,academic,Clinical course of 2019 novel coronavirus disease (COVID-19) in individuals present during the outbreak on the Diamond Princess cruise ship.,2020,,,https://doi.org/10.1016/j.jiac.2020.05.005,2026-05-14,en,pending_review
SR-0601,PubMed,academic,Presumed COVID-19 index case on diamond princess cruise ship and evacuees to Hong Kong.,2020,,,https://doi.org/10.1093/jtm/taaa073,2026-05-14,en,pending_review
SR-0602,PubMed,academic,From plague to coronavirus: vessel trajectory data from ship automatic identification systems for epidemic modeling.,2020,,,https://doi.org/10.1093/jtm/taaa072,2026-05-14,en,excluded_irrelevant
SR-0603,PubMed,academic,"Using the contact network model and Metropolis-Hastings sampling to reconstruct the COVID-19 spread on the ""Diamond Princess"".",2020,,,https://doi.org/10.1016/j.scib.2020.04.043,2026-05-14,en,pending_review
SR-0604,PubMed,academic,Preparation for Quarantine on the Cruise Ship Diamond Princess in Japan due to COVID-19.,2020,,,https://doi.org/10.2196/18821,2026-05-14,en,pending_review
SR-0605,PubMed,academic,The 2019 novel coronavirus disease (COVID-19) pandemic: A review of the current evidence.,,,,https://doi.org/10.4103/ijmr.IJMR_519_20,2026-05-14,en,pending_review
SR-0606,PubMed,academic,Airborne route and bad use of ventilation systems as non-negligible factors in SARS-CoV-2 transmission.,2020,,,https://doi.org/10.1016/j.mehy.2020.109781,2026-05-14,en,pending_review
SR-0607,PubMed,academic,"Containing COVID-19 Among 627,386 Persons in Contact With the Diamond Princess Cruise Ship Passengers Who Disembarked in Taiwan: Big Data Analytics.",2020,,,https://doi.org/10.2196/19540,2026-05-14,en,pending_review
SR-0608,PubMed,academic,"Notes from the Field: Multiple Cruise Ship Outbreaks of Norovirus Associated with Frozen Fruits and Berries - United States, 2019.",2020,,,https://doi.org/10.15585/mmwr.mm6916a3,2026-05-14,en,pending_review
SR-0609,PubMed,academic,Veno-venous extracorporeal membrane oxygenation for severe pneumonia: COVID-19 case in Japan.,2020,,,https://doi.org/10.1002/ams2.509,2026-05-14,en,pending_review
SR-0610,PubMed,academic,COVID-19 first stage in Japan - how we treat 'Diamond Princess Cruise Ship' with 3700 passengers?,2020,,,https://doi.org/10.1002/ams2.506,2026-05-14,en,pending_review
SR-0611,PubMed,academic,Environmental cleaning is effective for the eradication of severe acute respiratory syndrome coronavirus 2 (SARS-CoV-2) virus in contaminated hospital rooms: A patient from the Diamond Princess cruise ship.,2020,,,https://doi.org/10.1017/ice.2020.144,2026-05-14,en,pending_review
SR-0612,PubMed,academic,SARS-CoV-2 and Legionella co-infection in a person returning from a Nile cruise.,2020,,,https://doi.org/10.1093/jtm/taaa053,2026-05-14,en,excluded_irrelevant
SR-0613,PubMed,academic,The Petri-Dish Effect.,2020,,,https://doi.org/10.1017/dmp.2020.67,2026-05-14,en,excluded_irrelevant
SR-0614,PubMed,academic,"Estimating the infection and case fatality ratio for coronavirus disease (COVID-19) using age-adjusted data from the outbreak on the Diamond Princess cruise ship, February 2020.",2020,,,https://doi.org/10.2807/1560-7917.ES.2020.25.12.2000256,2026-05-14,en,pending_review
SR-0615,PubMed,academic,What the cruise-ship outbreaks reveal about COVID-19.,2020,,,https://doi.org/10.1038/d41586-020-00885-w,2026-05-14,en,excluded_irrelevant
SR-0616,PubMed,academic,"Public Health Responses to COVID-19 Outbreaks on Cruise Ships - Worldwide, February-March 2020.",2020,,,https://doi.org/10.15585/mmwr.mm6912e3,2026-05-14,en,pending_review
SR-0617,PubMed,academic,Coronavirus (Covid-19) outbreak on the cruise ship Diamond Princess.,2020,,,https://doi.org/10.5603/MH.2020.0003,2026-05-14,en,pending_review
SR-0618,PubMed,academic,Chronology of COVID-19 Cases on the Diamond Princess Cruise Ship and Ethical Considerations: A Report From Japan.,2020,,,https://doi.org/10.1017/dmp.2020.50,2026-05-14,en,pending_review
SR-0619,PubMed,academic,"Initial Investigation of Transmission of COVID-19 Among Crew Members During Quarantine of a Cruise Ship - Yokohama, Japan, February 2020.",2020,,,https://doi.org/10.15585/mmwr.mm6911e2,2026-05-14,en,pending_review
SR-0620,PubMed,academic,"Estimating the asymptomatic proportion of coronavirus disease 2019 (COVID-19) cases on board the Diamond Princess cruise ship, Yokohama, Japan, 2020.",2020,,,https://doi.org/10.2807/1560-7917.ES.2020.25.10.2000180,2026-05-14,en,pending_review
SR-0621,PubMed,academic,Case-Fatality Risk Estimates for COVID-19 Calculated by Using a Lag Time for Fatality.,2020,,,https://doi.org/10.3201/eid2606.200320,2026-05-14,en,pending_review
SR-0622,PubMed,academic,Backcalculating the Incidence of Infection with COVID-19 on the Diamond Princess.,2020,,,https://doi.org/10.3390/jcm9030657,2026-05-14,en,pending_review
SR-0623,PubMed,academic,"COVID-19 in 2 Persons with Mild Upper Respiratory Tract Symptoms on a Cruise Ship, Japan.",2020,,,https://doi.org/10.3201/eid2606.200452,2026-05-14,en,pending_review
SR-0624,PubMed,academic,COVID-19 outbreak on the Diamond Princess cruise ship: estimating the epidemic potential and effectiveness of public health countermeasures.,2020,,,https://doi.org/10.1093/jtm/taaa030,2026-05-14,en,pending_review
SR-0625,PubMed,academic,Estimation of the reproductive number of novel coronavirus (COVID-19) and the probable outbreak size on the Diamond Princess cruise ship: A data-driven analysis.,2020,,,https://doi.org/10.1016/j.ijid.2020.02.033,2026-05-14,en,pending_review
SR-0626,PubMed,academic,Norovirus-induced Gastroparesis.,2019,,,https://doi.org/10.7759/cureus.6283,2026-05-14,en,pending_review
SR-0627,PubMed,academic,Help Your Patients Stay Healthy on Their Cruise Vacation: Suggestions for Primary Care Physicians from a Cruise Ship Physician.,2019,,,https://doi.org/10.7812/TPP/18-303,2026-05-14,en,excluded_irrelevant
SR-0628,PubMed,academic,Subcutaneous Sparganosis of the Breast.,2018,,,https://pubmed.ncbi.nlm.nih.gov/30666275/,2026-05-14,en,pending_review
SR-0629,PubMed,academic,Patterns of injury amongst cruise ship passengers requiring hospitalisation.,2018,,,https://doi.org/10.5603/IMH.2018.0039,2026-05-14,en,excluded_irrelevant
SR-0630,PubMed,academic,Gastroenteritis outbreaks on cruise ships: are sanitation inspection scores a true index of risk?,2018,,,https://doi.org/10.5603/IMH.2018.0037,2026-05-14,en,pending_review
SR-0631,PubMed,academic,"Outbreak of Acute Gastroenteritis Caused by Norovirus Genogroup II Attributed to Contaminated Cold Dishes on a Cruise Ship in Chongqing, China, 2017.",2018,,,https://doi.org/10.3390/ijerph15122823,2026-05-14,en,pending_review
SR-0632,PubMed,academic,Estimating the incidence of norovirus acute gastroenteritis among US and European international travelers to areas of moderate to high risk of traveler's diarrhea: a prospective cohort study protocol.,2018,,,https://doi.org/10.1186/s12879-018-3461-6,2026-05-14,en,pending_review
SR-0633,PubMed,academic,Cruise ship pathologies in remote regions.,2018,,,https://doi.org/10.5603/IMH.2018.0012,2026-05-14,en,pending_review
SR-0634,PubMed,academic,Fine grained compositional analysis of Port Everglades Inlet microbiome using high throughput DNA sequencing.,2018,,,https://doi.org/10.7717/peerj.4671,2026-05-14,en,pending_review
SR-0635,PubMed,academic,Quantifying the relative effects of environmental and direct transmission of norovirus.,2018,,,https://doi.org/10.1098/rsos.170602,2026-05-14,en,pending_review
SR-0636,PubMed,academic,"Maritime varicella illness and death reporting, U.S., 2010-2015.",2018,,,https://doi.org/10.1016/j.tmaid.2018.04.001,2026-05-14,en,pending_review
SR-0637,PubMed,academic,"Increase in Hospital Admissions for Severe Influenza A/B among Travelers on Cruise Ships to Alaska, 2015.",2018,,,https://doi.org/10.3201/eid2403.171378,2026-05-14,en,pending_review
SR-0638,PubMed,academic,Diarrhea and related factors among passengers on world cruises departing from Japan.,2018,,,https://doi.org/10.1016/j.tmaid.2018.01.004,2026-05-14,en,excluded_irrelevant
SR-0639,PubMed,academic,High-Quality Whole-Genome Sequences for 21 Enterotoxigenic Escherichia coli Strains Generated with PacBio Sequencing.,2018,,,https://doi.org/10.1128/genomeA.01311-17,2026-05-14,en,pending_review
SR-0640,PubMed,academic,Practicing medicine on the high seas: a review of South African doctors' careers in cruise ship medicine.,2018,,,https://doi.org/10.5603/IMH.2018.0027,2026-05-14,en,excluded_irrelevant
SR-0641,PubMed,academic,Gastroenteritis outbreaks on cruise ships: contributing factors and thresholds for early outbreak detection.,2017,,,https://doi.org/10.2807/1560-7917.ES.2017.22.45.16-00576,2026-05-14,en,pending_review
SR-0642,PubMed,academic,"Laboratory-based respiratory virus surveillance pilot project on select cruise ships in Alaska, 2013-15.",2017,,,https://doi.org/10.1093/jtm/tax069,2026-05-14,en,pending_review
SR-0643,PubMed,academic,"Rapid Risk Assessment Report for Schistosomiasis Epidemic in Jianli County Caused by the Sunk ""Oriental Star"" Cruise Ship.",2018,,,https://doi.org/10.1017/dmp.2017.28,2026-05-14,en,pending_review
SR-0644,PubMed,academic,Complete Genome Sequence of Human Norovirus GII.Pe-GII.4 Sydney from the United States.,2017,,,https://doi.org/10.1128/genomeA.00159-17,2026-05-14,en,pending_review
SR-0645,PubMed,academic,Travellers and influenza: risks and prevention.,2017,,,https://doi.org/10.1093/jtm/taw078,2026-05-14,en,pending_review
SR-0646,PubMed,academic,Acute gastrointestinal haemorrhage on board a cruise ship in the Antarctic Peninsula.,2016,,,https://doi.org/10.5603/IMH.2016.0040,2026-05-14,en,excluded_irrelevant
SR-0647,PubMed,academic,"Norovirus GII.Pe Genotype: Tracking a Foodborne Outbreak on a Cruise Ship Through Molecular Epidemiology, Brazil, 2014.",2017,,,https://doi.org/10.1007/s12560-016-9272-2,2026-05-14,en,pending_review
SR-0648,PubMed,academic,Contact infection of infectious disease onboard a cruise ship.,2016,,,https://doi.org/10.1038/srep38790,2026-05-14,en,pending_review
SR-0649,PubMed,academic,Development of a Nanobody-Based Lateral Flow Immunoassay for Detection of Human Norovirus.,2016,,,https://doi.org/10.1128/mSphere.00219-16,2026-05-14,en,pending_review
SR-0650,PubMed,academic,Understanding the Outcome in the Chinese Changjiang Disaster in 2015: A Retrospective Study.,2017,,,https://doi.org/10.1016/j.jemermed.2016.08.013,2026-05-14,en,pending_review
SR-0651,PubMed,academic,Air travel-related symptomatic deep venous thrombosis in cruise ship passengers.,2016,,,https://doi.org/10.5603/IMH.2016.0014,2026-05-14,en,excluded_irrelevant
SR-0652,PubMed,academic,"Burn Care on Cruise Ships-Epidemiology, international regulations, risk situation, disaster management and qualification of the ship's doctor.",2016,,,https://doi.org/10.1016/j.burns.2016.01.032,2026-05-14,en,excluded_irrelevant
SR-0653,PubMed,academic,Respiratory infections and gastrointestinal illness on a cruise ship: A three-year prospective study.,2016,,,https://doi.org/10.1016/j.tmaid.2016.05.019,2026-05-14,en,pending_review
SR-0654,PubMed,academic,An epidemiological study of rates of illness in passengers and crew at a busy Caribbean cruise port.,2016,,,https://doi.org/10.1186/s12889-016-2991-3,2026-05-14,en,pending_review
SR-0655,PubMed,academic,Mortality of German travellers on passenger vessels.,2016,,,https://doi.org/10.1093/jtm/tav003,2026-05-14,en,excluded_irrelevant
SR-0656,PubMed,academic,"Acute Gastroenteritis on Cruise Ships - United States, 2008-2014.",2016,,,https://doi.org/10.15585/mmwr.mm6501a1,2026-05-14,en,pending_review
SR-0657,PubMed,academic,A three-year follow-up on injuries sustained by cruise ship passengers and crew treated at the Orthopaedic and Traumatology Department at Dubrovnik County Hospital.,2015,,,https://doi.org/10.1016/j.injury.2015.10.039,2026-05-14,en,excluded_irrelevant
SR-0658,PubMed,academic,"An outbreak of multiple norovirus strains on a cruise ship in China, 2014.",2016,,,https://doi.org/10.1111/jam.12978,2026-05-14,en,pending_review
SR-0659,PubMed,academic,Infections on Cruise Ships.,2015,,,https://doi.org/10.1128/microbiolspec.IOL5-0007-2015,2026-05-14,en,pending_review
SR-0660,PubMed,academic,"Extensive Nosocomial Transmission of Measles Originating in Cruise Ship Passenger, Sardinia, Italy, 2014.",2015,,,https://doi.org/10.3201/eid2108.141105,2026-05-14,en,pending_review
SR-0661,PubMed,academic,Evaluation of a New Environmental Sampling Protocol for Detection of Human Norovirus on Inanimate Surfaces.,2015,,,https://doi.org/10.1128/AEM.01657-15,2026-05-14,en,pending_review
SR-0662,PubMed,academic,Determinants of injuries in passenger vessel accidents.,2015,,,https://doi.org/10.1016/j.aap.2015.05.025,2026-05-14,en,excluded_irrelevant
SR-0663,PubMed,academic,Influenza Outbreaks Among Passengers and Crew on Two Cruise Ships: A Recent Account of Preparedness and Response to an Ever-Present Challenge.,2015,,,https://doi.org/10.1111/jtm.12215,2026-05-14,en,pending_review
SR-0664,PubMed,academic,Penile ulceration caused by a foreign body reaction in a crew member on board a cruise ship.,2015,,,https://doi.org/10.5603/IMH.2015.0008,2026-05-14,en,excluded_irrelevant
SR-0665,PubMed,academic,Consumer education needed on norovirus prevention and control: findings from a nationally representative survey of U.S. adults.,2015,,,https://doi.org/10.4315/0362-028X.JFP-14-313,2026-05-14,en,pending_review
SR-0666,PubMed,academic,Treatment and prevention of infection following bites of the Antarctic fur seal (Arctocephalus gazella).,2015,,,https://doi.org/10.2147/OAEM.S75442,2026-05-14,en,pending_review
SR-0667,PubMed,academic,Qualification of ship doctors: a German approach.,2014,,,https://doi.org/10.5603/IMH.2014.0035,2026-05-14,en,excluded_irrelevant
SR-0668,PubMed,academic,"Draft Genome Sequence of C:P1.5-1,10-8:F3-6:ST-11 Meningococcal Clinical Isolate Associated with a Cluster on a Cruise Ship.",2014,,,https://doi.org/10.1128/genomeA.01263-14,2026-05-14,en,pending_review
SR-0669,PubMed,academic,"Measles associated with international travel in the region of the Americas, Australia and Europe, 2001-2013: a systematic review.",2015,,,https://doi.org/10.1016/j.tmaid.2014.10.022,2026-05-14,en,pending_review
SR-0670,PubMed,academic,"Acute gastroenteritis, video camera and cruise ship.",2014,,,https://doi.org/10.5603/IMH.2014.0021,2026-05-14,en,pending_review
SR-0671,PubMed,academic,Identification of proteolytic bacteria from the Arctic Chukchi Sea expedition cruise and characterization of cold-active proteases.,2014,,,https://doi.org/10.1007/s12275-014-4226-6,2026-05-14,en,excluded_irrelevant
SR-0672,PubMed,academic,"Influenza B outbreak on a cruise ship off the São Paulo Coast, Brazil.",2014,,,https://doi.org/10.1111/jtm.12132,2026-05-14,en,pending_review
SR-0673,PubMed,academic,Molecular characterization of influenza B virus outbreak on a cruise ship in Brazil 2012.,2014,,,https://doi.org/10.1590/s0036-46652014000300001,2026-05-14,en,pending_review
SR-0674,PubMed,academic,Authors reply: measles on the cruise ship: links with virus spreading into an emergency department in Southern Italy.,2014,,,https://doi.org/10.2807/1560-7917.es2014.19.19.20803,2026-05-14,en,pending_review
SR-0675,PubMed,academic,Letter to the editor: measles on the cruise ship: links with virus spreading into an emergency department in Southern Italy.,2014,,,https://doi.org/10.2807/1560-7917.es2014.19.19.20800,2026-05-14,en,pending_review
SR-0676,PubMed,academic,Norovirus outbreaks on commercial cruise ships: a systematic review and new targets for the public health agenda.,2014,,,https://doi.org/10.1007/s12560-014-9145-5,2026-05-14,en,pending_review
SR-0677,PubMed,academic,Pattern of passenger injury and illness on expedition cruise ships to Antarctica.,2014,,,https://doi.org/10.1111/jtm.12126,2026-05-14,en,pending_review
SR-0678,PubMed,academic,Author's reply: measles on a cruise ship--links with the outbreak in the Philippines.,2014,,,https://doi.org/10.2807/1560-7917.es2014.19.15.20773,2026-05-14,en,pending_review
SR-0679,PubMed,academic,Measles on a cruise ship: links with the outbreak in the Philippines.,2014,,,https://doi.org/10.2807/1560-7917.es2014.19.15.20774,2026-05-14,en,pending_review
SR-0680,PubMed,academic,Molecular surveillance of hepatitis A virus in Argentina: first subgenotype IB detected in a traveler.,2014,,,https://pubmed.ncbi.nlm.nih.gov/24756019/,2026-05-14,en,excluded_irrelevant
SR-0681,PubMed,academic,Acute gastroenteritis and video camera surveillance: a cruise ship case report.,2014,,,https://doi.org/10.5603/MH.2014.0005,2026-05-14,en,pending_review
SR-0682,PubMed,academic,Long-lasting adverse effects after short-term low-dose treatment with metoclopramide for vomiting.,2014,,,https://doi.org/10.5603/MH.2014.0004,2026-05-14,en,pending_review
SR-0683,PubMed,academic,"Measles outbreak on a cruise ship in the western Mediterranean, February 2014, preliminary report.",2014,,,https://doi.org/10.2807/1560-7917.es2014.19.10.20735,2026-05-14,en,pending_review
SR-0684,PubMed,academic,Self-reported stomach upset in travellers on cruise-based and land-based package holidays.,2014,,,https://doi.org/10.1371/journal.pone.0083425,2026-05-14,en,excluded_irrelevant
SR-0685,PubMed,academic,"Point-of-care syndrome-based, rapid diagnosis of infections on commercial ships.",2014,,,https://doi.org/10.1111/jtm.12090,2026-05-14,en,pending_review
SR-0686,PubMed,academic,First vaccines targeting 'cruise ship virus' sail into clinical trials.,2013,,,https://doi.org/10.1038/nm0913-1076,2026-05-14,en,excluded_irrelevant
SR-0687,PubMed,academic,Early psychological care of the French victims of the Costa Concordia shipwreck.,2013,,,https://pubmed.ncbi.nlm.nih.gov/23788158/,2026-05-14,en,excluded_irrelevant
SR-0688,PubMed,academic,"Travel-associated Legionnaires' disease in Europe, 2010.",2013,,,https://doi.org/10.2807/ese.18.23.20498-en,2026-05-14,en,pending_review
SR-0689,PubMed,academic,"Rapid detection of norovirus in naturally contaminated food: foodborne gastroenteritis outbreak on a cruise ship in Brazil, 2010.",2012,,,https://doi.org/10.1007/s12560-012-9085-x,2026-05-14,en,pending_review
SR-0690,PubMed,academic,"Cluster of invasive Neisseria meningitidis infections on a cruise ship, Italy, October 2012.",2012,,,https://pubmed.ncbi.nlm.nih.gov/23241233/,2026-05-14,en,pending_review
SR-0691,PubMed,academic,"Measles, rubella, and varicella among the crew of a cruise ship sailing from Florida, United States, 2006.",2012,,,https://doi.org/10.1111/j.1708-8305.2012.00620.x,2026-05-14,en,pending_review
SR-0692,PubMed,academic,An outbreak of Cyclospora infection on a cruise ship.,2013,,,https://doi.org/10.1017/S0950268812001197,2026-05-14,en,pending_review
SR-0693,PubMed,academic,Water Safety Plan on cruise ships: a promising tool to prevent waterborne diseases.,2012,,,https://doi.org/10.1016/j.scitotenv.2012.04.018,2026-05-14,en,pending_review
SR-0694,PubMed,academic,Pandemic planning as risk management: how fared the Australian federation?,2012,,,https://pubmed.ncbi.nlm.nih.gov/22558906/,2026-05-14,en,pending_review
SR-0695,PubMed,academic,"Deaths in international travelers arriving in the United States, July 1, 2005 to June 30, 2008.",2012,,,https://doi.org/10.1111/j.1708-8305.2011.00586.x,2026-05-14,en,pending_review
SR-0696,PubMed,academic,"Disease transmission and passenger behaviors during a high morbidity Norovirus outbreak on a cruise ship, January 2009.",2011,,,https://doi.org/10.1093/cid/cir144,2026-05-14,en,pending_review
SR-0697,PubMed,academic,Varicella at sea: a two-year study on cruise ships.,2011,,,https://pubmed.ncbi.nlm.nih.gov/22544501/,2026-05-14,en,pending_review
SR-0698,PubMed,academic,Individualizing a capstone project: a cruise ship nurse creates a brochure about the Norwalk virus.,2011,,,https://doi.org/10.1097/NNE.0b013e3182001e42,2026-05-14,en,excluded_irrelevant
SR-0699,PubMed,academic,Outbreaks of pandemic (H1N1) 2009 and seasonal influenza A (H3N2) on cruise ship.,2010,,,https://doi.org/10.3201/eid1611.100477,2026-05-14,en,pending_review
SR-0700,PubMed,academic,Varicella among seafarers: a case study on testing and vaccination as a cost-effective method of prevention.,2010,,,https://pubmed.ncbi.nlm.nih.gov/20496326/,2026-05-14,en,pending_review
SR-0701,PubMed,academic,Passenger accidents and injuries reported during 3 years on a cruise ship.,2010,,,https://pubmed.ncbi.nlm.nih.gov/20496320/,2026-05-14,en,excluded_irrelevant
SR-0702,PubMed,academic,Norovirus outbreak in a cruise ship sailing around the British Isles: investigation and multi-agency management of an international outbreak.,2010,,,https://doi.org/10.1016/j.jinf.2010.03.018,2026-05-14,en,pending_review
SR-0703,PubMed,academic,Cardiovascular emergencies in cruise ship passengers.,2010,,,https://doi.org/10.1016/j.amjcard.2009.09.004,2026-05-14,en,excluded_irrelevant
SR-0704,PubMed,academic,Hepatitis E outbreak on cruise ship.,2009,,,https://doi.org/10.3201/eid1511.091094,2026-05-14,en,pending_review
SR-0705,PubMed,academic,Cruise ship environmental hygiene and the risk of norovirus infection outbreaks: an objective assessment of 56 vessels over 3 years.,2009,,,https://doi.org/10.1086/606058,2026-05-14,en,pending_review
SR-0706,PubMed,academic,Posttraumatic appendicitis: further extending the extended Focused Assessment with Sonography in Trauma examination.,2009,,,https://doi.org/10.1016/j.ajem.2008.09.014,2026-05-14,en,excluded_irrelevant
SR-0707,PubMed,academic,Tracking the transmission routes of genogroup II noroviruses in suspected food-borne or environmental outbreaks of gastroenteritis through sequence analysis of the P2 domain.,2009,,,https://doi.org/10.1002/jmv.21517,2026-05-14,en,pending_review
SR-0708,PubMed,academic,Interpopulation study of medical attendance aboard a cruise ship.,2008,,,https://pubmed.ncbi.nlm.nih.gov/19227739/,2026-05-14,en,excluded_irrelevant
SR-0709,PubMed,academic,Crew accidents reported during 3 years on a cruise ship.,2008,,,https://pubmed.ncbi.nlm.nih.gov/19227735/,2026-05-14,en,excluded_irrelevant
SR-0710,PubMed,academic,Gastrointestinal illness associated with a long-haul flight.,2009,,,https://doi.org/10.1017/S0950268808001027,2026-05-14,en,pending_review
SR-0711,PubMed,academic,"Passenger behaviors associated with norovirus infection on board a cruise ship--Alaska, May to June 2004.",2008,,,https://doi.org/10.1111/j.1708-8305.2008.00200.x,2026-05-14,en,pending_review
SR-0712,PubMed,academic,Passenger behaviors during norovirus outbreaks on cruise ships.,2008,,,https://doi.org/10.1111/j.1708-8305.2008.00199.x,2026-05-14,en,pending_review
SR-0713,PubMed,academic,Illness and injury to travellers on a premium expedition to Iceland.,2008,,,https://doi.org/10.1016/j.tmaid.2008.02.003,2026-05-14,en,pending_review
SR-0714,PubMed,academic,Dental practice during a world cruise: treatment needs and demands of crew.,2007,,,https://pubmed.ncbi.nlm.nih.gov/18350976/,2026-05-14,en,excluded_irrelevant
SR-0715,PubMed,academic,"Shipshape: sanitation inspections on cruise ships, 1990-2005, Vessel Sanitation Program, Centers for Disease Control and Prevention.",2008,,,https://pubmed.ncbi.nlm.nih.gov/18348387/,2026-05-14,en,pending_review
SR-0716,PubMed,academic,Transmission events within outbreaks of gastroenteritis determined through analysis of nucleotide sequences of the P2 domain of genogroup II noroviruses.,2008,,,https://doi.org/10.1128/JCM.02240-07,2026-05-14,en,pending_review
SR-0717,PubMed,academic,The Vessel Sanitation Program: government partnering with the cruise ship industry to improve public health.,2007,,,https://pubmed.ncbi.nlm.nih.gov/17941403/,2026-05-14,en,excluded_irrelevant
SR-0718,PubMed,academic,Outbreak of respiratory infection on a cruise ship.,2007,,,https://doi.org/10.2807/esw.12.32.03246-en,2026-05-14,en,pending_review
SR-0719,PubMed,academic,Significant injury in cruise ship passengers a case series.,2007,,,https://doi.org/10.1016/j.amepre.2007.05.004,2026-05-14,en,excluded_irrelevant
SR-0720,PubMed,academic,Injury and illness aboard an Antarctic cruise ship.,2007,,,https://doi.org/10.1580/06-weme-or-029r.1,2026-05-14,en,excluded_irrelevant
SR-0721,PubMed,academic,Inactivation of Norovirus by ozone gas in conditions relevant to healthcare.,2007,,,https://doi.org/10.1016/j.jhin.2006.12.021,2026-05-14,en,pending_review
SR-0722,PubMed,academic,"Legionnaires' disease outbreak associated with a cruise liner, August 2003: epidemiological and microbiological findings.",2007,,,https://doi.org/10.1017/S0950268806007473,2026-05-14,en,pending_review
SR-0723,PubMed,academic,Outbreak of Legionnaires' disease on a cruise ship linked to spa-bath filter stones contaminated with Legionella pneumophila serogroup 5.,2006,,,https://doi.org/10.1017/S095026880500508X,2026-05-14,en,pending_review
SR-0724,PubMed,academic,"Epidemiology of gastroenteritis on cruise ships, 2001-2004.",2006,,,https://doi.org/10.1016/j.amepre.2005.10.027,2026-05-14,en,pending_review
SR-0725,PubMed,academic,"Cruise-ship--associated Legionnaires disease, November 2003-May 2004.",2005,,,https://pubmed.ncbi.nlm.nih.gov/16292248/,2026-05-14,en,pending_review
SR-0726,PubMed,academic,Outbreak of Vibrio parahaemolyticus gastroenteritis associated with Alaskan oysters.,2005,,,https://doi.org/10.1056/NEJMoa051594,2026-05-14,en,pending_review
SR-0727,PubMed,academic,Coastal terrorism: using tabletop discussions to enhance coastal community infrastructure through relationship building.,2005,,,https://doi.org/10.1097/00124784-200511001-00008,2026-05-14,en,pending_review
SR-0728,PubMed,academic,Dealing with gastrointestinal illness on a cruise ship--Part 1: Description of sanitation measures. Part 2: An isolation study.,2004,,,https://pubmed.ncbi.nlm.nih.gov/15881540/,2026-05-14,en,pending_review
SR-0729,PubMed,academic,A burn mass casualty event due to boiler room explosion on a cruise ship: preparedness and outcomes.,2005,,,https://pubmed.ncbi.nlm.nih.gov/15869134/,2026-05-14,en,pending_review
SR-0730,PubMed,academic,Bound for Sydney town: health surveillance on international cruise vessels visiting the Port of Sydney.,2005,,,https://doi.org/10.5694/j.1326-5377.2005.tb06757.x,2026-05-14,en,pending_review
SR-0731,PubMed,academic,Focus on cruise ship travel.,2004,,,https://pubmed.ncbi.nlm.nih.gov/15713239/,2026-05-14,en,excluded_irrelevant
SR-0732,PubMed,academic,Norovirus transmission on cruise ship.,2005,,,https://doi.org/10.3201/eid1101.040434,2026-05-14,en,pending_review
SR-0733,PubMed,academic,Genetic diversity among sapoviruses.,2004,,,https://doi.org/10.1007/s00705-004-0296-9,2026-05-14,en,pending_review
SR-0734,PubMed,academic,Severe Legionella pneumophila pneumonia associated with the public bath on a cruise ship in Japan.,2004,,,https://doi.org/10.1007/s00540-003-0218-0,2026-05-14,en,pending_review
SR-0735,PubMed,academic,Molecular diversity of noroviruses associated with outbreaks on cruise ships: comparison with strains circulating within the UK.,2003,,,https://pubmed.ncbi.nlm.nih.gov/15067852/,2026-05-14,en,pending_review
SR-0736,PubMed,academic,The agony and the ecstasy.,2003,,,https://doi.org/10.1111/j.1572-0241.2003.07672.x,2026-05-14,en,pending_review
SR-0737,PubMed,academic,Outbreak of Legionnaires' disease on a cruise ship: lessons for international surveillance and control.,2003,,,https://pubmed.ncbi.nlm.nih.gov/12889297/,2026-05-14,en,pending_review
SR-0738,PubMed,academic,A large outbreak of influenza A and B on a cruise ship causing widespread morbidity.,2003,,,https://doi.org/10.1017/s0950268802008166,2026-05-14,en,pending_review
SR-0739,PubMed,academic,Large summertime influenza A outbreak among tourists in Alaska and the Yukon Territory.,2003,,,https://doi.org/10.1086/374053,2026-05-14,en,pending_review
SR-0740,PubMed,academic,"Diarrheal disease on cruise ships, 1990-2000: the impact of environmental health programs.",2003,,,https://doi.org/10.1016/s0749-3797(02)00644-x,2026-05-14,en,pending_review
SR-0741,PubMed,academic,Maritime health: a case for preventing influenza on the high seas.,2002,,,https://pubmed.ncbi.nlm.nih.gov/12608587/,2026-05-14,en,pending_review
SR-0742,PubMed,academic,Watching the Games: public health surveillance for the Sydney 2000 Olympic Games.,2003,,,https://doi.org/10.1136/jech.57.2.102,2026-05-14,en,pending_review
SR-0743,PubMed,academic,Cancer at sea: a case-control study among male Finnish seafarers.,2002,,,https://doi.org/10.1136/oem.59.9.613,2026-05-14,en,excluded_irrelevant
SR-0744,PubMed,academic,"Influenza B virus outbreak on a cruise ship--Northern Europe, 2000.",2001,,,https://pubmed.ncbi.nlm.nih.gov/11393483/,2026-05-14,en,pending_review
SR-0745,PubMed,academic,"From the Centers for Disease Control and Prevention. Influenza B virus outbreak in a cruise ship--Northern Europe, 2000.",2001,,,https://pubmed.ncbi.nlm.nih.gov/11324644/,2026-05-14,en,pending_review
SR-0746,PubMed,academic,Onshore catering increases the risk of diarrhoeal illness amongst cruise ship passengers.,2001,,,https://doi.org/10.33321/cdi.2001.25.5,2026-05-14,en,excluded_irrelevant
SR-0747,PubMed,academic,Cabin location and the likelihood of motion sickness in cruise ship passengers.,2000,,,https://doi.org/10.2310/7060.2000.00042,2026-05-14,en,excluded_irrelevant
SR-0748,PubMed,academic,Cruise ships: high-risk passengers and the global spread of new influenza viruses.,2000,,,https://doi.org/10.1086/313974,2026-05-14,en,pending_review
SR-0749,PubMed,academic,Presumptive summer influenza A: an outbreak on a trans-Tasman cruise.,2000,,,https://doi.org/10.33321/cdi.2000.24.6,2026-05-14,en,pending_review
SR-0750,PubMed,academic,Influenza activity in England and Wales: October 1998 to June 1999.,1999,,,https://pubmed.ncbi.nlm.nih.gov/10598385/,2026-05-14,en,pending_review
SR-0751,PubMed,academic,Influenza on a cruise ship in the Mediterranean.,1999,,,https://pubmed.ncbi.nlm.nih.gov/10405474/,2026-05-14,en,pending_review
SR-0752,PubMed,academic,Legionnaires' disease on a cruise ship linked to the water supply system: clinical and public health implications.,1999,,,https://doi.org/10.1086/515083,2026-05-14,en,pending_review
SR-0753,PubMed,academic,Descriptive epidemiology of injury and illness among cruise ship passengers.,1999,,,https://doi.org/10.1016/s0196-0644(99)70419-1,2026-05-14,en,pending_review
SR-0754,PubMed,academic,Legionella on board a cruise ship.,1998,,,https://pubmed.ncbi.nlm.nih.gov/9695289/,2026-05-14,en,pending_review
SR-0755,PubMed,academic,An outbreak of viral gastroenteritis on board a cruise liner.,1998,,,https://pubmed.ncbi.nlm.nih.gov/9604521/,2026-05-14,en,pending_review
SR-0756,PubMed,academic,Influenza A outbreak on a cruise ship.,1998,,,https://pubmed.ncbi.nlm.nih.gov/9553278/,2026-05-14,en,pending_review
SR-0757,PubMed,academic,An outbreak of Brainerd diarrhea among travelers to the Galapagos Islands.,1998,,,https://doi.org/10.1086/515237,2026-05-14,en,pending_review
SR-0758,PubMed,academic,"Rubella among crew members of commercial cruise ships--Florida, 1997.",1998,,,https://pubmed.ncbi.nlm.nih.gov/9436714/,2026-05-14,en,pending_review
SR-0759,PubMed,academic,"Update: influenza activity -- United States, 1997-98 season.",1997,,,https://pubmed.ncbi.nlm.nih.gov/9385880/,2026-05-14,en,pending_review
SR-0760,PubMed,academic,"Update: outbreaks of cyclosporiasis -- United States and Canada, 1997.",1997,,,https://pubmed.ncbi.nlm.nih.gov/9191032/,2026-05-14,en,pending_review
SR-0761,PubMed,academic,Entertainer wins settlement for denial of job on cruise ship.,1997,,,https://pubmed.ncbi.nlm.nih.gov/12162252/,2026-05-14,en,excluded_irrelevant
SR-0762,PubMed,academic,Shigellosis on an Italian cruise ship.,1996,,,https://doi.org/10.1016/S0140-6736(05)66219-8,2026-05-14,en,excluded_irrelevant
SR-0763,PubMed,academic,An outbreak of viral gastroenteritis on a cruise ship.,1996,,,https://pubmed.ncbi.nlm.nih.gov/8990576/,2026-05-14,en,pending_review
SR-0764,PubMed,academic,Perspectives in fatal epidemics.,1996,,,https://doi.org/10.1016/s0891-5520(05)70333-0,2026-05-14,en,pending_review
SR-0765,PubMed,academic,Crisis support following the Herald of Free-Enterprise disaster: a longitudinal perspective.,1996,,,https://doi.org/10.1007/BF02104105,2026-05-14,en,excluded_irrelevant
SR-0766,PubMed,academic,Colonic epithelial lymphocytosis associated with an epidemic of chronic diarrhea.,1996,,,https://doi.org/10.1097/00000478-199609000-00008,2026-05-14,en,pending_review
SR-0767,PubMed,academic,"Reported cholera in the United States, 1992-1994: a reflection of global changes in cholera epidemiology.",,,,https://pubmed.ncbi.nlm.nih.gov/8656543/,2026-05-14,en,pending_review
SR-0768,PubMed,academic,Prevalence of shigellosis in the U.S.: consistency with dose-response information.,1996,,,https://doi.org/10.1016/0168-1605(96)00993-2,2026-05-14,en,pending_review
SR-0769,PubMed,academic,Outbreak of Legionnaires' disease among cruise ship passengers exposed to a contaminated whirlpool spa.,1996,,,https://doi.org/10.1016/s0140-6736(96)91137-x,2026-05-14,en,pending_review
SR-0770,PubMed,academic,"Epidemiology of diarrheal disease outbreaks on cruise ships, 1986 through 1993.",1996,,,https://pubmed.ncbi.nlm.nih.gov/8606476/,2026-05-14,en,pending_review
SR-0771,PubMed,academic,Vibrio cholerae O139 Bengal infections among tourists to Southeast Asia: an intercontinental foodborne outbreak.,1995,,,https://doi.org/10.1093/infdis/172.5.1401,2026-05-14,en,pending_review
SR-0772,PubMed,academic,From the Centers for Disease Control and Prevention. Outbreak of Shigella flexneri 2a infections on a cruise ship.,1994,,,https://pubmed.ncbi.nlm.nih.gov/7933412/,2026-05-14,en,pending_review
SR-0773,PubMed,academic,"From the Centers for Disease Control and Prevention. Update: outbreak of Legionnaires' Disease associated with a cruise ship, 1994.",1994,,,https://pubmed.ncbi.nlm.nih.gov/8084051/,2026-05-14,en,pending_review
SR-0774,PubMed,academic,Outbreak of Shigella flexneri 2a infections on a cruise ship.,1994,,,https://pubmed.ncbi.nlm.nih.gov/8072477/,2026-05-14,en,pending_review
SR-0775,PubMed,academic,"Update: outbreak of Legionnaires' disease associated with a cruise ship, 1994.",1994,,,https://pubmed.ncbi.nlm.nih.gov/8047054/,2026-05-14,en,pending_review
SR-0776,PubMed,academic,"From the Centers for Disease Control and Prevention. Outbreak of pneumonia associated with a cruise ship, 1994.",1994,,,https://pubmed.ncbi.nlm.nih.gov/8040967/,2026-05-14,en,pending_review
SR-0777,PubMed,academic,"Outbreak of pneumonia associated with a cruise ship, 1994.",1994,,,https://pubmed.ncbi.nlm.nih.gov/8022399/,2026-05-14,en,pending_review
SR-0778,PubMed,academic,Characterization of a variant strain of Norwalk virus from a food-borne outbreak of gastroenteritis on a cruise ship in Hawaii.,1994,,,https://doi.org/10.1128/jcm.32.4.861-866.1994,2026-05-14,en,pending_review
SR-0779,PubMed,academic,Norwalk virus-associated gastroenteritis traced to ice consumption aboard a cruise ship in Hawaii: comparison and application of molecular method-based assays.,1994,,,https://doi.org/10.1128/jcm.32.2.318-322.1994,2026-05-14,en,pending_review
SR-0780,PubMed,academic,Causal attributions and post-traumatic stress in adolescents.,1993,,,https://doi.org/10.1111/j.1469-7610.1993.tb00982.x,2026-05-14,en,excluded_irrelevant
